t_h,Cbar,V_over_V0,beta
0.0000,2.550000,1.000000,
0.0167,2.539198,0.994994,0.463475
0.0333,2.529616,0.990042,0.488530
0.0500,2.520664,0.985145,0.506361
0.0667,2.512159,0.980305,0.520461
0.0833,2.504003,0.975522,0.532166
0.1000,2.496133,0.970797,0.542126
0.1167,2.488504,0.966132,0.550739
0.1333,2.481082,0.961526,0.558263
0.1500,2.473843,0.956981,0.564881
0.1667,2.466766,0.952497,0.570715
0.1833,2.459832,0.948076,0.575858
0.2000,2.453026,0.943718,0.580380
0.2167,2.446336,0.939425,0.584345
0.2333,2.439752,0.935196,0.587806
0.2500,2.433267,0.931033,0.590808
0.2667,2.426870,0.926937,0.593383
0.2833,2.420555,0.922908,0.595559
0.3000,2.414317,0.918947,0.597367
0.3167,2.408148,0.915056,0.598823
0.3333,2.402044,0.911234,0.599949
0.3500,2.396001,0.907483,0.600763
0.3667,2.390013,0.903803,0.601280
0.3833,2.384079,0.900196,0.601516
0.4000,2.378193,0.896661,0.601482
0.4167,2.372354,0.893201,0.601191
0.4333,2.366559,0.889815,0.600658
0.4500,2.360807,0.886504,0.599893
0.4667,2.355094,0.883270,0.598905
0.4833,2.349419,0.880112,0.597702
0.5000,2.343779,0.877032,0.596290
0.5167,2.338171,0.874037,0.594644
0.5333,2.332595,0.871131,0.592763
0.5500,2.327051,0.868306,0.590689
0.5667,2.321536,0.865560,0.588453
0.5833,2.316049,0.862885,0.586085
0.6000,2.310590,0.860277,0.583613
0.6167,2.305157,0.857731,0.581064
0.6333,2.299750,0.855241,0.578459
0.6500,2.294366,0.852802,0.575815
0.6667,2.289004,0.850409,0.573153
0.6833,2.283664,0.848058,0.570491
0.7000,2.278345,0.845742,0.567845
0.7167,2.273047,0.843457,0.565231
0.7333,2.267769,0.841199,0.562664
0.7500,2.262509,0.838961,0.560153
0.7667,2.257267,0.836739,0.557713
0.7833,2.252044,0.834528,0.555357
0.8000,2.246839,0.832324,0.553093
0.8167,2.241651,0.830121,0.550932
0.8333,2.236480,0.827914,0.548883
0.8500,2.231325,0.825699,0.546955
0.8667,2.226186,0.823471,0.545155
0.8833,2.221062,0.821225,0.543490
0.9000,2.215951,0.818957,0.541966
0.9167,2.210854,0.816661,0.540591
0.9333,2.205770,0.814333,0.539369
0.9500,2.200698,0.811969,0.538306
0.9667,2.195638,0.809563,0.537409
0.9833,2.190591,0.807111,0.536684
1.0000,2.185555,0.804609,0.536134
1.0167,2.180530,0.802063,0.535733
1.0333,2.175515,0.799484,0.535445
1.0500,2.170510,0.796875,0.535258
1.0667,2.165514,0.794239,0.535158
1.0833,2.160527,0.791579,0.535136
1.1000,2.155549,0.788898,0.535180
1.1167,2.150580,0.786197,0.535282
1.1333,2.145618,0.783481,0.535432
1.1500,2.140667,0.780752,0.535622
1.1667,2.135723,0.778012,0.535844
1.1833,2.130787,0.775264,0.536090
1.2000,2.125859,0.772512,0.536351
1.2167,2.120938,0.769757,0.536620
1.2333,2.116024,0.767002,0.536891
1.2500,2.111118,0.764250,0.537160
1.2667,2.106220,0.761504,0.537420
1.2833,2.101328,0.758765,0.537664
1.3000,2.096443,0.756038,0.537887
1.3167,2.091565,0.753323,0.538084
1.3333,2.086693,0.750625,0.538250
1.3500,2.081826,0.747944,0.538380
1.3667,2.076966,0.745285,0.538471
1.3833,2.072113,0.742649,0.538519
1.4000,2.067267,0.740038,0.538520
1.4167,2.062428,0.737456,0.538472
1.4333,2.057597,0.734904,0.538371
1.4500,2.052771,0.732386,0.538211
1.4667,2.047952,0.729903,0.537991
1.4833,2.043141,0.727457,0.537709
1.5000,2.038336,0.725052,0.537360
1.5167,2.033538,0.722655,0.537010
1.5333,2.028748,0.720234,0.536719
1.5500,2.023964,0.717795,0.536475
1.5667,2.019187,0.715341,0.536270
1.5833,2.014416,0.712877,0.536094
1.6000,2.009652,0.710407,0.535938
1.6167,2.004894,0.707935,0.535795
1.6333,2.000144,0.705466,0.535656
1.6500,1.995400,0.703005,0.535512
1.6667,1.990662,0.700554,0.535357
1.6833,1.985930,0.698119,0.535183
1.7000,1.981203,0.695704,0.534982
1.7167,1.976483,0.693312,0.534750
1.7333,1.971770,0.690948,0.534479
1.7500,1.967062,0.688616,0.534163
1.7667,1.962360,0.686320,0.533797
1.7833,1.957665,0.684064,0.533375
1.8000,1.952977,0.681851,0.532892
1.8167,1.948297,0.679687,0.532344
1.8333,1.943624,0.677574,0.531725
1.8500,1.938958,0.675518,0.531031
1.8667,1.934301,0.673521,0.530258
1.8833,1.929652,0.671587,0.529401
1.9000,1.925010,0.669721,0.528455
1.9167,1.920378,0.667926,0.527418
1.9333,1.915754,0.666207,0.526284
1.9500,1.911138,0.664566,0.525050
1.9667,1.906531,0.663008,0.523711
1.9833,1.901935,0.661537,0.522267
2.0000,1.897347,0.660156,0.520711
2.0167,1.892769,0.658847,0.519077
2.0333,1.888201,0.657585,0.517401
2.0500,1.883646,0.656367,0.515691
2.0667,1.879102,0.655193,0.513949
2.0833,1.874571,0.654057,0.512182
2.1000,1.870050,0.652959,0.510392
2.1167,1.865541,0.651896,0.508583
2.1333,1.861045,0.650865,0.506760
2.1500,1.856560,0.649863,0.504928
2.1667,1.852087,0.648888,0.503089
2.1833,1.847625,0.647938,0.501246
2.2000,1.843175,0.647009,0.499403
2.2167,1.838736,0.646100,0.497565
2.2333,1.834309,0.645208,0.495733
2.2500,1.829895,0.644330,0.493914
2.2667,1.825494,0.643465,0.492108
2.2833,1.821104,0.642609,0.490319
2.3000,1.816726,0.641759,0.488550
2.3167,1.812361,0.640915,0.486803
2.3333,1.808008,0.640072,0.485083
2.3500,1.803668,0.639230,0.483391
2.3667,1.799339,0.638384,0.481730
2.3833,1.795021,0.637534,0.480101
2.4000,1.790716,0.636675,0.478509
2.4167,1.786423,0.635807,0.476956
2.4333,1.782142,0.634926,0.475444
2.4500,1.777872,0.634030,0.473975
2.4667,1.773613,0.633118,0.472551
2.4833,1.769367,0.632185,0.471176
2.5000,1.765133,0.631230,0.469850
2.5167,1.760910,0.630265,0.468558
2.5333,1.756697,0.629303,0.467283
2.5500,1.752496,0.628343,0.466025
2.5667,1.748305,0.627386,0.464783
2.5833,1.744126,0.626430,0.463559
2.6000,1.739958,0.625475,0.462352
2.6167,1.735800,0.624522,0.461162
2.6333,1.731653,0.623569,0.459989
2.6500,1.727515,0.622617,0.458833
2.6667,1.723390,0.621665,0.457694
2.6833,1.719275,0.620713,0.456573
2.7000,1.715170,0.619761,0.455469
2.7167,1.711076,0.618808,0.454382
2.7333,1.706994,0.617853,0.453314
2.7500,1.702921,0.616897,0.452263
2.7667,1.698859,0.615940,0.451230
2.7833,1.694806,0.614980,0.450214
2.8000,1.690763,0.614018,0.449215
2.8167,1.686732,0.613053,0.448235
2.8333,1.682709,0.612085,0.447272
2.8500,1.678696,0.611114,0.446326
2.8667,1.674694,0.610140,0.445399
2.8833,1.670702,0.609161,0.444489
2.9000,1.666718,0.608178,0.443597
2.9167,1.662745,0.607191,0.442724
2.9333,1.658784,0.606199,0.441869
2.9500,1.654831,0.605202,0.441032
2.9667,1.650888,0.604199,0.440213
2.9833,1.646954,0.603191,0.439412
3.0000,1.643028,0.602176,0.438629
3.0167,1.639110,0.601150,0.437869
3.0333,1.635202,0.600109,0.437136
3.0500,1.631303,0.599053,0.436430
3.0667,1.627415,0.597984,0.435749
3.0833,1.623535,0.596904,0.435091
3.1000,1.619664,0.595813,0.434452
3.1167,1.615802,0.594714,0.433833
3.1333,1.611949,0.593607,0.433231
3.1500,1.608105,0.592494,0.432644
3.1667,1.604271,0.591377,0.432072
3.1833,1.600443,0.590256,0.431511
3.2000,1.596625,0.589132,0.430962
3.2167,1.592815,0.588008,0.430420
3.2333,1.589012,0.586884,0.429886
3.2500,1.585218,0.585762,0.429359
3.2667,1.581433,0.584644,0.428836
3.2833,1.577656,0.583529,0.428317
3.3000,1.573888,0.582420,0.427799
3.3167,1.570128,0.581319,0.427282
3.3333,1.566376,0.580225,0.426763
3.3500,1.562631,0.579141,0.426243
3.3667,1.558894,0.578068,0.425718
3.3833,1.555164,0.577007,0.425189
3.4000,1.551444,0.575960,0.424654
3.4167,1.547734,0.574927,0.424112
3.4333,1.544032,0.573909,0.423563
3.4500,1.540337,0.572909,0.423003
3.4667,1.536650,0.571928,0.422433
3.4833,1.532972,0.570966,0.421851
3.5000,1.529302,0.570025,0.421256
3.5167,1.525641,0.569100,0.420653
3.5333,1.521987,0.568187,0.420046
3.5500,1.518341,0.567284,0.419437
3.5667,1.514703,0.566391,0.418825
3.5833,1.511074,0.565508,0.418213
3.6000,1.507453,0.564634,0.417598
3.6167,1.503841,0.563769,0.416983
3.6333,1.500238,0.562913,0.416368
3.6500,1.496643,0.562064,0.415752
3.6667,1.493055,0.561223,0.415137
3.6833,1.489476,0.560390,0.414522
3.7000,1.485906,0.559563,0.413908
3.7167,1.482343,0.558743,0.413295
3.7333,1.478789,0.557928,0.412684
3.7500,1.475243,0.557119,0.412075
3.7667,1.471705,0.556316,0.411468
3.7833,1.468175,0.555517,0.410864
3.8000,1.464653,0.554722,0.410263
3.8167,1.461139,0.553932,0.409665
3.8333,1.457635,0.553145,0.409071
3.8500,1.454138,0.552361,0.408481
3.8667,1.450649,0.551580,0.407895
3.8833,1.447168,0.550801,0.407314
3.9000,1.443694,0.550024,0.406737
3.9167,1.440229,0.549249,0.406166
3.9333,1.436771,0.548475,0.405600
3.9500,1.433322,0.547701,0.405039
3.9667,1.429881,0.546929,0.404485
3.9833,1.426447,0.546156,0.403937
4.0000,1.423022,0.545382,0.403395
4.0167,1.419604,0.544608,0.402861
4.0333,1.416194,0.543833,0.402333
4.0500,1.412791,0.543057,0.401810
4.0667,1.409395,0.542282,0.401294
4.0833,1.406007,0.541507,0.400783
4.1000,1.402626,0.540733,0.400277
4.1167,1.399252,0.539959,0.399775
4.1333,1.395886,0.539188,0.399278
4.1500,1.392527,0.538419,0.398784
4.1667,1.389175,0.537652,0.398293
4.1833,1.385831,0.536888,0.397805
4.2000,1.382494,0.536127,0.397320
4.2167,1.379165,0.535370,0.396836
4.2333,1.375843,0.534617,0.396355
4.2500,1.372528,0.533869,0.395875
4.2667,1.369220,0.533125,0.395395
4.2833,1.365920,0.532387,0.394917
4.3000,1.362626,0.531654,0.394439
4.3167,1.359341,0.530928,0.393960
4.3333,1.356062,0.530208,0.393481
4.3500,1.352791,0.529495,0.393002
4.3667,1.349527,0.528789,0.392521
4.3833,1.346270,0.528091,0.392039
4.4000,1.343021,0.527401,0.391556
4.4167,1.339779,0.526719,0.391070
4.4333,1.336545,0.526046,0.390582
4.4500,1.333317,0.525383,0.390091
4.4667,1.330097,0.524729,0.389597
4.4833,1.326885,0.524086,0.389100
4.5000,1.323679,0.523452,0.388600
4.5167,1.320482,0.522831,0.388094
4.5333,1.317291,0.522221,0.387584
4.5500,1.314108,0.521624,0.387070
4.5667,1.310933,0.521037,0.386551
4.5833,1.307765,0.520460,0.386030
4.6000,1.304604,0.519892,0.385507
4.6167,1.301452,0.519332,0.384982
4.6333,1.298306,0.518779,0.384455
4.6500,1.295168,0.518234,0.383929
4.6667,1.292038,0.517694,0.383402
4.6833,1.288915,0.517160,0.382877
4.7000,1.285800,0.516630,0.382353
4.7167,1.282693,0.516103,0.381831
4.7333,1.279592,0.515579,0.381311
4.7500,1.276500,0.515058,0.380795
4.7667,1.273415,0.514537,0.380282
4.7833,1.270337,0.514017,0.379774
4.8000,1.267267,0.513496,0.379271
4.8167,1.264205,0.512975,0.378773
4.8333,1.261150,0.512451,0.378282
4.8500,1.258102,0.511925,0.377797
4.8667,1.255062,0.511396,0.377319
4.8833,1.252029,0.510862,0.376848
4.9000,1.249003,0.510323,0.376386
4.9167,1.245984,0.509779,0.375932
4.9333,1.242973,0.509228,0.375487
4.9500,1.239969,0.508670,0.375052
4.9667,1.236972,0.508104,0.374628
4.9833,1.233982,0.507529,0.374213
5.0000,1.231000,0.506944,0.373810
5.0167,1.228024,0.506350,0.373418
5.0333,1.225055,0.505746,0.373037
5.0500,1.222093,0.505134,0.372666
5.0667,1.219137,0.504514,0.372304
5.0833,1.216189,0.503887,0.371951
5.1000,1.213247,0.503254,0.371607
5.1167,1.210312,0.502614,0.371270
5.1333,1.207383,0.501970,0.370940
5.1500,1.204461,0.501322,0.370616
5.1667,1.201545,0.500669,0.370298
5.1833,1.198636,0.500014,0.369986
5.2000,1.195734,0.499357,0.369679
5.2167,1.192837,0.498698,0.369375
5.2333,1.189948,0.498038,0.369076
5.2500,1.187064,0.497378,0.368779
5.2667,1.184187,0.496718,0.368486
5.2833,1.181317,0.496059,0.368194
5.3000,1.178452,0.495402,0.367904
5.3167,1.175594,0.494748,0.367615
5.3333,1.172742,0.494097,0.367327
5.3500,1.169897,0.493449,0.367039
5.3667,1.167058,0.492806,0.366750
5.3833,1.164225,0.492168,0.366461
5.4000,1.161398,0.491536,0.366170
5.4167,1.158578,0.490910,0.365877
5.4333,1.155764,0.490292,0.365582
5.4500,1.152956,0.489681,0.365285
5.4667,1.150155,0.489079,0.364984
5.4833,1.147360,0.488486,0.364680
5.5000,1.144571,0.487902,0.364371
5.5167,1.141789,0.487325,0.364061
5.5333,1.139013,0.486749,0.363753
5.5500,1.136243,0.486175,0.363446
5.5667,1.133480,0.485604,0.363141
5.5833,1.130723,0.485035,0.362836
5.6000,1.127972,0.484468,0.362533
5.6167,1.125228,0.483904,0.362231
5.6333,1.122490,0.483342,0.361929
5.6500,1.119758,0.482784,0.361628
5.6667,1.117032,0.482228,0.361328
5.6833,1.114313,0.481676,0.361029
5.7000,1.111601,0.481127,0.360730
5.7167,1.108894,0.480581,0.360431
5.7333,1.106194,0.480039,0.360132
5.7500,1.103500,0.479500,0.359834
5.7667,1.100812,0.478966,0.359535
5.7833,1.098131,0.478435,0.359237
5.8000,1.095456,0.477909,0.358938
5.8167,1.092787,0.477387,0.358639
5.8333,1.090125,0.476870,0.358339
5.8500,1.087469,0.476357,0.358039
5.8667,1.084819,0.475848,0.357739
5.8833,1.082175,0.475345,0.357437
5.9000,1.079538,0.474846,0.357135
5.9167,1.076907,0.474353,0.356832
5.9333,1.074283,0.473865,0.356528
5.9500,1.071664,0.473383,0.356223
5.9667,1.069052,0.472906,0.355917
5.9833,1.066447,0.472434,0.355609
6.0000,1.063847,0.471969,0.355301
6.0167,1.061254,0.471510,0.354990
6.0333,1.058668,0.471059,0.354677
6.0500,1.056087,0.470614,0.354362
6.0667,1.053513,0.470176,0.354045
6.0833,1.050946,0.469744,0.353727
6.1000,1.048385,0.469317,0.353408
6.1167,1.045830,0.468896,0.353088
6.1333,1.043282,0.468479,0.352767
6.1500,1.040740,0.468067,0.352446
6.1667,1.038204,0.467658,0.352126
6.1833,1.035675,0.467253,0.351805
6.2000,1.033153,0.466851,0.351485
6.2167,1.030636,0.466452,0.351165
6.2333,1.028126,0.466055,0.350847
6.2500,1.025623,0.465660,0.350530
6.2667,1.023126,0.465267,0.350214
6.2833,1.020635,0.464875,0.349900
6.3000,1.018151,0.464483,0.349589
6.3167,1.015673,0.464091,0.349279
6.3333,1.013201,0.463699,0.348973
6.3500,1.010736,0.463307,0.348669
6.3667,1.008277,0.462914,0.348368
6.3833,1.005824,0.462519,0.348070
6.4000,1.003378,0.462123,0.347776
6.4167,1.000938,0.461724,0.347485
6.4333,0.998504,0.461323,0.347199
6.4500,0.996076,0.460919,0.346916
6.4667,0.993654,0.460511,0.346638
6.4833,0.991239,0.460100,0.346365
6.5000,0.988830,0.459684,0.346097
6.5167,0.986427,0.459264,0.345833
6.5333,0.984029,0.458841,0.345574
6.5500,0.981638,0.458415,0.345319
6.5667,0.979253,0.457986,0.345068
6.5833,0.976875,0.457554,0.344820
6.6000,0.974502,0.457120,0.344576
6.6167,0.972135,0.456685,0.344336
6.6333,0.969773,0.456248,0.344098
6.6500,0.967418,0.455809,0.343863
6.6667,0.965069,0.455370,0.343630
6.6833,0.962726,0.454930,0.343400
6.7000,0.960388,0.454490,0.343172
6.7167,0.958056,0.454050,0.342945
6.7333,0.955731,0.453611,0.342721
6.7500,0.953411,0.453172,0.342498
6.7667,0.951096,0.452734,0.342276
6.7833,0.948788,0.452298,0.342055
6.8000,0.946485,0.451863,0.341835
6.8167,0.944189,0.451430,0.341615
6.8333,0.941898,0.451000,0.341396
6.8500,0.939612,0.450572,0.341178
6.8667,0.937333,0.450147,0.340959
6.8833,0.935059,0.449725,0.340740
6.9000,0.932791,0.449307,0.340520
6.9167,0.930529,0.448893,0.340300
6.9333,0.928273,0.448483,0.340080
6.9500,0.926022,0.448078,0.339858
6.9667,0.923777,0.447678,0.339635
6.9833,0.921538,0.447282,0.339411
7.0000,0.919305,0.446892,0.339185
7.0167,0.917077,0.446505,0.338960
7.0333,0.914855,0.446116,0.338737
7.0500,0.912639,0.445727,0.338516
7.0667,0.910429,0.445338,0.338297
7.0833,0.908225,0.444948,0.338080
7.1000,0.906026,0.444560,0.337864
7.1167,0.903833,0.444172,0.337650
7.1333,0.901645,0.443785,0.337436
7.1500,0.899463,0.443400,0.337224
7.1667,0.897287,0.443017,0.337012
7.1833,0.895117,0.442636,0.336800
7.2000,0.892952,0.442257,0.336588
7.2167,0.890793,0.441881,0.336377
7.2333,0.888640,0.441509,0.336165
7.2500,0.886492,0.441140,0.335953
7.2667,0.884350,0.440775,0.335740
7.2833,0.882213,0.440414,0.335526
7.3000,0.880083,0.440058,0.335311
7.3167,0.877957,0.439706,0.335095
7.3333,0.875838,0.439360,0.334878
7.3500,0.873724,0.439019,0.334659
7.3667,0.871616,0.438685,0.334438
7.3833,0.869514,0.438356,0.334215
7.4000,0.867417,0.438035,0.333990
7.4167,0.865326,0.437720,0.333762
7.4333,0.863241,0.437412,0.333532
7.4500,0.861161,0.437112,0.333299
7.4667,0.859087,0.436820,0.333063
7.4833,0.857019,0.436536,0.332824
7.5000,0.854957,0.436260,0.332581
7.5167,0.852900,0.435993,0.332336
7.5333,0.850849,0.435734,0.332087
7.5500,0.848804,0.435482,0.331836
7.5667,0.846765,0.435237,0.331583
7.5833,0.844732,0.434998,0.331327
7.6000,0.842704,0.434765,0.331071
7.6167,0.840683,0.434537,0.330812
7.6333,0.838667,0.434314,0.330553
7.6500,0.836657,0.434095,0.330293
7.6667,0.834652,0.433881,0.330032
7.6833,0.832654,0.433669,0.329771
7.7000,0.830662,0.433461,0.329510
7.7167,0.828675,0.433255,0.329249
7.7333,0.826694,0.433051,0.328989
7.7500,0.824719,0.432849,0.328730
7.7667,0.822750,0.432648,0.328471
7.7833,0.820786,0.432447,0.328214
7.8000,0.818829,0.432247,0.327959
7.8167,0.816877,0.432046,0.327706
7.8333,0.814931,0.431844,0.327454
7.8500,0.812990,0.431641,0.327205
7.8667,0.811056,0.431437,0.326959
7.8833,0.809127,0.431230,0.326715
7.9000,0.807203,0.431020,0.326475
7.9167,0.805286,0.430807,0.326238
7.9333,0.803374,0.430591,0.326005
7.9500,0.801468,0.430371,0.325776
7.9667,0.799567,0.430146,0.325550
7.9833,0.797672,0.429916,0.325330
8.0000,0.795782,0.429680,0.325113
8.0167,0.793898,0.429439,0.324902
8.0333,0.792020,0.429191,0.324696
8.0500,0.790146,0.428938,0.324494
8.0667,0.788279,0.428679,0.324297
8.0833,0.786416,0.428417,0.324103
8.1000,0.784559,0.428150,0.323914
8.1167,0.782708,0.427879,0.323727
8.1333,0.780861,0.427606,0.323544
8.1500,0.779020,0.427330,0.323364
8.1667,0.777184,0.427052,0.323185
8.1833,0.775354,0.426772,0.323010
8.2000,0.773528,0.426492,0.322836
8.2167,0.771708,0.426211,0.322663
8.2333,0.769893,0.425930,0.322492
8.2500,0.768083,0.425649,0.322322
8.2667,0.766279,0.425370,0.322152
8.2833,0.764479,0.425092,0.321983
8.3000,0.762685,0.424817,0.321814
8.3167,0.760896,0.424543,0.321645
8.3333,0.759112,0.424273,0.321475
8.3500,0.757333,0.424007,0.321305
8.3667,0.755559,0.423744,0.321134
8.3833,0.753790,0.423486,0.320961
8.4000,0.752026,0.423233,0.320787
8.4167,0.750268,0.422986,0.320611
8.4333,0.748515,0.422745,0.320433
8.4500,0.746766,0.422510,0.320252
8.4667,0.745023,0.422282,0.320069
8.4833,0.743285,0.422062,0.319883
8.5000,0.741552,0.421850,0.319694
8.5167,0.739825,0.421645,0.319502
8.5333,0.738102,0.421446,0.319308
8.5500,0.736385,0.421252,0.319113
8.5667,0.734673,0.421063,0.318916
8.5833,0.732966,0.420878,0.318718
8.6000,0.731264,0.420697,0.318519
8.6167,0.729567,0.420520,0.318320
8.6333,0.727875,0.420347,0.318119
8.6500,0.726189,0.420177,0.317918
8.6667,0.724508,0.420009,0.317718
8.6833,0.722831,0.419844,0.317517
8.7000,0.721160,0.419680,0.317316
8.7167,0.719495,0.419519,0.317115
8.7333,0.717834,0.419358,0.316915
8.7500,0.716178,0.419199,0.316716
8.7667,0.714527,0.419040,0.316518
8.7833,0.712882,0.418881,0.316321
8.8000,0.711242,0.418722,0.316125
8.8167,0.709606,0.418562,0.315931
8.8333,0.707976,0.418402,0.315739
8.8500,0.706351,0.418240,0.315548
8.8667,0.704730,0.418077,0.315359
8.8833,0.703115,0.417912,0.315173
8.9000,0.701505,0.417744,0.314989
8.9167,0.699899,0.417574,0.314808
8.9333,0.698299,0.417401,0.314629
8.9500,0.696703,0.417224,0.314454
8.9667,0.695113,0.417044,0.314281
8.9833,0.693527,0.416859,0.314112
9.0000,0.691946,0.416670,0.313947
9.0167,0.690370,0.416477,0.313785
9.0333,0.688799,0.416279,0.313626
9.0500,0.687232,0.416077,0.313471
9.0667,0.685670,0.415871,0.313319
9.0833,0.684113,0.415661,0.313169
9.1000,0.682561,0.415449,0.313023
9.1167,0.681013,0.415234,0.312879
9.1333,0.679470,0.415016,0.312737
9.1500,0.677932,0.414796,0.312598
9.1667,0.676398,0.414574,0.312460
9.1833,0.674869,0.414351,0.312324
9.2000,0.673344,0.414127,0.312190
9.2167,0.671824,0.413901,0.312057
9.2333,0.670308,0.413675,0.311926
9.2500,0.668797,0.413449,0.311796
9.2667,0.667291,0.413223,0.311666
9.2833,0.665789,0.412997,0.311538
9.3000,0.664291,0.412772,0.311410
9.3167,0.662798,0.412548,0.311282
9.3333,0.661310,0.412325,0.311155
9.3500,0.659826,0.412104,0.311027
9.3667,0.658346,0.411885,0.310900
9.3833,0.656871,0.411668,0.310772
9.4000,0.655400,0.411454,0.310644
9.4167,0.653933,0.411242,0.310515
9.4333,0.652472,0.411034,0.310386
9.4500,0.651014,0.410830,0.310255
9.4667,0.649561,0.410629,0.310124
9.4833,0.648112,0.410432,0.309991
9.5000,0.646668,0.410240,0.309856
9.5167,0.645228,0.410051,0.309721
9.5333,0.643792,0.409864,0.309586
9.5500,0.642361,0.409679,0.309451
9.5667,0.640935,0.409495,0.309316
9.5833,0.639512,0.409313,0.309181
9.6000,0.638094,0.409132,0.309046
9.6167,0.636680,0.408953,0.308912
9.6333,0.635271,0.408776,0.308777
9.6500,0.633866,0.408599,0.308643
9.6667,0.632465,0.408425,0.308508
9.6833,0.631069,0.408251,0.308374
9.7000,0.629677,0.408079,0.308240
9.7167,0.628289,0.407908,0.308107
9.7333,0.626906,0.407738,0.307974
9.7500,0.625527,0.407569,0.307841
9.7667,0.624152,0.407401,0.307708
9.7833,0.622781,0.407234,0.307576
9.8000,0.621415,0.407068,0.307444
9.8167,0.620053,0.406903,0.307312
9.8333,0.618695,0.406739,0.307181
9.8500,0.617341,0.406576,0.307051
9.8667,0.615992,0.406413,0.306921
9.8833,0.614647,0.406251,0.306791
9.9000,0.613305,0.406090,0.306662
9.9167,0.611969,0.405929,0.306533
9.9333,0.610636,0.405769,0.306405
9.9500,0.609307,0.405609,0.306278
9.9667,0.607983,0.405450,0.306151
9.9833,0.606662,0.405291,0.306025
10.0000,0.605346,0.405132,0.305899
10.0167,0.604034,0.404974,0.305774
10.0333,0.602726,0.404817,0.305650
10.0500,0.601422,0.404660,0.305526
10.0667,0.600123,0.404503,0.305402
10.0833,0.598827,0.404348,0.305279
10.1000,0.597535,0.404193,0.305156
10.1167,0.596248,0.404038,0.305034
10.1333,0.594964,0.403885,0.304913
10.1500,0.593684,0.403732,0.304792
10.1667,0.592409,0.403579,0.304671
10.1833,0.591137,0.403427,0.304550
10.2000,0.589870,0.403277,0.304431
10.2167,0.588606,0.403126,0.304311
10.2333,0.587346,0.402977,0.304192
10.2500,0.586091,0.402828,0.304073
10.2667,0.584839,0.402680,0.303955
10.2833,0.583591,0.402532,0.303837
10.3000,0.582347,0.402386,0.303719
10.3167,0.581107,0.402240,0.303602
10.3333,0.579871,0.402095,0.303485
10.3500,0.578639,0.401951,0.303369
10.3667,0.577411,0.401807,0.303253
10.3833,0.576187,0.401664,0.303137
10.4000,0.574966,0.401523,0.303021
10.4167,0.573749,0.401382,0.302906
10.4333,0.572537,0.401241,0.302791
10.4500,0.571328,0.401102,0.302677
10.4667,0.570123,0.400963,0.302562
10.4833,0.568921,0.400826,0.302448
10.5000,0.567724,0.400689,0.302335
10.5167,0.566530,0.400554,0.302221
10.5333,0.565340,0.400420,0.302107
10.5500,0.564154,0.400288,0.301993
10.5667,0.562971,0.400158,0.301879
10.5833,0.561793,0.400029,0.301765
10.6000,0.560618,0.399902,0.301651
10.6167,0.559447,0.399775,0.301537
10.6333,0.558279,0.399650,0.301423
10.6500,0.557116,0.399526,0.301309
10.6667,0.555956,0.399402,0.301196
10.6833,0.554799,0.399280,0.301083
10.7000,0.553647,0.399157,0.300970
10.7167,0.552498,0.399035,0.300858
10.7333,0.551353,0.398914,0.300747
10.7500,0.550211,0.398792,0.300636
10.7667,0.549073,0.398671,0.300525
10.7833,0.547939,0.398549,0.300416
10.8000,0.546808,0.398427,0.300307
10.8167,0.545681,0.398305,0.300199
10.8333,0.544558,0.398183,0.300092
10.8500,0.543438,0.398059,0.299986
10.8667,0.542321,0.397935,0.299881
10.8833,0.541209,0.397810,0.299777
10.9000,0.540100,0.397684,0.299674
10.9167,0.538994,0.397557,0.299573
10.9333,0.537892,0.397429,0.299473
10.9500,0.536793,0.397299,0.299374
10.9667,0.535698,0.397168,0.299276
10.9833,0.534606,0.397035,0.299180
11.0000,0.533518,0.396900,0.299085
11.0167,0.532434,0.396763,0.298992
11.0333,0.531352,0.396623,0.298902
11.0500,0.530274,0.396480,0.298813
11.0667,0.529200,0.396335,0.298726
11.0833,0.528129,0.396188,0.298640
11.1000,0.527061,0.396038,0.298557
11.1167,0.525997,0.395887,0.298474
11.1333,0.524936,0.395735,0.298393
11.1500,0.523878,0.395582,0.298313
11.1667,0.522824,0.395427,0.298234
11.1833,0.521772,0.395272,0.298156
11.2000,0.520725,0.395116,0.298079
11.2167,0.519680,0.394960,0.298002
11.2333,0.518639,0.394804,0.297926
11.2500,0.517601,0.394649,0.297851
11.2667,0.516566,0.394493,0.297775
11.2833,0.515534,0.394339,0.297700
11.3000,0.514506,0.394185,0.297625
11.3167,0.513481,0.394033,0.297550
11.3333,0.512459,0.393882,0.297475
11.3500,0.511440,0.393733,0.297400
11.3667,0.510425,0.393585,0.297324
11.3833,0.509412,0.393440,0.297248
11.4000,0.508403,0.393297,0.297171
11.4167,0.507397,0.393157,0.297093
11.4333,0.506394,0.393019,0.297015
11.4500,0.505395,0.392885,0.296935
11.4667,0.504398,0.392754,0.296855
11.4833,0.503405,0.392626,0.296773
11.5000,0.502414,0.392502,0.296690
11.5167,0.501427,0.392381,0.296606
11.5333,0.500443,0.392262,0.296522
11.5500,0.499462,0.392144,0.296438
11.5667,0.498485,0.392027,0.296353
11.5833,0.497510,0.391912,0.296268
11.6000,0.496538,0.391798,0.296184
11.6167,0.495570,0.391686,0.296099
11.6333,0.494605,0.391574,0.296014
11.6500,0.493642,0.391465,0.295929
11.6667,0.492683,0.391356,0.295844
11.6833,0.491727,0.391248,0.295758
11.7000,0.490774,0.391142,0.295673
11.7167,0.489824,0.391037,0.295588
11.7333,0.488877,0.390932,0.295503
11.7500,0.487933,0.390829,0.295418
11.7667,0.486992,0.390727,0.295332
11.7833,0.486054,0.390625,0.295247
11.8000,0.485119,0.390525,0.295162
11.8167,0.484187,0.390425,0.295077
11.8333,0.483258,0.390327,0.294992
11.8500,0.482332,0.390229,0.294908
11.8667,0.481409,0.390132,0.294823
11.8833,0.480489,0.390035,0.294739
11.9000,0.479572,0.389939,0.294654
11.9167,0.478658,0.389844,0.294570
11.9333,0.477747,0.389749,0.294487
11.9500,0.476839,0.389655,0.294403
11.9667,0.475933,0.389562,0.294320
11.9833,0.475031,0.389469,0.294236
12.0000,0.474131,0.389376,0.294153
12.0167,0.473235,0.389284,0.294071
12.0333,0.472341,0.389194,0.293988
12.0500,0.471450,0.389104,0.293905
12.0667,0.470562,0.389016,0.293822
12.0833,0.469677,0.388928,0.293739
12.1000,0.468795,0.388841,0.293656
12.1167,0.467915,0.388756,0.293573
12.1333,0.467039,0.388671,0.293490
12.1500,0.466165,0.388587,0.293408
12.1667,0.465294,0.388503,0.293325
12.1833,0.464426,0.388421,0.293243
12.2000,0.463561,0.388338,0.293161
12.2167,0.462698,0.388257,0.293079
12.2333,0.461838,0.388175,0.292997
12.2500,0.460981,0.388094,0.292915
12.2667,0.460127,0.388014,0.292834
12.2833,0.459275,0.387933,0.292753
12.3000,0.458427,0.387853,0.292673
12.3167,0.457581,0.387773,0.292593
12.3333,0.456737,0.387693,0.292513
12.3500,0.455897,0.387613,0.292434
12.3667,0.455059,0.387533,0.292355
12.3833,0.454224,0.387453,0.292277
12.4000,0.453391,0.387373,0.292199
12.4167,0.452562,0.387292,0.292122
12.4333,0.451735,0.387212,0.292045
12.4500,0.450910,0.387130,0.291969
12.4667,0.450088,0.387049,0.291894
12.4833,0.449269,0.386967,0.291819
12.5000,0.448453,0.386884,0.291745
12.5167,0.447639,0.386801,0.291672
12.5333,0.446827,0.386718,0.291598
12.5500,0.446019,0.386635,0.291526
12.5667,0.445212,0.386552,0.291453
12.5833,0.444409,0.386469,0.291382
12.6000,0.443608,0.386387,0.291310
12.6167,0.442810,0.386304,0.291239
12.6333,0.442014,0.386221,0.291168
12.6500,0.441220,0.386138,0.291098
12.6667,0.440430,0.386055,0.291028
12.6833,0.439641,0.385972,0.290959
12.7000,0.438856,0.385889,0.290890
12.7167,0.438072,0.385807,0.290821
12.7333,0.437292,0.385724,0.290753
12.7500,0.436513,0.385641,0.290685
12.7667,0.435738,0.385558,0.290618
12.7833,0.434964,0.385475,0.290550
12.8000,0.434193,0.385393,0.290484
12.8167,0.433425,0.385310,0.290417
12.8333,0.432659,0.385227,0.290351
12.8500,0.431896,0.385144,0.290286
12.8667,0.431135,0.385062,0.290221
12.8833,0.430376,0.384979,0.290156
12.9000,0.429620,0.384896,0.290091
12.9167,0.428866,0.384813,0.290027
12.9333,0.428114,0.384731,0.289963
12.9500,0.427365,0.384648,0.289900
12.9667,0.426619,0.384565,0.289837
12.9833,0.425874,0.384483,0.289774
13.0000,0.425132,0.384400,0.289712
13.0167,0.424393,0.384317,0.289650
13.0333,0.423655,0.384233,0.289589
13.0500,0.422920,0.384149,0.289529
13.0667,0.422188,0.384064,0.289469
13.0833,0.421457,0.383979,0.289410
13.1000,0.420729,0.383893,0.289351
13.1167,0.420003,0.383807,0.289293
13.1333,0.419280,0.383720,0.289235
13.1500,0.418559,0.383634,0.289178
13.1667,0.417840,0.383548,0.289121
13.1833,0.417123,0.383461,0.289064
13.2000,0.416409,0.383375,0.289008
13.2167,0.415697,0.383288,0.288952
13.2333,0.414987,0.383202,0.288896
13.2500,0.414279,0.383117,0.288841
13.2667,0.413573,0.383032,0.288785
13.2833,0.412870,0.382947,0.288730
13.3000,0.412169,0.382863,0.288675
13.3167,0.411470,0.382779,0.288619
13.3333,0.410773,0.382696,0.288564
13.3500,0.410079,0.382614,0.288509
13.3667,0.409387,0.382533,0.288453
13.3833,0.408696,0.382453,0.288398
13.4000,0.408008,0.382373,0.288342
13.4167,0.407322,0.382295,0.288286
13.4333,0.406639,0.382218,0.288230
13.4500,0.405957,0.382143,0.288174
13.4667,0.405278,0.382068,0.288117
13.4833,0.404600,0.381995,0.288060
13.5000,0.403925,0.381924,0.288003
13.5167,0.403252,0.381854,0.287945
13.5333,0.402581,0.381786,0.287887
13.5500,0.401912,0.381720,0.287828
13.5667,0.401245,0.381654,0.287769
13.5833,0.400581,0.381591,0.287710
13.6000,0.399918,0.381528,0.287651
13.6167,0.399258,0.381466,0.287591
13.6333,0.398599,0.381406,0.287531
13.6500,0.397943,0.381346,0.287471
13.6667,0.397289,0.381287,0.287411
13.6833,0.396636,0.381228,0.287351
13.7000,0.395986,0.381170,0.287292
13.7167,0.395338,0.381112,0.287232
13.7333,0.394692,0.381055,0.287172
13.7500,0.394048,0.380998,0.287113
13.7667,0.393406,0.380940,0.287054
13.7833,0.392766,0.380883,0.286996
13.8000,0.392128,0.380825,0.286938
13.8167,0.391492,0.380767,0.286880
13.8333,0.390858,0.380709,0.286823
13.8500,0.390226,0.380650,0.286766
13.8667,0.389596,0.380590,0.286710
13.8833,0.388968,0.380529,0.286655
13.9000,0.388341,0.380468,0.286600
13.9167,0.387717,0.380405,0.286547
13.9333,0.387095,0.380341,0.286494
13.9500,0.386475,0.380276,0.286442
13.9667,0.385856,0.380210,0.286390
13.9833,0.385240,0.380142,0.286340
14.0000,0.384625,0.380072,0.286291
14.0167,0.384013,0.380001,0.286243
14.0333,0.383402,0.379927,0.286197
14.0500,0.382793,0.379851,0.286151
14.0667,0.382186,0.379773,0.286107
14.0833,0.381581,0.379694,0.286064
14.1000,0.380977,0.379613,0.286021
14.1167,0.380376,0.379531,0.285980
14.1333,0.379776,0.379447,0.285940
14.1500,0.379178,0.379362,0.285900
14.1667,0.378582,0.379277,0.285861
14.1833,0.377988,0.379190,0.285822
14.2000,0.377396,0.379103,0.285784
14.2167,0.376805,0.379016,0.285747
14.2333,0.376216,0.378928,0.285710
14.2500,0.375629,0.378840,0.285673
14.2667,0.375044,0.378752,0.285637
14.2833,0.374460,0.378665,0.285601
14.3000,0.373879,0.378577,0.285564
14.3167,0.373298,0.378490,0.285528
14.3333,0.372720,0.378404,0.285492
14.3500,0.372144,0.378318,0.285456
14.3667,0.371569,0.378234,0.285419
14.3833,0.370996,0.378150,0.285382
14.4000,0.370424,0.378068,0.285345
14.4167,0.369855,0.377987,0.285308
14.4333,0.369287,0.377908,0.285270
14.4500,0.368721,0.377831,0.285231
14.4667,0.368156,0.377755,0.285192
14.4833,0.367593,0.377682,0.285152
14.5000,0.367032,0.377610,0.285112
14.5167,0.366473,0.377541,0.285071
14.5333,0.365915,0.377472,0.285029
14.5500,0.365359,0.377405,0.284988
14.5667,0.364805,0.377338,0.284946
14.5833,0.364252,0.377273,0.284904
14.6000,0.363701,0.377208,0.284861
14.6167,0.363151,0.377144,0.284819
14.6333,0.362604,0.377081,0.284776
14.6500,0.362058,0.377019,0.284734
14.6667,0.361513,0.376957,0.284691
14.6833,0.360970,0.376896,0.284649
14.7000,0.360429,0.376835,0.284606
14.7167,0.359890,0.376775,0.284563
14.7333,0.359352,0.376716,0.284521
14.7500,0.358816,0.376656,0.284478
14.7667,0.358281,0.376597,0.284436
14.7833,0.357748,0.376538,0.284393
14.8000,0.357217,0.376480,0.284351
14.8167,0.356687,0.376421,0.284309
14.8333,0.356158,0.376363,0.284267
14.8500,0.355632,0.376304,0.284226
14.8667,0.355107,0.376246,0.284184
14.8833,0.354583,0.376187,0.284143
14.9000,0.354061,0.376128,0.284102
14.9167,0.353541,0.376069,0.284062
14.9333,0.353022,0.376010,0.284022
14.9500,0.352505,0.375951,0.283982
14.9667,0.351989,0.375891,0.283943
14.9833,0.351475,0.375830,0.283904
15.0000,0.350962,0.375769,0.283866
15.0167,0.350451,0.375707,0.283828
15.0333,0.349941,0.375645,0.283790
15.0500,0.349433,0.375582,0.283753
15.0667,0.348927,0.375518,0.283717
15.0833,0.348422,0.375454,0.283681
15.1000,0.347918,0.375390,0.283645
15.1167,0.347416,0.375325,0.283610
15.1333,0.346915,0.375260,0.283575
15.1500,0.346416,0.375194,0.283541
15.1667,0.345919,0.375129,0.283506
15.1833,0.345422,0.375064,0.283472
15.2000,0.344928,0.374998,0.283438
15.2167,0.344434,0.374933,0.283404
15.2333,0.343942,0.374869,0.283370
15.2500,0.343452,0.374804,0.283337
15.2667,0.342963,0.374740,0.283303
15.2833,0.342476,0.374677,0.283269
15.3000,0.341989,0.374614,0.283235
15.3167,0.341505,0.374551,0.283201
15.3333,0.341021,0.374490,0.283167
15.3500,0.340540,0.374429,0.283133
15.3667,0.340059,0.374369,0.283099
15.3833,0.339580,0.374310,0.283064
15.4000,0.339102,0.374252,0.283029
15.4167,0.338626,0.374196,0.282994
15.4333,0.338151,0.374140,0.282958
15.4500,0.337678,0.374086,0.282922
15.4667,0.337206,0.374033,0.282885
15.4833,0.336735,0.373982,0.282848
15.5000,0.336266,0.373932,0.282811
15.5167,0.335798,0.373884,0.282773
15.5333,0.335331,0.373837,0.282735
15.5500,0.334866,0.373790,0.282696
15.5667,0.334402,0.373745,0.282658
15.5833,0.333940,0.373700,0.282619
15.6000,0.333479,0.373656,0.282580
15.6167,0.333019,0.373613,0.282540
15.6333,0.332561,0.373571,0.282501
15.6500,0.332104,0.373530,0.282462
15.6667,0.331648,0.373488,0.282422
15.6833,0.331193,0.373448,0.282382
15.7000,0.330740,0.373408,0.282343
15.7167,0.330289,0.373368,0.282303
15.7333,0.329838,0.373329,0.282264
15.7500,0.329389,0.373290,0.282224
15.7667,0.328941,0.373252,0.282184
15.7833,0.328495,0.373214,0.282145
15.8000,0.328050,0.373175,0.282106
15.8167,0.327606,0.373137,0.282066
15.8333,0.327163,0.373099,0.282027
15.8500,0.326722,0.373061,0.281988
15.8667,0.326282,0.373023,0.281950
15.8833,0.325843,0.372985,0.281911
15.9000,0.325406,0.372947,0.281873
15.9167,0.324969,0.372908,0.281835
15.9333,0.324534,0.372869,0.281798
15.9500,0.324101,0.372830,0.281760
15.9667,0.323668,0.372791,0.281723
15.9833,0.323237,0.372751,0.281687
16.0000,0.322807,0.372710,0.281650
16.0167,0.322378,0.372669,0.281615
16.0333,0.321951,0.372627,0.281579
16.0500,0.321525,0.372584,0.281545
16.0667,0.321100,0.372541,0.281510
16.0833,0.320676,0.372497,0.281477
16.1000,0.320253,0.372453,0.281443
16.1167,0.319832,0.372408,0.281410
16.1333,0.319412,0.372364,0.281377
16.1500,0.318993,0.372318,0.281345
16.1667,0.318575,0.372273,0.281312
16.1833,0.318159,0.372228,0.281280
16.2000,0.317743,0.372183,0.281248
16.2167,0.317329,0.372138,0.281216
16.2333,0.316916,0.372093,0.281184
16.2500,0.316504,0.372049,0.281152
16.2667,0.316093,0.372005,0.281119
16.2833,0.315684,0.371962,0.281087
16.3000,0.315275,0.371919,0.281055
16.3167,0.314868,0.371878,0.281023
16.3333,0.314462,0.371836,0.280990
16.3500,0.314057,0.371796,0.280957
16.3667,0.313653,0.371757,0.280924
16.3833,0.313251,0.371719,0.280890
16.4000,0.312849,0.371682,0.280856
16.4167,0.312449,0.371646,0.280822
16.4333,0.312050,0.371612,0.280787
16.4500,0.311651,0.371579,0.280752
16.4667,0.311255,0.371548,0.280716
16.4833,0.310859,0.371518,0.280680
16.5000,0.310464,0.371490,0.280643
16.5167,0.310070,0.371464,0.280605
16.5333,0.309678,0.371439,0.280567
16.5500,0.309286,0.371415,0.280529
16.5667,0.308896,0.371392,0.280490
16.5833,0.308507,0.371370,0.280452
16.6000,0.308119,0.371349,0.280412
16.6167,0.307732,0.371329,0.280373
16.6333,0.307346,0.371309,0.280333
16.6500,0.306961,0.371290,0.280294
16.6667,0.306578,0.371272,0.280254
16.6833,0.306195,0.371254,0.280214
16.7000,0.305814,0.371237,0.280174
16.7167,0.305433,0.371220,0.280134
16.7333,0.305054,0.371203,0.280095
16.7500,0.304676,0.371186,0.280055
16.7667,0.304298,0.371169,0.280016
16.7833,0.303922,0.371152,0.279976
16.8000,0.303547,0.371134,0.279937
16.8167,0.303173,0.371117,0.279898
16.8333,0.302800,0.371099,0.279860
16.8500,0.302428,0.371081,0.279822
16.8667,0.302057,0.371062,0.279784
16.8833,0.301687,0.371042,0.279746
16.9000,0.301319,0.371022,0.279710
16.9167,0.300951,0.371001,0.279673
16.9333,0.300584,0.370979,0.279637
16.9500,0.300218,0.370957,0.279602
16.9667,0.299854,0.370933,0.279567
16.9833,0.299490,0.370907,0.279533
17.0000,0.299127,0.370881,0.279500
17.0167,0.298765,0.370853,0.279468
17.0333,0.298405,0.370823,0.279436
17.0500,0.298045,0.370792,0.279405
17.0667,0.297686,0.370759,0.279375
17.0833,0.297329,0.370725,0.279346
17.1000,0.296972,0.370689,0.279318
17.1167,0.296616,0.370653,0.279290
17.1333,0.296261,0.370614,0.279263
17.1500,0.295907,0.370575,0.279236
17.1667,0.295554,0.370535,0.279210
17.1833,0.295202,0.370494,0.279185
17.2000,0.294851,0.370452,0.279160
17.2167,0.294501,0.370410,0.279136
17.2333,0.294152,0.370367,0.279112
17.2500,0.293804,0.370323,0.279088
17.2667,0.293457,0.370279,0.279065
17.2833,0.293111,0.370234,0.279041
17.3000,0.292765,0.370189,0.279019
17.3167,0.292421,0.370145,0.278996
17.3333,0.292077,0.370099,0.278973
17.3500,0.291735,0.370054,0.278951
17.3667,0.291393,0.370009,0.278929
17.3833,0.291052,0.369965,0.278907
17.4000,0.290712,0.369920,0.278884
17.4167,0.290373,0.369876,0.278862
17.4333,0.290035,0.369832,0.278840
17.4500,0.289698,0.369789,0.278817
17.4667,0.289362,0.369747,0.278794
17.4833,0.289026,0.369705,0.278772
17.5000,0.288692,0.369664,0.278748
17.5167,0.288358,0.369623,0.278725
17.5333,0.288026,0.369581,0.278703
17.5500,0.287694,0.369539,0.278681
17.5667,0.287363,0.369496,0.278659
17.5833,0.287033,0.369452,0.278638
17.6000,0.286703,0.369408,0.278617
17.6167,0.286375,0.369363,0.278596
17.6333,0.286048,0.369319,0.278575
17.6500,0.285721,0.369274,0.278555
17.6667,0.285395,0.369229,0.278535
17.6833,0.285070,0.369184,0.278515
17.7000,0.284746,0.369139,0.278495
17.7167,0.284423,0.369094,0.278475
17.7333,0.284100,0.369050,0.278455
17.7500,0.283779,0.369006,0.278435
17.7667,0.283458,0.368962,0.278414
17.7833,0.283138,0.368919,0.278394
17.8000,0.282819,0.368876,0.278374
17.8167,0.282501,0.368835,0.278353
17.8333,0.282184,0.368794,0.278332
17.8500,0.281867,0.368754,0.278311
17.8667,0.281551,0.368715,0.278289
17.8833,0.281236,0.368677,0.278268
17.9000,0.280922,0.368640,0.278245
17.9167,0.280609,0.368605,0.278222
17.9333,0.280296,0.368570,0.278199
17.9500,0.279985,0.368538,0.278175
17.9667,0.279674,0.368506,0.278151
17.9833,0.279364,0.368477,0.278126
18.0000,0.279055,0.368449,0.278100
18.0167,0.278746,0.368422,0.278074
18.0333,0.278439,0.368397,0.278048
18.0500,0.278132,0.368372,0.278021
18.0667,0.277826,0.368348,0.277995
18.0833,0.277521,0.368324,0.277968
18.1000,0.277216,0.368302,0.277940
18.1167,0.276913,0.368280,0.277913
18.1333,0.276610,0.368258,0.277885
18.1500,0.276308,0.368237,0.277858
18.1667,0.276006,0.368217,0.277830
18.1833,0.275706,0.368197,0.277802
18.2000,0.275406,0.368177,0.277774
18.2167,0.275107,0.368158,0.277746
18.2333,0.274809,0.368139,0.277718
18.2500,0.274512,0.368120,0.277690
18.2667,0.274215,0.368102,0.277662
18.2833,0.273919,0.368084,0.277634
18.3000,0.273624,0.368065,0.277606
18.3167,0.273330,0.368047,0.277578
18.3333,0.273036,0.368029,0.277550
18.3500,0.272744,0.368011,0.277522
18.3667,0.272452,0.367993,0.277494
18.3833,0.272160,0.367975,0.277467
18.4000,0.271870,0.367957,0.277439
18.4167,0.271580,0.367939,0.277412
18.4333,0.271291,0.367920,0.277385
18.4500,0.271003,0.367901,0.277358
18.4667,0.270715,0.367882,0.277332
18.4833,0.270428,0.367862,0.277306
18.5000,0.270142,0.367842,0.277279
18.5167,0.269857,0.367822,0.277254
18.5333,0.269572,0.367802,0.277228
18.5500,0.269289,0.367782,0.277202
18.5667,0.269005,0.367761,0.277177
18.5833,0.268723,0.367741,0.277151
18.6000,0.268441,0.367721,0.277126
18.6167,0.268160,0.367701,0.277101
18.6333,0.267880,0.367681,0.277075
18.6500,0.267600,0.367660,0.277050
18.6667,0.267322,0.367640,0.277025
18.6833,0.267043,0.367620,0.277000
18.7000,0.266766,0.367600,0.276976
18.7167,0.266489,0.367579,0.276951
18.7333,0.266213,0.367559,0.276926
18.7500,0.265938,0.367539,0.276902
18.7667,0.265663,0.367519,0.276877
18.7833,0.265389,0.367499,0.276853
18.8000,0.265116,0.367478,0.276829
18.8167,0.264843,0.367458,0.276805
18.8333,0.264571,0.367438,0.276780
18.8500,0.264300,0.367418,0.276756
18.8667,0.264030,0.367398,0.276733
18.8833,0.263760,0.367377,0.276709
18.9000,0.263490,0.367357,0.276685
18.9167,0.263222,0.367337,0.276661
18.9333,0.262954,0.367317,0.276638
18.9500,0.262687,0.367297,0.276614
18.9667,0.262420,0.367276,0.276591
18.9833,0.262155,0.367256,0.276568
19.0000,0.261889,0.367236,0.276544
19.0167,0.261625,0.367216,0.276521
19.0333,0.261361,0.367196,0.276498
19.0500,0.261098,0.367175,0.276475
19.0667,0.260835,0.367155,0.276452
19.0833,0.260573,0.367135,0.276429
19.1000,0.260312,0.367115,0.276407
19.1167,0.260051,0.367095,0.276384
19.1333,0.259791,0.367074,0.276362
19.1500,0.259532,0.367054,0.276339
19.1667,0.259273,0.367034,0.276317
19.1833,0.259015,0.367014,0.276294
19.2000,0.258758,0.366994,0.276272
19.2167,0.258501,0.366973,0.276250
19.2333,0.258245,0.366953,0.276228
19.2500,0.257989,0.366933,0.276206
19.2667,0.257734,0.366913,0.276184
19.2833,0.257480,0.366893,0.276162
19.3000,0.257226,0.366872,0.276140
19.3167,0.256973,0.366852,0.276119
19.3333,0.256721,0.366832,0.276097
19.3500,0.256469,0.366812,0.276076
19.3667,0.256218,0.366792,0.276054
19.3833,0.255967,0.366772,0.276033
19.4000,0.255717,0.366751,0.276012
19.4167,0.255468,0.366731,0.275990
19.4333,0.255219,0.366711,0.275969
19.4500,0.254971,0.366691,0.275948
19.4667,0.254723,0.366671,0.275927
19.4833,0.254476,0.366650,0.275906
19.5000,0.254230,0.366630,0.275886
19.5167,0.253984,0.366610,0.275865
19.5333,0.253739,0.366590,0.275844
19.5500,0.253494,0.366570,0.275824
19.5667,0.253250,0.366550,0.275803
19.5833,0.253007,0.366529,0.275783
19.6000,0.252764,0.366509,0.275762
19.6167,0.252522,0.366489,0.275742
19.6333,0.252280,0.366469,0.275722
19.6500,0.252039,0.366449,0.275702
19.6667,0.251798,0.366428,0.275681
19.6833,0.251559,0.366408,0.275661
19.7000,0.251319,0.366388,0.275642
19.7167,0.251080,0.366368,0.275622
19.7333,0.250842,0.366348,0.275602
19.7500,0.250604,0.366328,0.275582
19.7667,0.250367,0.366307,0.275563
19.7833,0.250131,0.366287,0.275543
19.8000,0.249895,0.366267,0.275523
19.8167,0.249659,0.366247,0.275504
19.8333,0.249425,0.366227,0.275485
19.8500,0.249190,0.366207,0.275465
19.8667,0.248957,0.366186,0.275446
19.8833,0.248723,0.366166,0.275427
19.9000,0.248491,0.366146,0.275408
19.9167,0.248259,0.366126,0.275389
19.9333,0.248027,0.366106,0.275370
19.9500,0.247796,0.366086,0.275351
19.9667,0.247566,0.366065,0.275332
19.9833,0.247336,0.366045,0.275314
20.0000,0.247106,0.366025,0.275295
20.0167,0.246878,0.366005,0.275276
20.0333,0.246649,0.365985,0.275258
20.0500,0.246421,0.365965,0.275239
20.0667,0.246194,0.365944,0.275221
20.0833,0.245968,0.365924,0.275203
20.1000,0.245741,0.365904,0.275184
20.1167,0.245516,0.365884,0.275166
20.1333,0.245291,0.365864,0.275148
20.1500,0.245066,0.365844,0.275130
20.1667,0.244842,0.365823,0.275112
20.1833,0.244618,0.365803,0.275094
20.2000,0.244395,0.365783,0.275076
20.2167,0.244173,0.365763,0.275058
20.2333,0.243951,0.365743,0.275041
20.2500,0.243729,0.365723,0.275023
20.2667,0.243508,0.365702,0.275005
20.2833,0.243288,0.365682,0.274988
20.3000,0.243068,0.365662,0.274970
20.3167,0.242849,0.365642,0.274953
20.3333,0.242630,0.365622,0.274936
20.3500,0.242411,0.365602,0.274918
20.3667,0.242193,0.365581,0.274901
20.3833,0.241976,0.365561,0.274884
20.4000,0.241759,0.365541,0.274867
20.4167,0.241543,0.365521,0.274850
20.4333,0.241327,0.365501,0.274833
20.4500,0.241111,0.365481,0.274816
20.4667,0.240896,0.365461,0.274799
20.4833,0.240682,0.365440,0.274782
20.5000,0.240468,0.365420,0.274765
20.5167,0.240254,0.365400,0.274749
20.5333,0.240041,0.365380,0.274732
20.5500,0.239829,0.365360,0.274716
20.5667,0.239617,0.365340,0.274699
20.5833,0.239405,0.365320,0.274683
20.6000,0.239194,0.365299,0.274666
20.6167,0.238984,0.365279,0.274650
20.6333,0.238774,0.365259,0.274634
20.6500,0.238564,0.365239,0.274618
20.6667,0.238355,0.365219,0.274601
20.6833,0.238146,0.365199,0.274585
20.7000,0.237938,0.365178,0.274569
20.7167,0.237730,0.365158,0.274553
20.7333,0.237523,0.365138,0.274538
20.7500,0.237316,0.365118,0.274522
20.7667,0.237110,0.365098,0.274506
20.7833,0.236904,0.365078,0.274490
20.8000,0.236698,0.365058,0.274475
20.8167,0.236494,0.365038,0.274459
20.8333,0.236289,0.365017,0.274443
20.8500,0.236085,0.364997,0.274428
20.8667,0.235881,0.364977,0.274412
20.8833,0.235678,0.364957,0.274397
20.9000,0.235476,0.364937,0.274382
20.9167,0.235273,0.364917,0.274366
20.9333,0.235072,0.364897,0.274351
20.9500,0.234870,0.364876,0.274336
20.9667,0.234670,0.364856,0.274321
20.9833,0.234469,0.364836,0.274306
21.0000,0.234269,0.364816,0.274291
21.0167,0.234070,0.364796,0.274276
21.0333,0.233871,0.364776,0.274261
21.0500,0.233672,0.364756,0.274246
21.0667,0.233474,0.364735,0.274232
21.0833,0.233276,0.364715,0.274217
21.1000,0.233079,0.364695,0.274202
21.1167,0.232882,0.364675,0.274188
21.1333,0.232685,0.364655,0.274173
21.1500,0.232489,0.364635,0.274158
21.1667,0.232294,0.364615,0.274144
21.1833,0.232098,0.364595,0.274130
21.2000,0.231904,0.364574,0.274115
21.2167,0.231709,0.364554,0.274101
21.2333,0.231515,0.364534,0.274087
21.2500,0.231322,0.364514,0.274073
21.2667,0.231129,0.364494,0.274058
21.2833,0.230936,0.364474,0.274044
21.3000,0.230744,0.364454,0.274030
21.3167,0.230552,0.364434,0.274016
21.3333,0.230361,0.364413,0.274002
21.3500,0.230170,0.364393,0.273988
21.3667,0.229980,0.364373,0.273975
21.3833,0.229789,0.364353,0.273961
21.4000,0.229600,0.364333,0.273947
21.4167,0.229410,0.364313,0.273933
21.4333,0.229222,0.364293,0.273920
21.4500,0.229033,0.364273,0.273906
21.4667,0.228845,0.364252,0.273893
21.4833,0.228657,0.364232,0.273879
21.5000,0.228470,0.364212,0.273866
21.5167,0.228283,0.364191,0.273853
21.5333,0.228097,0.364170,0.273840
21.5500,0.227911,0.364146,0.273828
21.5667,0.227725,0.364122,0.273817
21.5833,0.227540,0.364098,0.273805
21.6000,0.227355,0.364072,0.273795
21.6167,0.227171,0.364046,0.273784
21.6333,0.226987,0.364020,0.273774
21.6500,0.226803,0.363993,0.273764
21.6667,0.226620,0.363966,0.273754
21.6833,0.226437,0.363940,0.273744
21.7000,0.226254,0.363913,0.273733
21.7167,0.226072,0.363887,0.273723
21.7333,0.225891,0.363861,0.273713
21.7500,0.225709,0.363835,0.273703
21.7667,0.225528,0.363810,0.273692
21.7833,0.225348,0.363786,0.273681
21.8000,0.225167,0.363763,0.273670
21.8167,0.224988,0.363741,0.273658
21.8333,0.224808,0.363721,0.273646
21.8500,0.224629,0.363701,0.273633
21.8667,0.224451,0.363683,0.273620
21.8833,0.224272,0.363667,0.273606
21.9000,0.224094,0.363652,0.273591
21.9167,0.223917,0.363640,0.273576
21.9333,0.223740,0.363629,0.273560
21.9500,0.223563,0.363620,0.273543
21.9667,0.223386,0.363614,0.273525
21.9833,0.223210,0.363610,0.273505
22.0000,0.223035,0.363609,0.273485
22.0167,0.222860,0.363609,0.273465
22.0333,0.222685,0.363609,0.273444
22.0500,0.222510,0.363609,0.273424
22.0667,0.222336,0.363609,0.273403
22.0833,0.222162,0.363609,0.273383
22.1000,0.221989,0.363609,0.273363
22.1167,0.221816,0.363609,0.273342
22.1333,0.221643,0.363609,0.273322
22.1500,0.221471,0.363609,0.273302
22.1667,0.221299,0.363609,0.273282
22.1833,0.221127,0.363609,0.273261
22.2000,0.220956,0.363609,0.273241
22.2167,0.220785,0.363609,0.273221
22.2333,0.220615,0.363609,0.273201
22.2500,0.220445,0.363609,0.273181
22.2667,0.220275,0.363609,0.273161
22.2833,0.220106,0.363609,0.273142
22.3000,0.219937,0.363609,0.273122
22.3167,0.219768,0.363609,0.273102
22.3333,0.219600,0.363609,0.273082
22.3500,0.219432,0.363609,0.273063
22.3667,0.219264,0.363609,0.273043
22.3833,0.219097,0.363609,0.273023
22.4000,0.218930,0.363609,0.273004
22.4167,0.218764,0.363609,0.272984
22.4333,0.218597,0.363609,0.272965
22.4500,0.218432,0.363609,0.272945
22.4667,0.218266,0.363609,0.272926
22.4833,0.218101,0.363609,0.272907
22.5000,0.217936,0.363609,0.272887
22.5167,0.217772,0.363607,0.272869
22.5333,0.217608,0.363601,0.272852
22.5500,0.217444,0.363592,0.272837
22.5667,0.217280,0.363580,0.272823
22.5833,0.217117,0.363564,0.272811
22.6000,0.216955,0.363546,0.272800
22.6167,0.216792,0.363526,0.272789
22.6333,0.216630,0.363503,0.272780
22.6500,0.216468,0.363479,0.272772
22.6667,0.216307,0.363453,0.272764
22.6833,0.216146,0.363425,0.272757
22.7000,0.215985,0.363397,0.272750
22.7167,0.215825,0.363367,0.272744
22.7333,0.215664,0.363338,0.272738
22.7500,0.215505,0.363308,0.272732
22.7667,0.215345,0.363277,0.272727
22.7833,0.215186,0.363248,0.272721
22.8000,0.215027,0.363218,0.272715
22.8167,0.214869,0.363190,0.272708
22.8333,0.214710,0.363162,0.272702
22.8500,0.214552,0.363136,0.272694
22.8667,0.214395,0.363112,0.272687
22.8833,0.214238,0.363089,0.272678
22.9000,0.214081,0.363069,0.272668
22.9167,0.213924,0.363051,0.272658
22.9333,0.213768,0.363036,0.272646
22.9500,0.213611,0.363023,0.272633
22.9667,0.213456,0.363014,0.272619
22.9833,0.213300,0.363008,0.272603
23.0000,0.213145,0.363006,0.272586
23.0167,0.212990,0.363006,0.272568
23.0333,0.212836,0.363006,0.272550
23.0500,0.212682,0.363006,0.272532
23.0667,0.212528,0.363006,0.272514
23.0833,0.212375,0.363006,0.272496
23.1000,0.212221,0.363006,0.272478
23.1167,0.212068,0.363006,0.272460
23.1333,0.211916,0.363006,0.272443
23.1500,0.211764,0.363006,0.272425
23.1667,0.211612,0.363006,0.272407
23.1833,0.211460,0.363006,0.272389
23.2000,0.211309,0.363006,0.272372
23.2167,0.211158,0.363006,0.272354
23.2333,0.211007,0.363006,0.272337
23.2500,0.210856,0.363006,0.272319
23.2667,0.210706,0.363006,0.272302
23.2833,0.210556,0.363006,0.272284
23.3000,0.210407,0.363006,0.272267
23.3167,0.210258,0.363006,0.272250
23.3333,0.210109,0.363006,0.272232
23.3500,0.209960,0.363006,0.272215
23.3667,0.209812,0.363006,0.272198
23.3833,0.209664,0.363006,0.272180
23.4000,0.209516,0.363006,0.272163
23.4167,0.209368,0.363006,0.272146
23.4333,0.209221,0.363006,0.272129
23.4500,0.209074,0.363006,0.272112
23.4667,0.208928,0.363006,0.272095
23.4833,0.208782,0.363006,0.272078
23.5000,0.208636,0.363006,0.272061
23.5167,0.208490,0.363004,0.272045
23.5333,0.208345,0.362999,0.272030
23.5500,0.208199,0.362989,0.272017
23.5667,0.208055,0.362977,0.272006
23.5833,0.207910,0.362962,0.271996
23.6000,0.207766,0.362944,0.271987
23.6167,0.207622,0.362923,0.271979
23.6333,0.207478,0.362901,0.271972
23.6500,0.207335,0.362876,0.271965
23.6667,0.207191,0.362850,0.271960
23.6833,0.207049,0.362823,0.271955
23.7000,0.206906,0.362794,0.271951
23.7167,0.206764,0.362765,0.271947
23.7333,0.206622,0.362735,0.271943
23.7500,0.206480,0.362705,0.271939
23.7667,0.206338,0.362675,0.271936
23.7833,0.206197,0.362645,0.271932
23.8000,0.206056,0.362616,0.271928
23.8167,0.205915,0.362587,0.271924
23.8333,0.205775,0.362560,0.271919
23.8500,0.205634,0.362534,0.271914
23.8667,0.205494,0.362510,0.271908
23.8833,0.205355,0.362487,0.271902
23.9000,0.205215,0.362467,0.271894
23.9167,0.205076,0.362449,0.271886
23.9333,0.204937,0.362433,0.271876
23.9500,0.204799,0.362421,0.271865
23.9667,0.204660,0.362412,0.271853
23.9833,0.204522,0.362406,0.271840
24.0000,0.204384,0.362404,0.271825
24.0167,0.204247,0.362404,0.271809
24.0333,0.204110,0.362404,0.271793
24.0500,0.203973,0.362404,0.271777
24.0667,0.203836,0.362404,0.271761
24.0833,0.203699,0.362404,0.271745
24.1000,0.203563,0.362404,0.271729
24.1167,0.203427,0.362404,0.271714
24.1333,0.203291,0.362404,0.271698
24.1500,0.203156,0.362404,0.271682
24.1667,0.203021,0.362404,0.271667
24.1833,0.202886,0.362404,0.271651
24.2000,0.202751,0.362404,0.271635
24.2167,0.202617,0.362404,0.271620
24.2333,0.202482,0.362404,0.271604
24.2500,0.202349,0.362404,0.271589
24.2667,0.202215,0.362404,0.271573
24.2833,0.202082,0.362404,0.271558
24.3000,0.201948,0.362404,0.271543
24.3167,0.201816,0.362404,0.271527
24.3333,0.201683,0.362404,0.271512
24.3500,0.201551,0.362404,0.271497
24.3667,0.201418,0.362404,0.271481
24.3833,0.201287,0.362404,0.271466
24.4000,0.201155,0.362404,0.271451
24.4167,0.201024,0.362404,0.271436
24.4333,0.200892,0.362404,0.271421
24.4500,0.200762,0.362404,0.271405
24.4667,0.200631,0.362404,0.271390
24.4833,0.200501,0.362404,0.271375
24.5000,0.200370,0.362404,0.271360
24.5167,0.200241,0.362402,0.271346
24.5333,0.200111,0.362396,0.271334
24.5500,0.199981,0.362387,0.271322
24.5667,0.199852,0.362375,0.271313
24.5833,0.199723,0.362359,0.271304
24.6000,0.199595,0.362341,0.271297
24.6167,0.199466,0.362321,0.271291
24.6333,0.199338,0.362298,0.271286
24.6500,0.199210,0.362274,0.271282
24.6667,0.199082,0.362248,0.271278
24.6833,0.198955,0.362221,0.271275
24.7000,0.198828,0.362192,0.271272
24.7167,0.198701,0.362163,0.271270
24.7333,0.198574,0.362133,0.271268
24.7500,0.198447,0.362103,0.271266
24.7667,0.198321,0.362073,0.271264
24.7833,0.198195,0.362043,0.271263
24.8000,0.198069,0.362014,0.271260
24.8167,0.197943,0.361986,0.271258
24.8333,0.197818,0.361958,0.271255
24.8500,0.197692,0.361932,0.271252
24.8667,0.197567,0.361908,0.271248
24.8833,0.197442,0.361885,0.271243
24.9000,0.197318,0.361865,0.271237
24.9167,0.197194,0.361847,0.271231
24.9333,0.197069,0.361831,0.271223
24.9500,0.196946,0.361819,0.271214
24.9667,0.196822,0.361810,0.271203
24.9833,0.196698,0.361804,0.271192
25.0000,0.196575,0.361802,0.271178
25.0167,0.196452,0.361802,0.271164
25.0333,0.196329,0.361802,0.271150
25.0500,0.196207,0.361802,0.271136
25.0667,0.196085,0.361802,0.271122
25.0833,0.195962,0.361802,0.271108
25.1000,0.195841,0.361802,0.271094
25.1167,0.195719,0.361802,0.271080
25.1333,0.195598,0.361802,0.271066
25.1500,0.195476,0.361802,0.271052
25.1667,0.195355,0.361802,0.271038
25.1833,0.195235,0.361802,0.271024
25.2000,0.195114,0.361802,0.271010
25.2167,0.194994,0.361802,0.270996
25.2333,0.194874,0.361802,0.270982
25.2500,0.194754,0.361802,0.270969
25.2667,0.194634,0.361802,0.270955
25.2833,0.194515,0.361802,0.270941
25.3000,0.194395,0.361802,0.270927
25.3167,0.194276,0.361802,0.270914
25.3333,0.194158,0.361802,0.270900
25.3500,0.194039,0.361802,0.270886
25.3667,0.193921,0.361802,0.270873
25.3833,0.193803,0.361802,0.270859
25.4000,0.193685,0.361802,0.270846
25.4167,0.193567,0.361802,0.270832
25.4333,0.193449,0.361802,0.270819
25.4500,0.193332,0.361802,0.270805
25.4667,0.193215,0.361802,0.270792
25.4833,0.193098,0.361802,0.270778
25.5000,0.192981,0.361802,0.270765
25.5167,0.192865,0.361802,0.270751
25.5333,0.192749,0.361802,0.270738
25.5500,0.192633,0.361802,0.270725
25.5667,0.192517,0.361802,0.270711
25.5833,0.192401,0.361802,0.270698
25.6000,0.192286,0.361802,0.270685
25.6167,0.192171,0.361802,0.270672
25.6333,0.192056,0.361802,0.270659
25.6500,0.191941,0.361802,0.270645
25.6667,0.191826,0.361802,0.270632
25.6833,0.191712,0.361802,0.270619
25.7000,0.191598,0.361802,0.270606
25.7167,0.191484,0.361802,0.270593
25.7333,0.191370,0.361802,0.270580
25.7500,0.191256,0.361802,0.270567
25.7667,0.191143,0.361802,0.270554
25.7833,0.191030,0.361802,0.270541
25.8000,0.190917,0.361802,0.270528
25.8167,0.190804,0.361802,0.270515
25.8333,0.190692,0.361802,0.270502
25.8500,0.190579,0.361802,0.270489
25.8667,0.190467,0.361802,0.270476
25.8833,0.190355,0.361802,0.270463
25.9000,0.190243,0.361802,0.270451
25.9167,0.190132,0.361802,0.270438
25.9333,0.190020,0.361802,0.270425
25.9500,0.189909,0.361802,0.270412
25.9667,0.189798,0.361802,0.270400
25.9833,0.189687,0.361802,0.270387
26.0000,0.189577,0.361802,0.270374
26.0167,0.189466,0.361802,0.270362
26.0333,0.189356,0.361802,0.270349
26.0500,0.189246,0.361802,0.270336
26.0667,0.189136,0.361802,0.270324
26.0833,0.189027,0.361802,0.270311
26.1000,0.188917,0.361802,0.270299
26.1167,0.188808,0.361802,0.270286
26.1333,0.188699,0.361802,0.270274
26.1500,0.188590,0.361802,0.270261
26.1667,0.188481,0.361802,0.270249
26.1833,0.188373,0.361802,0.270236
26.2000,0.188265,0.361802,0.270224
26.2167,0.188157,0.361802,0.270212
26.2333,0.188049,0.361802,0.270199
26.2500,0.187941,0.361802,0.270187
26.2667,0.187833,0.361802,0.270175
26.2833,0.187726,0.361802,0.270162
26.3000,0.187619,0.361802,0.270150
26.3167,0.187512,0.361802,0.270138
26.3333,0.187405,0.361802,0.270126
26.3500,0.187298,0.361802,0.270114
26.3667,0.187192,0.361802,0.270101
26.3833,0.187086,0.361802,0.270089
26.4000,0.186980,0.361802,0.270077
26.4167,0.186874,0.361802,0.270065
26.4333,0.186768,0.361802,0.270053
26.4500,0.186662,0.361802,0.270041
26.4667,0.186557,0.361802,0.270029
26.4833,0.186452,0.361802,0.270017
26.5000,0.186347,0.361802,0.270005
26.5167,0.186242,0.361800,0.269994
26.5333,0.186138,0.361795,0.269984
26.5500,0.186033,0.361785,0.269976
26.5667,0.185929,0.361773,0.269969
26.5833,0.185825,0.361758,0.269964
26.6000,0.185721,0.361740,0.269960
26.6167,0.185617,0.361719,0.269957
26.6333,0.185513,0.361697,0.269954
26.6500,0.185410,0.361672,0.269953
26.6667,0.185307,0.361646,0.269952
26.6833,0.185204,0.361619,0.269952
26.7000,0.185101,0.361591,0.269952
26.7167,0.184998,0.361561,0.269953
26.7333,0.184896,0.361532,0.269954
26.7500,0.184793,0.361502,0.269955
26.7667,0.184691,0.361472,0.269956
26.7833,0.184589,0.361442,0.269957
26.8000,0.184487,0.361413,0.269957
26.8167,0.184385,0.361384,0.269958
26.8333,0.184284,0.361357,0.269958
26.8500,0.184182,0.361331,0.269957
26.8667,0.184081,0.361306,0.269956
26.8833,0.183980,0.361284,0.269954
26.9000,0.183879,0.361264,0.269951
26.9167,0.183778,0.361246,0.269947
26.9333,0.183678,0.361230,0.269942
26.9500,0.183577,0.361218,0.269936
26.9667,0.183477,0.361209,0.269928
26.9833,0.183377,0.361203,0.269919
27.0000,0.183277,0.361201,0.269909
27.0167,0.183177,0.361201,0.269897
27.0333,0.183078,0.361201,0.269886
27.0500,0.182978,0.361201,0.269875
27.0667,0.182879,0.361201,0.269863
27.0833,0.182780,0.361201,0.269852
27.1000,0.182681,0.361201,0.269841
27.1167,0.182582,0.361201,0.269829
27.1333,0.182483,0.361201,0.269818
27.1500,0.182385,0.361201,0.269807
27.1667,0.182287,0.361201,0.269796
27.1833,0.182189,0.361201,0.269785
27.2000,0.182091,0.361201,0.269773
27.2167,0.181993,0.361201,0.269762
27.2333,0.181895,0.361201,0.269751
27.2500,0.181798,0.361201,0.269740
27.2667,0.181700,0.361201,0.269729
27.2833,0.181603,0.361201,0.269718
27.3000,0.181506,0.361201,0.269707
27.3167,0.181409,0.361201,0.269696
27.3333,0.181313,0.361201,0.269685
27.3500,0.181216,0.361201,0.269674
27.3667,0.181120,0.361201,0.269663
27.3833,0.181024,0.361201,0.269652
27.4000,0.180928,0.361201,0.269641
27.4167,0.180832,0.361201,0.269630
27.4333,0.180736,0.361201,0.269619
27.4500,0.180641,0.361201,0.269608
27.4667,0.180545,0.361201,0.269597
27.4833,0.180450,0.361201,0.269587
27.5000,0.180355,0.361201,0.269576
27.5167,0.180260,0.361201,0.269565
27.5333,0.180165,0.361201,0.269554
27.5500,0.180070,0.361201,0.269543
27.5667,0.179976,0.361201,0.269533
27.5833,0.179882,0.361201,0.269522
27.6000,0.179788,0.361201,0.269511
27.6167,0.179694,0.361201,0.269501
27.6333,0.179600,0.361201,0.269490
27.6500,0.179506,0.361201,0.269479
27.6667,0.179412,0.361201,0.269469
27.6833,0.179319,0.361201,0.269458
27.7000,0.179226,0.361201,0.269447
27.7167,0.179133,0.361201,0.269437
27.7333,0.179040,0.361201,0.269426
27.7500,0.178947,0.361201,0.269416
27.7667,0.178854,0.361201,0.269405
27.7833,0.178762,0.361201,0.269395
27.8000,0.178669,0.361201,0.269384
27.8167,0.178577,0.361201,0.269374
27.8333,0.178485,0.361201,0.269363
27.8500,0.178393,0.361201,0.269353
27.8667,0.178302,0.361201,0.269342
27.8833,0.178210,0.361201,0.269332
27.9000,0.178118,0.361201,0.269322
27.9167,0.178027,0.361201,0.269311
27.9333,0.177936,0.361201,0.269301
27.9500,0.177845,0.361201,0.269291
27.9667,0.177754,0.361201,0.269280
27.9833,0.177663,0.361201,0.269270
28.0000,0.177573,0.361201,0.269260
28.0167,0.177482,0.361201,0.269249
28.0333,0.177392,0.361201,0.269239
28.0500,0.177302,0.361201,0.269229
28.0667,0.177212,0.361201,0.269219
28.0833,0.177122,0.361201,0.269209
28.1000,0.177032,0.361201,0.269198
28.1167,0.176943,0.361201,0.269188
28.1333,0.176853,0.361201,0.269178
28.1500,0.176764,0.361201,0.269168
28.1667,0.176675,0.361201,0.269158
28.1833,0.176586,0.361201,0.269148
28.2000,0.176497,0.361201,0.269138
28.2167,0.176408,0.361201,0.269128
28.2333,0.176320,0.361201,0.269118
28.2500,0.176231,0.361201,0.269108
28.2667,0.176143,0.361201,0.269097
28.2833,0.176055,0.361201,0.269087
28.3000,0.175967,0.361201,0.269078
28.3167,0.175879,0.361201,0.269068
28.3333,0.175791,0.361201,0.269058
28.3500,0.175703,0.361201,0.269048
28.3667,0.175616,0.361201,0.269038
28.3833,0.175529,0.361201,0.269028
28.4000,0.175441,0.361201,0.269018
28.4167,0.175354,0.361201,0.269008
28.4333,0.175267,0.361201,0.268998
28.4500,0.175181,0.361201,0.268988
28.4667,0.175094,0.361201,0.268979
28.4833,0.175007,0.361201,0.268969
28.5000,0.174921,0.361201,0.268959
28.5167,0.174835,0.361201,0.268949
28.5333,0.174749,0.361201,0.268940
28.5500,0.174663,0.361201,0.268930
28.5667,0.174577,0.361201,0.268920
28.5833,0.174491,0.361201,0.268910
28.6000,0.174406,0.361201,0.268901
28.6167,0.174320,0.361201,0.268891
28.6333,0.174235,0.361201,0.268881
28.6500,0.174150,0.361201,0.268872
28.6667,0.174065,0.361201,0.268862
28.6833,0.173980,0.361201,0.268852
28.7000,0.173895,0.361201,0.268843
28.7167,0.173810,0.361201,0.268833
28.7333,0.173726,0.361201,0.268824
28.7500,0.173641,0.361201,0.268814
28.7667,0.173557,0.361201,0.268805
28.7833,0.173473,0.361201,0.268795
28.8000,0.173389,0.361201,0.268786
28.8167,0.173305,0.361201,0.268776
28.8333,0.173221,0.361201,0.268767
28.8500,0.173138,0.361201,0.268757
28.8667,0.173054,0.361201,0.268748
28.8833,0.172971,0.361201,0.268738
28.9000,0.172888,0.361201,0.268729
28.9167,0.172804,0.361201,0.268720
28.9333,0.172721,0.361201,0.268710
28.9500,0.172639,0.361201,0.268701
28.9667,0.172556,0.361201,0.268691
28.9833,0.172473,0.361201,0.268682
29.0000,0.172391,0.361201,0.268673
29.0167,0.172308,0.361199,0.268664
29.0333,0.172226,0.361193,0.268657
29.0500,0.172144,0.361184,0.268652
29.0667,0.172062,0.361172,0.268648
29.0833,0.171980,0.361156,0.268645
29.1000,0.171899,0.361138,0.268644
29.1167,0.171817,0.361118,0.268643
29.1333,0.171735,0.361096,0.268643
29.1500,0.171654,0.361071,0.268644
29.1667,0.171573,0.361045,0.268646
29.1833,0.171492,0.361018,0.268648
29.2000,0.171411,0.360989,0.268651
29.2167,0.171330,0.360960,0.268654
29.2333,0.171249,0.360931,0.268658
29.2500,0.171168,0.360901,0.268661
29.2667,0.171088,0.360871,0.268665
29.2833,0.171007,0.360841,0.268668
29.3000,0.170927,0.360812,0.268671
29.3167,0.170847,0.360783,0.268674
29.3333,0.170767,0.360756,0.268676
29.3500,0.170687,0.360730,0.268678
29.3667,0.170607,0.360706,0.268680
29.3833,0.170527,0.360683,0.268680
29.4000,0.170447,0.360663,0.268680
29.4167,0.170368,0.360645,0.268678
29.4333,0.170289,0.360629,0.268676
29.4500,0.170209,0.360617,0.268672
29.4667,0.170130,0.360608,0.268667
29.4833,0.170051,0.360602,0.268660
29.5000,0.169972,0.360600,0.268652
29.5167,0.169893,0.360600,0.268643
29.5333,0.169815,0.360600,0.268634
29.5500,0.169736,0.360600,0.268626
29.5667,0.169657,0.360600,0.268617
29.5833,0.169579,0.360600,0.268608
29.6000,0.169501,0.360600,0.268599
29.6167,0.169423,0.360600,0.268590
29.6333,0.169345,0.360600,0.268581
29.6500,0.169267,0.360600,0.268573
29.6667,0.169189,0.360600,0.268564
29.6833,0.169111,0.360600,0.268555
29.7000,0.169034,0.360600,0.268546
29.7167,0.168956,0.360600,0.268538
29.7333,0.168879,0.360600,0.268529
29.7500,0.168802,0.360600,0.268520
29.7667,0.168725,0.360600,0.268511
29.7833,0.168648,0.360600,0.268503
29.8000,0.168571,0.360600,0.268494
29.8167,0.168494,0.360600,0.268486
29.8333,0.168418,0.360600,0.268477
29.8500,0.168341,0.360600,0.268468
29.8667,0.168265,0.360600,0.268460
29.8833,0.168188,0.360600,0.268451
29.9000,0.168112,0.360600,0.268442
29.9167,0.168036,0.360600,0.268434
29.9333,0.167960,0.360600,0.268425
29.9500,0.167884,0.360600,0.268417
29.9667,0.167809,0.360600,0.268408
29.9833,0.167733,0.360600,0.268400
30.0000,0.167658,0.360600,0.268391
30.0167,0.167582,0.360600,0.268383
30.0333,0.167507,0.360600,0.268374
30.0500,0.167432,0.360600,0.268366
30.0667,0.167357,0.360600,0.268357
30.0833,0.167282,0.360600,0.268349
30.1000,0.167207,0.360600,0.268340
30.1167,0.167132,0.360600,0.268332
30.1333,0.167057,0.360600,0.268324
30.1500,0.166983,0.360600,0.268315
30.1667,0.166908,0.360600,0.268307
30.1833,0.166834,0.360600,0.268298
30.2000,0.166760,0.360600,0.268290
30.2167,0.166686,0.360600,0.268282
30.2333,0.166612,0.360600,0.268273
30.2500,0.166538,0.360600,0.268265
30.2667,0.166464,0.360600,0.268257
30.2833,0.166390,0.360600,0.268249
30.3000,0.166317,0.360600,0.268240
30.3167,0.166243,0.360600,0.268232
30.3333,0.166170,0.360600,0.268224
30.3500,0.166097,0.360600,0.268215
30.3667,0.166024,0.360600,0.268207
30.3833,0.165951,0.360600,0.268199
30.4000,0.165878,0.360600,0.268191
30.4167,0.165805,0.360600,0.268183
30.4333,0.165732,0.360600,0.268174
30.4500,0.165660,0.360600,0.268166
30.4667,0.165587,0.360600,0.268158
30.4833,0.165515,0.360600,0.268150
30.5000,0.165442,0.360600,0.268142
30.5167,0.165370,0.360600,0.268134
30.5333,0.165298,0.360600,0.268126
30.5500,0.165226,0.360600,0.268118
30.5667,0.165154,0.360600,0.268109
30.5833,0.165082,0.360600,0.268101
30.6000,0.165011,0.360600,0.268093
30.6167,0.164939,0.360600,0.268085
30.6333,0.164868,0.360600,0.268077
30.6500,0.164796,0.360600,0.268069
30.6667,0.164725,0.360600,0.268061
30.6833,0.164654,0.360600,0.268053
30.7000,0.164583,0.360600,0.268045
30.7167,0.164512,0.360600,0.268037
30.7333,0.164441,0.360600,0.268029
30.7500,0.164370,0.360600,0.268021
30.7667,0.164299,0.360600,0.268013
30.7833,0.164229,0.360600,0.268005
30.8000,0.164158,0.360600,0.267998
30.8167,0.164088,0.360600,0.267990
30.8333,0.164018,0.360600,0.267982
30.8500,0.163948,0.360600,0.267974
30.8667,0.163877,0.360600,0.267966
30.8833,0.163807,0.360600,0.267958
30.9000,0.163738,0.360600,0.267950
30.9167,0.163668,0.360600,0.267942
30.9333,0.163598,0.360600,0.267935
30.9500,0.163529,0.360600,0.267927
30.9667,0.163459,0.360600,0.267919
30.9833,0.163390,0.360600,0.267911
31.0000,0.163320,0.360600,0.267903
31.0167,0.163251,0.360600,0.267896
31.0333,0.163182,0.360600,0.267888
31.0500,0.163113,0.360600,0.267880
31.0667,0.163044,0.360600,0.267872
31.0833,0.162975,0.360600,0.267865
31.1000,0.162907,0.360600,0.267857
31.1167,0.162838,0.360600,0.267849
31.1333,0.162769,0.360600,0.267842
31.1500,0.162701,0.360600,0.267834
31.1667,0.162633,0.360600,0.267826
31.1833,0.162564,0.360600,0.267819
31.2000,0.162496,0.360600,0.267811
31.2167,0.162428,0.360600,0.267803
31.2333,0.162360,0.360600,0.267796
31.2500,0.162292,0.360600,0.267788
31.2667,0.162225,0.360600,0.267781
31.2833,0.162157,0.360600,0.267773
31.3000,0.162089,0.360600,0.267765
31.3167,0.162022,0.360600,0.267758
31.3333,0.161955,0.360600,0.267750
31.3500,0.161887,0.360600,0.267743
31.3667,0.161820,0.360600,0.267735
31.3833,0.161753,0.360600,0.267728
31.4000,0.161686,0.360600,0.267720
31.4167,0.161619,0.360600,0.267713
31.4333,0.161552,0.360600,0.267705
31.4500,0.161485,0.360600,0.267698
31.4667,0.161419,0.360600,0.267690
31.4833,0.161352,0.360600,0.267683
31.5000,0.161286,0.360600,0.267675
31.5167,0.161219,0.360600,0.267668
31.5333,0.161153,0.360600,0.267660
31.5500,0.161087,0.360600,0.267653
31.5667,0.161021,0.360600,0.267646
31.5833,0.160955,0.360600,0.267638
31.6000,0.160889,0.360600,0.267631
31.6167,0.160823,0.360600,0.267623
31.6333,0.160757,0.360600,0.267616
31.6500,0.160692,0.360600,0.267609
31.6667,0.160626,0.360600,0.267601
31.6833,0.160561,0.360600,0.267594
31.7000,0.160495,0.360600,0.267587
31.7167,0.160430,0.360600,0.267579
31.7333,0.160365,0.360600,0.267572
31.7500,0.160300,0.360600,0.267565
31.7667,0.160235,0.360600,0.267558
31.7833,0.160170,0.360600,0.267550
31.8000,0.160105,0.360600,0.267543
31.8167,0.160040,0.360600,0.267536
31.8333,0.159975,0.360600,0.267529
31.8500,0.159911,0.360600,0.267521
31.8667,0.159846,0.360600,0.267514
31.8833,0.159782,0.360600,0.267507
31.9000,0.159717,0.360600,0.267500
31.9167,0.159653,0.360600,0.267492
31.9333,0.159589,0.360600,0.267485
31.9500,0.159525,0.360600,0.267478
31.9667,0.159461,0.360600,0.267471
31.9833,0.159397,0.360600,0.267464
32.0000,0.159333,0.360600,0.267457
32.0167,0.159270,0.360600,0.267450
32.0333,0.159206,0.360600,0.267442
32.0500,0.159142,0.360600,0.267435
32.0667,0.159079,0.360600,0.267428
32.0833,0.159015,0.360600,0.267421
32.1000,0.158952,0.360600,0.267414
32.1167,0.158889,0.360600,0.267407
32.1333,0.158826,0.360600,0.267400
32.1500,0.158763,0.360600,0.267393
32.1667,0.158700,0.360600,0.267386
32.1833,0.158637,0.360600,0.267379
32.2000,0.158574,0.360600,0.267372
32.2167,0.158511,0.360600,0.267365
32.2333,0.158449,0.360600,0.267358
32.2500,0.158386,0.360600,0.267351
32.2667,0.158324,0.360600,0.267344
32.2833,0.158261,0.360600,0.267337
32.3000,0.158199,0.360600,0.267330
32.3167,0.158137,0.360600,0.267323
32.3333,0.158075,0.360600,0.267316
32.3500,0.158013,0.360600,0.267309
32.3667,0.157951,0.360600,0.267302
32.3833,0.157889,0.360600,0.267295
32.4000,0.157827,0.360600,0.267288
32.4167,0.157765,0.360600,0.267281
32.4333,0.157704,0.360600,0.267274
32.4500,0.157642,0.360600,0.267268
32.4667,0.157581,0.360600,0.267261
32.4833,0.157519,0.360600,0.267254
32.5000,0.157458,0.360600,0.267247
32.5167,0.157397,0.360600,0.267240
32.5333,0.157336,0.360600,0.267233
32.5500,0.157274,0.360600,0.267227
32.5667,0.157213,0.360600,0.267220
32.5833,0.157153,0.360600,0.267213
32.6000,0.157092,0.360600,0.267206
32.6167,0.157031,0.360600,0.267199
32.6333,0.156970,0.360600,0.267193
32.6500,0.156910,0.360600,0.267186
32.6667,0.156849,0.360600,0.267179
32.6833,0.156789,0.360600,0.267172
32.7000,0.156728,0.360600,0.267166
32.7167,0.156668,0.360600,0.267159
32.7333,0.156608,0.360600,0.267152
32.7500,0.156548,0.360600,0.267145
32.7667,0.156488,0.360600,0.267139
32.7833,0.156428,0.360600,0.267132
32.8000,0.156368,0.360600,0.267125
32.8167,0.156308,0.360600,0.267119
32.8333,0.156248,0.360600,0.267112
32.8500,0.156189,0.360600,0.267105
32.8667,0.156129,0.360600,0.267099
32.8833,0.156070,0.360600,0.267092
32.9000,0.156010,0.360600,0.267085
32.9167,0.155951,0.360600,0.267079
32.9333,0.155892,0.360600,0.267072
32.9500,0.155832,0.360600,0.267066
32.9667,0.155773,0.360600,0.267059
32.9833,0.155714,0.360600,0.267052
33.0000,0.155655,0.360600,0.267046
33.0167,0.155596,0.360600,0.267039
33.0333,0.155538,0.360600,0.267033
33.0500,0.155479,0.360600,0.267026
33.0667,0.155420,0.360600,0.267020
33.0833,0.155362,0.360600,0.267013
33.1000,0.155303,0.360600,0.267007
33.1167,0.155245,0.360600,0.267000
33.1333,0.155186,0.360600,0.266994
33.1500,0.155128,0.360600,0.266987
33.1667,0.155070,0.360600,0.266981
33.1833,0.155012,0.360600,0.266974
33.2000,0.154954,0.360600,0.266968
33.2167,0.154896,0.360600,0.266961
33.2333,0.154838,0.360600,0.266955
33.2500,0.154780,0.360600,0.266948
33.2667,0.154722,0.360600,0.266942
33.2833,0.154664,0.360600,0.266935
33.3000,0.154607,0.360600,0.266929
33.3167,0.154549,0.360600,0.266923
33.3333,0.154492,0.360600,0.266916
33.3500,0.154434,0.360600,0.266910
33.3667,0.154377,0.360600,0.266903
33.3833,0.154320,0.360600,0.266897
33.4000,0.154263,0.360600,0.266891
33.4167,0.154206,0.360600,0.266884
33.4333,0.154149,0.360600,0.266878
33.4500,0.154092,0.360600,0.266872
33.4667,0.154035,0.360600,0.266865
33.4833,0.153978,0.360600,0.266859
33.5000,0.153921,0.360600,0.266853
33.5167,0.153864,0.360600,0.266846
33.5333,0.153808,0.360600,0.266840
33.5500,0.153751,0.360600,0.266834
33.5667,0.153695,0.360600,0.266827
33.5833,0.153638,0.360600,0.266821
33.6000,0.153582,0.360600,0.266815
33.6167,0.153526,0.360600,0.266809
33.6333,0.153470,0.360600,0.266802
33.6500,0.153414,0.360600,0.266796
33.6667,0.153358,0.360600,0.266790
33.6833,0.153302,0.360600,0.266784
33.7000,0.153246,0.360600,0.266777
33.7167,0.153190,0.360600,0.266771
33.7333,0.153134,0.360600,0.266765
33.7500,0.153079,0.360600,0.266759
33.7667,0.153023,0.360600,0.266753
33.7833,0.152967,0.360600,0.266746
33.8000,0.152912,0.360600,0.266740
33.8167,0.152856,0.360600,0.266734
33.8333,0.152801,0.360600,0.266728
33.8500,0.152746,0.360600,0.266722
33.8667,0.152691,0.360600,0.266716
33.8833,0.152636,0.360600,0.266709
33.9000,0.152580,0.360600,0.266703
33.9167,0.152525,0.360600,0.266697
33.9333,0.152471,0.360600,0.266691
33.9500,0.152416,0.360600,0.266685
33.9667,0.152361,0.360600,0.266679
33.9833,0.152306,0.360600,0.266673
34.0000,0.152252,0.360600,0.266667
34.0167,0.152197,0.360600,0.266661
34.0333,0.152142,0.360600,0.266655
34.0500,0.152088,0.360600,0.266649
34.0667,0.152034,0.360600,0.266643
34.0833,0.151979,0.360600,0.266636
34.1000,0.151925,0.360600,0.266630
34.1167,0.151871,0.360600,0.266624
34.1333,0.151817,0.360600,0.266618
34.1500,0.151763,0.360600,0.266612
34.1667,0.151709,0.360600,0.266606
34.1833,0.151655,0.360600,0.266600
34.2000,0.151601,0.360600,0.266594
34.2167,0.151547,0.360600,0.266588
34.2333,0.151494,0.360600,0.266582
34.2500,0.151440,0.360600,0.266576
34.2667,0.151386,0.360600,0.266571
34.2833,0.151333,0.360600,0.266565
34.3000,0.151279,0.360600,0.266559
34.3167,0.151226,0.360600,0.266553
34.3333,0.151173,0.360600,0.266547
34.3500,0.151119,0.360600,0.266541
34.3667,0.151066,0.360600,0.266535
34.3833,0.151013,0.360600,0.266529
34.4000,0.150960,0.360600,0.266523
34.4167,0.150907,0.360600,0.266517
34.4333,0.150854,0.360600,0.266511
34.4500,0.150801,0.360600,0.266506
34.4667,0.150748,0.360600,0.266500
34.4833,0.150696,0.360600,0.266494
34.5000,0.150643,0.360600,0.266488
34.5167,0.150590,0.360598,0.266483
34.5333,0.150538,0.360593,0.266479
34.5500,0.150485,0.360583,0.266477
34.5667,0.150433,0.360571,0.266477
34.5833,0.150381,0.360556,0.266477
34.6000,0.150328,0.360538,0.266479
34.6167,0.150276,0.360517,0.266482
34.6333,0.150224,0.360495,0.266485
34.6500,0.150172,0.360471,0.266490
34.6667,0.150120,0.360445,0.266495
34.6833,0.150068,0.360417,0.266500
34.7000,0.150016,0.360389,0.266506
34.7167,0.149964,0.360360,0.266513
34.7333,0.149912,0.360330,0.266519
34.7500,0.149860,0.360300,0.266526
34.7667,0.149809,0.360270,0.266533
34.7833,0.149757,0.360240,0.266540
34.8000,0.149705,0.360211,0.266546
34.8167,0.149654,0.360183,0.266552
34.8333,0.149602,0.360156,0.266558
34.8500,0.149551,0.360130,0.266563
34.8667,0.149500,0.360105,0.266567
34.8833,0.149448,0.360083,0.266571
34.9000,0.149397,0.360062,0.266574
34.9167,0.149346,0.360044,0.266576
34.9333,0.149295,0.360029,0.266576
34.9500,0.149244,0.360017,0.266576
34.9667,0.149193,0.360008,0.266574
34.9833,0.149142,0.360002,0.266571
35.0000,0.149091,0.360000,0.266566
35.0167,0.149040,0.360000,0.266560
35.0333,0.148989,0.360000,0.266554
35.0500,0.148939,0.360000,0.266549
35.0667,0.148888,0.360000,0.266543
35.0833,0.148838,0.360000,0.266538
35.1000,0.148787,0.360000,0.266532
35.1167,0.148737,0.360000,0.266526
35.1333,0.148686,0.360000,0.266521
35.1500,0.148636,0.360000,0.266515
35.1667,0.148586,0.360000,0.266510
35.1833,0.148535,0.360000,0.266504
35.2000,0.148485,0.360000,0.266498
35.2167,0.148435,0.360000,0.266493
35.2333,0.148385,0.360000,0.266487
35.2500,0.148335,0.360000,0.266482
35.2667,0.148285,0.360000,0.266476
35.2833,0.148235,0.360000,0.266471
35.3000,0.148185,0.360000,0.266465
35.3167,0.148136,0.360000,0.266460
35.3333,0.148086,0.360000,0.266454
35.3500,0.148036,0.360000,0.266449
35.3667,0.147987,0.360000,0.266443
35.3833,0.147937,0.360000,0.266438
35.4000,0.147888,0.360000,0.266432
35.4167,0.147839,0.360000,0.266427
35.4333,0.147789,0.360000,0.266421
35.4500,0.147740,0.360000,0.266416
35.4667,0.147691,0.360000,0.266410
35.4833,0.147642,0.360000,0.266405
35.5000,0.147592,0.360000,0.266399
35.5167,0.147543,0.360000,0.266394
35.5333,0.147494,0.360000,0.266389
35.5500,0.147445,0.360000,0.266383
35.5667,0.147397,0.360000,0.266378
35.5833,0.147348,0.360000,0.266372
35.6000,0.147299,0.360000,0.266367
35.6167,0.147250,0.360000,0.266361
35.6333,0.147202,0.360000,0.266356
35.6500,0.147153,0.360000,0.266351
35.6667,0.147105,0.360000,0.266345
35.6833,0.147056,0.360000,0.266340
35.7000,0.147008,0.360000,0.266335
35.7167,0.146959,0.360000,0.266329
35.7333,0.146911,0.360000,0.266324
35.7500,0.146863,0.360000,0.266319
35.7667,0.146815,0.360000,0.266313
35.7833,0.146766,0.360000,0.266308
35.8000,0.146718,0.360000,0.266303
35.8167,0.146670,0.360000,0.266297
35.8333,0.146622,0.360000,0.266292
35.8500,0.146574,0.360000,0.266287
35.8667,0.146527,0.360000,0.266281
35.8833,0.146479,0.360000,0.266276
35.9000,0.146431,0.360000,0.266271
35.9167,0.146383,0.360000,0.266265
35.9333,0.146336,0.360000,0.266260
35.9500,0.146288,0.360000,0.266255
35.9667,0.146241,0.360000,0.266250
35.9833,0.146193,0.360000,0.266244
36.0000,0.146146,0.360000,0.266239
36.0167,0.146098,0.360000,0.266234
36.0333,0.146051,0.360000,0.266229
36.0500,0.146004,0.360000,0.266223
36.0667,0.145957,0.360000,0.266218
36.0833,0.145909,0.360000,0.266213
36.1000,0.145862,0.360000,0.266208
36.1167,0.145815,0.360000,0.266203
36.1333,0.145768,0.360000,0.266197
36.1500,0.145721,0.360000,0.266192
36.1667,0.145674,0.360000,0.266187
36.1833,0.145628,0.360000,0.266182
36.2000,0.145581,0.360000,0.266177
36.2167,0.145534,0.360000,0.266171
36.2333,0.145488,0.360000,0.266166
36.2500,0.145441,0.360000,0.266161
36.2667,0.145394,0.360000,0.266156
36.2833,0.145348,0.360000,0.266151
36.3000,0.145301,0.360000,0.266146
36.3167,0.145255,0.360000,0.266140
36.3333,0.145209,0.360000,0.266135
36.3500,0.145162,0.360000,0.266130
36.3667,0.145116,0.360000,0.266125
36.3833,0.145070,0.360000,0.266120
36.4000,0.145024,0.360000,0.266115
36.4167,0.144978,0.360000,0.266110
36.4333,0.144932,0.360000,0.266105
36.4500,0.144886,0.360000,0.266100
36.4667,0.144840,0.360000,0.266095
36.4833,0.144794,0.360000,0.266089
36.5000,0.144748,0.360000,0.266084
36.5167,0.144702,0.360000,0.266079
36.5333,0.144657,0.360000,0.266074
36.5500,0.144611,0.360000,0.266069
36.5667,0.144565,0.360000,0.266064
36.5833,0.144520,0.360000,0.266059
36.6000,0.144474,0.360000,0.266054
36.6167,0.144429,0.360000,0.266049
36.6333,0.144383,0.360000,0.266044
36.6500,0.144338,0.360000,0.266039
36.6667,0.144293,0.360000,0.266034
36.6833,0.144247,0.360000,0.266029
36.7000,0.144202,0.360000,0.266024
36.7167,0.144157,0.360000,0.266019
36.7333,0.144112,0.360000,0.266014
36.7500,0.144067,0.360000,0.266009
36.7667,0.144022,0.360000,0.266004
36.7833,0.143977,0.360000,0.265999
36.8000,0.143932,0.360000,0.265994
36.8167,0.143887,0.360000,0.265989
36.8333,0.143842,0.360000,0.265984
36.8500,0.143798,0.360000,0.265979
36.8667,0.143753,0.360000,0.265974
36.8833,0.143708,0.360000,0.265969
36.9000,0.143664,0.360000,0.265964
36.9167,0.143619,0.360000,0.265960
36.9333,0.143575,0.360000,0.265955
36.9500,0.143530,0.360000,0.265950
36.9667,0.143486,0.360000,0.265945
36.9833,0.143441,0.360000,0.265940
37.0000,0.143397,0.360000,0.265935
37.0167,0.143353,0.360000,0.265930
37.0333,0.143309,0.360000,0.265925
37.0500,0.143265,0.360000,0.265920
37.0667,0.143220,0.360000,0.265916
37.0833,0.143176,0.360000,0.265911
37.1000,0.143132,0.360000,0.265906
37.1167,0.143088,0.360000,0.265901
37.1333,0.143044,0.360000,0.265896
37.1500,0.143001,0.360000,0.265891
37.1667,0.142957,0.360000,0.265886
37.1833,0.142913,0.360000,0.265882
37.2000,0.142869,0.360000,0.265877
37.2167,0.142826,0.360000,0.265872
37.2333,0.142782,0.360000,0.265867
37.2500,0.142738,0.360000,0.265862
37.2667,0.142695,0.360000,0.265857
37.2833,0.142651,0.360000,0.265853
37.3000,0.142608,0.360000,0.265848
37.3167,0.142565,0.360000,0.265843
37.3333,0.142521,0.360000,0.265838
37.3500,0.142478,0.360000,0.265833
37.3667,0.142435,0.360000,0.265829
37.3833,0.142392,0.360000,0.265824
37.4000,0.142348,0.360000,0.265819
37.4167,0.142305,0.360000,0.265814
37.4333,0.142262,0.360000,0.265810
37.4500,0.142219,0.360000,0.265805
37.4667,0.142176,0.360000,0.265800
37.4833,0.142133,0.360000,0.265795
37.5000,0.142091,0.360000,0.265791
37.5167,0.142048,0.360000,0.265786
37.5333,0.142005,0.360000,0.265781
37.5500,0.141962,0.360000,0.265777
37.5667,0.141920,0.360000,0.265772
37.5833,0.141877,0.360000,0.265767
37.6000,0.141834,0.360000,0.265762
37.6167,0.141792,0.360000,0.265758
37.6333,0.141749,0.360000,0.265753
37.6500,0.141707,0.360000,0.265748
37.6667,0.141664,0.360000,0.265744
37.6833,0.141622,0.360000,0.265739
37.7000,0.141580,0.360000,0.265734
37.7167,0.141538,0.360000,0.265730
37.7333,0.141495,0.360000,0.265725
37.7500,0.141453,0.360000,0.265720
37.7667,0.141411,0.360000,0.265716
37.7833,0.141369,0.360000,0.265711
37.8000,0.141327,0.360000,0.265706
37.8167,0.141285,0.360000,0.265702
37.8333,0.141243,0.360000,0.265697
37.8500,0.141201,0.360000,0.265693
37.8667,0.141159,0.360000,0.265688
37.8833,0.141117,0.360000,0.265683
37.9000,0.141076,0.360000,0.265679
37.9167,0.141034,0.360000,0.265674
37.9333,0.140992,0.360000,0.265670
37.9500,0.140951,0.360000,0.265665
37.9667,0.140909,0.360000,0.265660
37.9833,0.140868,0.360000,0.265656
38.0000,0.140826,0.360000,0.265651
38.0167,0.140785,0.360000,0.265647
38.0333,0.140743,0.360000,0.265642
38.0500,0.140702,0.360000,0.265638
38.0667,0.140660,0.360000,0.265633
38.0833,0.140619,0.360000,0.265628
38.1000,0.140578,0.360000,0.265624
38.1167,0.140537,0.360000,0.265619
38.1333,0.140496,0.360000,0.265615
38.1500,0.140455,0.360000,0.265610
38.1667,0.140414,0.360000,0.265606
38.1833,0.140372,0.360000,0.265601
38.2000,0.140332,0.360000,0.265597
38.2167,0.140291,0.360000,0.265592
38.2333,0.140250,0.360000,0.265588
38.2500,0.140209,0.360000,0.265583
38.2667,0.140168,0.360000,0.265579
38.2833,0.140127,0.360000,0.265574
38.3000,0.140087,0.360000,0.265570
38.3167,0.140046,0.360000,0.265565
38.3333,0.140005,0.360000,0.265561
38.3500,0.139965,0.360000,0.265556
38.3667,0.139924,0.360000,0.265552
38.3833,0.139884,0.360000,0.265547
38.4000,0.139843,0.360000,0.265543
38.4167,0.139803,0.360000,0.265538
38.4333,0.139763,0.360000,0.265534
38.4500,0.139722,0.360000,0.265530
38.4667,0.139682,0.360000,0.265525
38.4833,0.139642,0.360000,0.265521
38.5000,0.139602,0.360000,0.265516
38.5167,0.139561,0.360000,0.265512
38.5333,0.139521,0.360000,0.265507
38.5500,0.139481,0.360000,0.265503
38.5667,0.139441,0.360000,0.265499
38.5833,0.139401,0.360000,0.265494
38.6000,0.139361,0.360000,0.265490
38.6167,0.139321,0.360000,0.265485
38.6333,0.139282,0.360000,0.265481
38.6500,0.139242,0.360000,0.265477
38.6667,0.139202,0.360000,0.265472
38.6833,0.139162,0.360000,0.265468
38.7000,0.139123,0.360000,0.265464
38.7167,0.139083,0.360000,0.265459
38.7333,0.139043,0.360000,0.265455
38.7500,0.139004,0.360000,0.265450
38.7667,0.138964,0.360000,0.265446
38.7833,0.138925,0.360000,0.265442
38.8000,0.138885,0.360000,0.265437
38.8167,0.138846,0.360000,0.265433
38.8333,0.138807,0.360000,0.265429
38.8500,0.138767,0.360000,0.265424
38.8667,0.138728,0.360000,0.265420
38.8833,0.138689,0.360000,0.265416
38.9000,0.138650,0.360000,0.265411
38.9167,0.138610,0.360000,0.265407
38.9333,0.138571,0.360000,0.265403
38.9500,0.138532,0.360000,0.265399
38.9667,0.138493,0.360000,0.265394
38.9833,0.138454,0.360000,0.265390
39.0000,0.138415,0.360000,0.265386
39.0167,0.138376,0.360000,0.265381
39.0333,0.138337,0.360000,0.265377
39.0500,0.138299,0.360000,0.265373
39.0667,0.138260,0.360000,0.265369
39.0833,0.138221,0.360000,0.265364
39.1000,0.138182,0.360000,0.265360
39.1167,0.138144,0.360000,0.265356
39.1333,0.138105,0.360000,0.265352
39.1500,0.138067,0.360000,0.265347
39.1667,0.138028,0.360000,0.265343
39.1833,0.137989,0.360000,0.265339
39.2000,0.137951,0.360000,0.265335
39.2167,0.137913,0.360000,0.265330
39.2333,0.137874,0.360000,0.265326
39.2500,0.137836,0.360000,0.265322
39.2667,0.137798,0.360000,0.265318
39.2833,0.137759,0.360000,0.265313
39.3000,0.137721,0.360000,0.265309
39.3167,0.137683,0.360000,0.265305
39.3333,0.137645,0.360000,0.265301
39.3500,0.137607,0.360000,0.265297
39.3667,0.137568,0.360000,0.265293
39.3833,0.137530,0.360000,0.265288
39.4000,0.137492,0.360000,0.265284
39.4167,0.137454,0.360000,0.265280
39.4333,0.137417,0.360000,0.265276
39.4500,0.137379,0.360000,0.265272
39.4667,0.137341,0.360000,0.265267
39.4833,0.137303,0.360000,0.265263
39.5000,0.137265,0.360000,0.265259
39.5167,0.137228,0.360000,0.265255
39.5333,0.137190,0.360000,0.265251
39.5500,0.137152,0.360000,0.265247
39.5667,0.137115,0.360000,0.265243
39.5833,0.137077,0.360000,0.265238
39.6000,0.137039,0.360000,0.265234
39.6167,0.137002,0.360000,0.265230
39.6333,0.136965,0.360000,0.265226
39.6500,0.136927,0.360000,0.265222
39.6667,0.136890,0.360000,0.265218
39.6833,0.136852,0.360000,0.265214
39.7000,0.136815,0.360000,0.265210
39.7167,0.136778,0.360000,0.265206
39.7333,0.136741,0.360000,0.265201
39.7500,0.136703,0.360000,0.265197
39.7667,0.136666,0.360000,0.265193
39.7833,0.136629,0.360000,0.265189
39.8000,0.136592,0.360000,0.265185
39.8167,0.136555,0.360000,0.265181
39.8333,0.136518,0.360000,0.265177
39.8500,0.136481,0.360000,0.265173
39.8667,0.136444,0.360000,0.265169
39.8833,0.136407,0.360000,0.265165
39.9000,0.136370,0.360000,0.265161
39.9167,0.136333,0.360000,0.265157
39.9333,0.136297,0.360000,0.265153
39.9500,0.136260,0.360000,0.265149
39.9667,0.136223,0.360000,0.265145
39.9833,0.136187,0.360000,0.265141
40.0000,0.136150,0.360000,0.265137
40.0167,0.136113,0.360000,0.265133
40.0333,0.136077,0.360000,0.265129
40.0500,0.136040,0.360000,0.265125
40.0667,0.136004,0.360000,0.265121
40.0833,0.135967,0.360000,0.265117
40.1000,0.135931,0.360000,0.265113
40.1167,0.135894,0.360000,0.265109
40.1333,0.135858,0.360000,0.265105
40.1500,0.135822,0.360000,0.265101
40.1667,0.135786,0.360000,0.265097
40.1833,0.135749,0.360000,0.265093
40.2000,0.135713,0.360000,0.265089
40.2167,0.135677,0.360000,0.265085
40.2333,0.135641,0.360000,0.265081
40.2500,0.135605,0.360000,0.265077
40.2667,0.135569,0.360000,0.265073
40.2833,0.135533,0.360000,0.265069
40.3000,0.135497,0.360000,0.265065
40.3167,0.135461,0.360000,0.265061
40.3333,0.135425,0.360000,0.265057
40.3500,0.135389,0.360000,0.265053
40.3667,0.135353,0.360000,0.265049
40.3833,0.135317,0.360000,0.265045
40.4000,0.135282,0.360000,0.265041
40.4167,0.135246,0.360000,0.265037
40.4333,0.135210,0.360000,0.265033
40.4500,0.135174,0.360000,0.265029
40.4667,0.135139,0.360000,0.265026
40.4833,0.135103,0.360000,0.265022
40.5000,0.135068,0.360000,0.265018
40.5167,0.135032,0.360000,0.265014
40.5333,0.134997,0.360000,0.265010
40.5500,0.134961,0.360000,0.265006
40.5667,0.134926,0.360000,0.265002
40.5833,0.134890,0.360000,0.264998
40.6000,0.134855,0.360000,0.264994
40.6167,0.134820,0.360000,0.264991
40.6333,0.134784,0.360000,0.264987
40.6500,0.134749,0.360000,0.264983
40.6667,0.134714,0.360000,0.264979
40.6833,0.134679,0.360000,0.264975
40.7000,0.134644,0.360000,0.264971
40.7167,0.134609,0.360000,0.264967
40.7333,0.134573,0.360000,0.264964
40.7500,0.134538,0.360000,0.264960
40.7667,0.134503,0.360000,0.264956
40.7833,0.134468,0.360000,0.264952
40.8000,0.134434,0.360000,0.264948
40.8167,0.134399,0.360000,0.264944
40.8333,0.134364,0.360000,0.264941
40.8500,0.134329,0.360000,0.264937
40.8667,0.134294,0.360000,0.264933
40.8833,0.134259,0.360000,0.264929
40.9000,0.134225,0.360000,0.264925
40.9167,0.134190,0.360000,0.264921
40.9333,0.134155,0.360000,0.264918
40.9500,0.134121,0.360000,0.264914
40.9667,0.134086,0.360000,0.264910
40.9833,0.134051,0.360000,0.264906
41.0000,0.134017,0.360000,0.264903
41.0167,0.133982,0.360000,0.264899
41.0333,0.133948,0.360000,0.264895
41.0500,0.133914,0.360000,0.264891
41.0667,0.133879,0.360000,0.264887
41.0833,0.133845,0.360000,0.264884
41.1000,0.133810,0.360000,0.264880
41.1167,0.133776,0.360000,0.264876
41.1333,0.133742,0.360000,0.264872
41.1500,0.133708,0.360000,0.264869
41.1667,0.133673,0.360000,0.264865
41.1833,0.133639,0.360000,0.264861
41.2000,0.133605,0.360000,0.264857
41.2167,0.133571,0.360000,0.264854
41.2333,0.133537,0.360000,0.264850
41.2500,0.133503,0.360000,0.264846
41.2667,0.133469,0.360000,0.264842
41.2833,0.133435,0.360000,0.264839
41.3000,0.133401,0.360000,0.264835
41.3167,0.133367,0.360000,0.264831
41.3333,0.133333,0.360000,0.264828
41.3500,0.133299,0.360000,0.264824
41.3667,0.133266,0.360000,0.264820
41.3833,0.133232,0.360000,0.264816
41.4000,0.133198,0.360000,0.264813
41.4167,0.133164,0.360000,0.264809
41.4333,0.133131,0.360000,0.264805
41.4500,0.133097,0.360000,0.264802
41.4667,0.133063,0.360000,0.264798
41.4833,0.133030,0.360000,0.264794
41.5000,0.132996,0.360000,0.264791
41.5167,0.132963,0.360000,0.264787
41.5333,0.132929,0.360000,0.264783
41.5500,0.132896,0.360000,0.264780
41.5667,0.132863,0.360000,0.264776
41.5833,0.132829,0.360000,0.264772
41.6000,0.132796,0.360000,0.264769
41.6167,0.132762,0.360000,0.264765
41.6333,0.132729,0.360000,0.264761
41.6500,0.132696,0.360000,0.264758
41.6667,0.132663,0.360000,0.264754
41.6833,0.132629,0.360000,0.264750
41.7000,0.132596,0.360000,0.264747
41.7167,0.132563,0.360000,0.264743
41.7333,0.132530,0.360000,0.264740
41.7500,0.132497,0.360000,0.264736
41.7667,0.132464,0.360000,0.264732
41.7833,0.132431,0.360000,0.264729
41.8000,0.132398,0.360000,0.264725
41.8167,0.132365,0.360000,0.264722
41.8333,0.132332,0.360000,0.264718
41.8500,0.132299,0.360000,0.264714
41.8667,0.132266,0.360000,0.264711
41.8833,0.132234,0.360000,0.264707
41.9000,0.132201,0.360000,0.264704
41.9167,0.132168,0.360000,0.264700
41.9333,0.132135,0.360000,0.264696
41.9500,0.132103,0.360000,0.264693
41.9667,0.132070,0.360000,0.264689
41.9833,0.132037,0.360000,0.264686
42.0000,0.132005,0.360000,0.264682
42.0167,0.131972,0.360000,0.264678
42.0333,0.131940,0.360000,0.264675
42.0500,0.131907,0.360000,0.264671
42.0667,0.131875,0.360000,0.264668
42.0833,0.131842,0.360000,0.264664
42.1000,0.131810,0.360000,0.264661
42.1167,0.131777,0.360000,0.264657
42.1333,0.131745,0.360000,0.264654
42.1500,0.131713,0.360000,0.264650
42.1667,0.131680,0.360000,0.264647
42.1833,0.131648,0.360000,0.264643
42.2000,0.131616,0.360000,0.264640
42.2167,0.131584,0.360000,0.264636
42.2333,0.131551,0.360000,0.264632
42.2500,0.131519,0.360000,0.264629
42.2667,0.131487,0.360000,0.264625
42.2833,0.131455,0.360000,0.264622
42.3000,0.131423,0.360000,0.264618
42.3167,0.131391,0.360000,0.264615
42.3333,0.131359,0.360000,0.264611
42.3500,0.131327,0.360000,0.264608
42.3667,0.131295,0.360000,0.264604
42.3833,0.131263,0.360000,0.264601
42.4000,0.131231,0.360000,0.264597
42.4167,0.131199,0.360000,0.264594
42.4333,0.131168,0.360000,0.264590
42.4500,0.131136,0.360000,0.264587
42.4667,0.131104,0.360000,0.264584
42.4833,0.131072,0.360000,0.264580
42.5000,0.131041,0.360000,0.264577
42.5167,0.131009,0.360000,0.264573
42.5333,0.130977,0.360000,0.264570
42.5500,0.130946,0.360000,0.264566
42.5667,0.130914,0.360000,0.264563
42.5833,0.130882,0.360000,0.264559
42.6000,0.130851,0.360000,0.264556
42.6167,0.130819,0.360000,0.264552
42.6333,0.130788,0.360000,0.264549
42.6500,0.130756,0.360000,0.264546
42.6667,0.130725,0.360000,0.264542
42.6833,0.130694,0.360000,0.264539
42.7000,0.130662,0.360000,0.264535
42.7167,0.130631,0.360000,0.264532
42.7333,0.130600,0.360000,0.264528
42.7500,0.130568,0.360000,0.264525
42.7667,0.130537,0.360000,0.264522
42.7833,0.130506,0.360000,0.264518
42.8000,0.130475,0.360000,0.264515
42.8167,0.130444,0.360000,0.264511
42.8333,0.130412,0.360000,0.264508
42.8500,0.130381,0.360000,0.264504
42.8667,0.130350,0.360000,0.264501
42.8833,0.130319,0.360000,0.264498
42.9000,0.130288,0.360000,0.264494
42.9167,0.130257,0.360000,0.264491
42.9333,0.130226,0.360000,0.264488
42.9500,0.130195,0.360000,0.264484
42.9667,0.130164,0.360000,0.264481
42.9833,0.130134,0.360000,0.264477
43.0000,0.130103,0.360000,0.264474
43.0167,0.130072,0.360000,0.264471
43.0333,0.130041,0.360000,0.264467
43.0500,0.130010,0.360000,0.264464
43.0667,0.129980,0.360000,0.264461
43.0833,0.129949,0.360000,0.264457
43.1000,0.129918,0.360000,0.264454
43.1167,0.129888,0.360000,0.264451
43.1333,0.129857,0.360000,0.264447
43.1500,0.129826,0.360000,0.264444
43.1667,0.129796,0.360000,0.264441
43.1833,0.129765,0.360000,0.264437
43.2000,0.129735,0.360000,0.264434
43.2167,0.129704,0.360000,0.264431
43.2333,0.129674,0.360000,0.264427
43.2500,0.129643,0.360000,0.264424
43.2667,0.129613,0.360000,0.264421
43.2833,0.129583,0.360000,0.264417
43.3000,0.129552,0.360000,0.264414
43.3167,0.129522,0.360000,0.264411
43.3333,0.129492,0.360000,0.264407
43.3500,0.129461,0.360000,0.264404
43.3667,0.129431,0.360000,0.264401
43.3833,0.129401,0.360000,0.264397
43.4000,0.129371,0.360000,0.264394
43.4167,0.129341,0.360000,0.264391
43.4333,0.129311,0.360000,0.264387
43.4500,0.129280,0.360000,0.264384
43.4667,0.129250,0.360000,0.264381
43.4833,0.129220,0.360000,0.264378
43.5000,0.129190,0.360000,0.264374
43.5167,0.129160,0.360000,0.264371
43.5333,0.129130,0.360000,0.264368
43.5500,0.129100,0.360000,0.264365
43.5667,0.129071,0.360000,0.264361
43.5833,0.129041,0.360000,0.264358
43.6000,0.129011,0.360000,0.264355
43.6167,0.128981,0.360000,0.264351
43.6333,0.128951,0.360000,0.264348
43.6500,0.128921,0.360000,0.264345
43.6667,0.128892,0.360000,0.264342
43.6833,0.128862,0.360000,0.264338
43.7000,0.128832,0.360000,0.264335
43.7167,0.128803,0.360000,0.264332
43.7333,0.128773,0.360000,0.264329
43.7500,0.128743,0.360000,0.264326
43.7667,0.128714,0.360000,0.264322
43.7833,0.128684,0.360000,0.264319
43.8000,0.128655,0.360000,0.264316
43.8167,0.128625,0.360000,0.264313
43.8333,0.128596,0.360000,0.264309
43.8500,0.128566,0.360000,0.264306
43.8667,0.128537,0.360000,0.264303
43.8833,0.128507,0.360000,0.264300
43.9000,0.128478,0.360000,0.264297
43.9167,0.128449,0.360000,0.264293
43.9333,0.128419,0.360000,0.264290
43.9500,0.128390,0.360000,0.264287
43.9667,0.128361,0.360000,0.264284
43.9833,0.128331,0.360000,0.264281
44.0000,0.128302,0.360000,0.264277
44.0167,0.128273,0.360000,0.264274
44.0333,0.128244,0.360000,0.264271
44.0500,0.128215,0.360000,0.264268
44.0667,0.128186,0.360000,0.264265
44.0833,0.128156,0.360000,0.264261
44.1000,0.128127,0.360000,0.264258
44.1167,0.128098,0.360000,0.264255
44.1333,0.128069,0.360000,0.264252
44.1500,0.128040,0.360000,0.264249
44.1667,0.128011,0.360000,0.264246
44.1833,0.127982,0.360000,0.264243
44.2000,0.127953,0.360000,0.264239
44.2167,0.127925,0.360000,0.264236
44.2333,0.127896,0.360000,0.264233
44.2500,0.127867,0.360000,0.264230
44.2667,0.127838,0.360000,0.264227
44.2833,0.127809,0.360000,0.264224
44.3000,0.127781,0.360000,0.264220
44.3167,0.127752,0.360000,0.264217
44.3333,0.127723,0.360000,0.264214
44.3500,0.127694,0.360000,0.264211
44.3667,0.127666,0.360000,0.264208
44.3833,0.127637,0.360000,0.264205
44.4000,0.127608,0.360000,0.264202
44.4167,0.127580,0.360000,0.264199
44.4333,0.127551,0.360000,0.264195
44.4500,0.127523,0.360000,0.264192
44.4667,0.127494,0.360000,0.264189
44.4833,0.127466,0.360000,0.264186
44.5000,0.127437,0.360000,0.264183
44.5167,0.127409,0.360000,0.264180
44.5333,0.127380,0.360000,0.264177
44.5500,0.127352,0.360000,0.264174
44.5667,0.127324,0.360000,0.264171
44.5833,0.127295,0.360000,0.264168
44.6000,0.127267,0.360000,0.264164
44.6167,0.127239,0.360000,0.264161
44.6333,0.127210,0.360000,0.264158
44.6500,0.127182,0.360000,0.264155
44.6667,0.127154,0.360000,0.264152
44.6833,0.127126,0.360000,0.264149
44.7000,0.127098,0.360000,0.264146
44.7167,0.127069,0.360000,0.264143
44.7333,0.127041,0.360000,0.264140
44.7500,0.127013,0.360000,0.264137
44.7667,0.126985,0.360000,0.264134
44.7833,0.126957,0.360000,0.264131
44.8000,0.126929,0.360000,0.264128
44.8167,0.126901,0.360000,0.264125
44.8333,0.126873,0.360000,0.264122
44.8500,0.126845,0.360000,0.264118
44.8667,0.126817,0.360000,0.264115
44.8833,0.126789,0.360000,0.264112
44.9000,0.126761,0.360000,0.264109
44.9167,0.126734,0.360000,0.264106
44.9333,0.126706,0.360000,0.264103
44.9500,0.126678,0.360000,0.264100
44.9667,0.126650,0.360000,0.264097
44.9833,0.126622,0.360000,0.264094
45.0000,0.126595,0.360000,0.264091
45.0167,0.126567,0.360000,0.264088
45.0333,0.126539,0.360000,0.264085
45.0500,0.126512,0.360000,0.264082
45.0667,0.126484,0.360000,0.264079
45.0833,0.126456,0.360000,0.264076
45.1000,0.126429,0.360000,0.264073
45.1167,0.126401,0.360000,0.264070
45.1333,0.126374,0.360000,0.264067
45.1500,0.126346,0.360000,0.264064
45.1667,0.126319,0.360000,0.264061
45.1833,0.126291,0.360000,0.264058
45.2000,0.126264,0.360000,0.264055
45.2167,0.126236,0.360000,0.264052
45.2333,0.126209,0.360000,0.264049
45.2500,0.126181,0.360000,0.264046
45.2667,0.126154,0.360000,0.264043
45.2833,0.126127,0.360000,0.264040
45.3000,0.126099,0.360000,0.264037
45.3167,0.126072,0.360000,0.264034
45.3333,0.126045,0.360000,0.264031
45.3500,0.126018,0.360000,0.264028
45.3667,0.125990,0.360000,0.264025
45.3833,0.125963,0.360000,0.264022
45.4000,0.125936,0.360000,0.264019
45.4167,0.125909,0.360000,0.264016
45.4333,0.125882,0.360000,0.264014
45.4500,0.125855,0.360000,0.264011
45.4667,0.125828,0.360000,0.264008
45.4833,0.125801,0.360000,0.264005
45.5000,0.125774,0.360000,0.264002
45.5167,0.125747,0.360000,0.263999
45.5333,0.125720,0.360000,0.263996
45.5500,0.125693,0.360000,0.263993
45.5667,0.125666,0.360000,0.263990
45.5833,0.125639,0.360000,0.263987
45.6000,0.125612,0.360000,0.263984
45.6167,0.125585,0.360000,0.263981
45.6333,0.125558,0.360000,0.263978
45.6500,0.125531,0.360000,0.263975
45.6667,0.125504,0.360000,0.263972
45.6833,0.125478,0.360000,0.263970
45.7000,0.125451,0.360000,0.263967
45.7167,0.125424,0.360000,0.263964
45.7333,0.125397,0.360000,0.263961
45.7500,0.125371,0.360000,0.263958
45.7667,0.125344,0.360000,0.263955
45.7833,0.125317,0.360000,0.263952
45.8000,0.125291,0.360000,0.263949
45.8167,0.125264,0.360000,0.263946
45.8333,0.125238,0.360000,0.263943
45.8500,0.125211,0.360000,0.263940
45.8667,0.125184,0.360000,0.263938
45.8833,0.125158,0.360000,0.263935
45.9000,0.125131,0.360000,0.263932
45.9167,0.125105,0.360000,0.263929
45.9333,0.125079,0.360000,0.263926
45.9500,0.125052,0.360000,0.263923
45.9667,0.125026,0.360000,0.263920
45.9833,0.124999,0.360000,0.263917
46.0000,0.124973,0.360000,0.263915
46.0167,0.124947,0.360000,0.263912
46.0333,0.124920,0.360000,0.263909
46.0500,0.124894,0.360000,0.263906
46.0667,0.124868,0.360000,0.263903
46.0833,0.124841,0.360000,0.263900
46.1000,0.124815,0.360000,0.263897
46.1167,0.124789,0.360000,0.263895
46.1333,0.124763,0.360000,0.263892
46.1500,0.124737,0.360000,0.263889
46.1667,0.124711,0.360000,0.263886
46.1833,0.124684,0.360000,0.263883
46.2000,0.124658,0.360000,0.263880
46.2167,0.124632,0.360000,0.263878
46.2333,0.124606,0.360000,0.263875
46.2500,0.124580,0.360000,0.263872
46.2667,0.124554,0.360000,0.263869
46.2833,0.124528,0.360000,0.263866
46.3000,0.124502,0.360000,0.263863
46.3167,0.124476,0.360000,0.263861
46.3333,0.124450,0.360000,0.263858
46.3500,0.124424,0.360000,0.263855
46.3667,0.124399,0.360000,0.263852
46.3833,0.124373,0.360000,0.263849
46.4000,0.124347,0.360000,0.263846
46.4167,0.124321,0.360000,0.263844
46.4333,0.124295,0.360000,0.263841
46.4500,0.124269,0.360000,0.263838
46.4667,0.124244,0.360000,0.263835
46.4833,0.124218,0.360000,0.263832
46.5000,0.124192,0.360000,0.263830
46.5167,0.124167,0.360000,0.263827
46.5333,0.124141,0.360000,0.263824
46.5500,0.124115,0.360000,0.263821
46.5667,0.124090,0.360000,0.263818
46.5833,0.124064,0.360000,0.263816
46.6000,0.124038,0.360000,0.263813
46.6167,0.124013,0.360000,0.263810
46.6333,0.123987,0.360000,0.263807
46.6500,0.123962,0.360000,0.263805
46.6667,0.123936,0.360000,0.263802
46.6833,0.123911,0.360000,0.263799
46.7000,0.123885,0.360000,0.263796
46.7167,0.123860,0.360000,0.263793
46.7333,0.123834,0.360000,0.263791
46.7500,0.123809,0.360000,0.263788
46.7667,0.123784,0.360000,0.263785
46.7833,0.123758,0.360000,0.263782
46.8000,0.123733,0.360000,0.263780
46.8167,0.123708,0.360000,0.263777
46.8333,0.123682,0.360000,0.263774
46.8500,0.123657,0.360000,0.263771
46.8667,0.123632,0.360000,0.263769
46.8833,0.123607,0.360000,0.263766
46.9000,0.123581,0.360000,0.263763
46.9167,0.123556,0.360000,0.263760
46.9333,0.123531,0.360000,0.263758
46.9500,0.123506,0.360000,0.263755
46.9667,0.123481,0.360000,0.263752
46.9833,0.123456,0.360000,0.263750
47.0000,0.123430,0.360000,0.263747
47.0167,0.123405,0.360000,0.263744
47.0333,0.123380,0.360000,0.263741
47.0500,0.123355,0.360000,0.263739
47.0667,0.123330,0.360000,0.263736
47.0833,0.123305,0.360000,0.263733
47.1000,0.123280,0.360000,0.263731
47.1167,0.123255,0.360000,0.263728
47.1333,0.123230,0.360000,0.263725
47.1500,0.123206,0.360000,0.263722
47.1667,0.123181,0.360000,0.263720
47.1833,0.123156,0.360000,0.263717
47.2000,0.123131,0.360000,0.263714
47.2167,0.123106,0.360000,0.263712
47.2333,0.123081,0.360000,0.263709
47.2500,0.123057,0.360000,0.263706
47.2667,0.123032,0.360000,0.263703
47.2833,0.123007,0.360000,0.263701
47.3000,0.122982,0.360000,0.263698
47.3167,0.122958,0.360000,0.263695
47.3333,0.122933,0.360000,0.263693
47.3500,0.122908,0.360000,0.263690
47.3667,0.122884,0.360000,0.263687
47.3833,0.122859,0.360000,0.263685
47.4000,0.122834,0.360000,0.263682
47.4167,0.122810,0.360000,0.263679
47.4333,0.122785,0.360000,0.263677
47.4500,0.122761,0.360000,0.263674
47.4667,0.122736,0.360000,0.263671
47.4833,0.122712,0.360000,0.263669
47.5000,0.122687,0.360000,0.263666
47.5167,0.122663,0.360000,0.263663
47.5333,0.122638,0.360000,0.263661
47.5500,0.122614,0.360000,0.263658
47.5667,0.122589,0.360000,0.263655
47.5833,0.122565,0.360000,0.263653
47.6000,0.122541,0.360000,0.263650
47.6167,0.122516,0.360000,0.263647
47.6333,0.122492,0.360000,0.263645
47.6500,0.122468,0.360000,0.263642
47.6667,0.122443,0.360000,0.263640
47.6833,0.122419,0.360000,0.263637
47.7000,0.122395,0.360000,0.263634
47.7167,0.122370,0.360000,0.263632
47.7333,0.122346,0.360000,0.263629
47.7500,0.122322,0.360000,0.263626
47.7667,0.122298,0.360000,0.263624
47.7833,0.122274,0.360000,0.263621
47.8000,0.122250,0.360000,0.263619
47.8167,0.122225,0.360000,0.263616
47.8333,0.122201,0.360000,0.263613
47.8500,0.122177,0.360000,0.263611
47.8667,0.122153,0.360000,0.263608
47.8833,0.122129,0.360000,0.263605
47.9000,0.122105,0.360000,0.263603
47.9167,0.122081,0.360000,0.263600
47.9333,0.122057,0.360000,0.263598
47.9500,0.122033,0.360000,0.263595
47.9667,0.122009,0.360000,0.263592
47.9833,0.121985,0.360000,0.263590
48.0000,0.121961,0.360000,0.263587
48.0167,0.121937,0.360000,0.263585
48.0333,0.121914,0.360000,0.263582
48.0500,0.121890,0.360000,0.263579
48.0667,0.121866,0.360000,0.263577
48.0833,0.121842,0.360000,0.263574
48.1000,0.121818,0.360000,0.263572
48.1167,0.121794,0.360000,0.263569
48.1333,0.121771,0.360000,0.263567
48.1500,0.121747,0.360000,0.263564
48.1667,0.121723,0.360000,0.263561
48.1833,0.121699,0.360000,0.263559
48.2000,0.121676,0.360000,0.263556
48.2167,0.121652,0.360000,0.263554
48.2333,0.121628,0.360000,0.263551
48.2500,0.121605,0.360000,0.263549
48.2667,0.121581,0.360000,0.263546
48.2833,0.121558,0.360000,0.263543
48.3000,0.121534,0.360000,0.263541
48.3167,0.121510,0.360000,0.263538
48.3333,0.121487,0.360000,0.263536
48.3500,0.121463,0.360000,0.263533
48.3667,0.121440,0.360000,0.263531
48.3833,0.121416,0.360000,0.263528
48.4000,0.121393,0.360000,0.263526
48.4167,0.121370,0.360000,0.263523
48.4333,0.121346,0.360000,0.263520
48.4500,0.121323,0.360000,0.263518
48.4667,0.121299,0.360000,0.263515
48.4833,0.121276,0.360000,0.263513
48.5000,0.121253,0.360000,0.263510
48.5167,0.121229,0.360000,0.263508
48.5333,0.121206,0.360000,0.263505
48.5500,0.121183,0.360000,0.263503
48.5667,0.121159,0.360000,0.263500
48.5833,0.121136,0.360000,0.263498
48.6000,0.121113,0.360000,0.263495
48.6167,0.121090,0.360000,0.263493
48.6333,0.121066,0.360000,0.263490
48.6500,0.121043,0.360000,0.263488
48.6667,0.121020,0.360000,0.263485
48.6833,0.120997,0.360000,0.263483
48.7000,0.120974,0.360000,0.263480
48.7167,0.120951,0.360000,0.263478
48.7333,0.120927,0.360000,0.263475
48.7500,0.120904,0.360000,0.263473
48.7667,0.120881,0.360000,0.263470
48.7833,0.120858,0.360000,0.263468
48.8000,0.120835,0.360000,0.263465
48.8167,0.120812,0.360000,0.263463
48.8333,0.120789,0.360000,0.263460
48.8500,0.120766,0.360000,0.263458
48.8667,0.120743,0.360000,0.263455
48.8833,0.120720,0.360000,0.263453
48.9000,0.120697,0.360000,0.263450
48.9167,0.120674,0.360000,0.263448
48.9333,0.120652,0.360000,0.263445
48.9500,0.120629,0.360000,0.263443
48.9667,0.120606,0.360000,0.263440
48.9833,0.120583,0.360000,0.263438
49.0000,0.120560,0.360000,0.263435
49.0167,0.120537,0.360000,0.263433
49.0333,0.120515,0.360000,0.263430
49.0500,0.120492,0.360000,0.263428
49.0667,0.120469,0.360000,0.263425
49.0833,0.120446,0.360000,0.263423
49.1000,0.120424,0.360000,0.263420
49.1167,0.120401,0.360000,0.263418
49.1333,0.120378,0.360000,0.263415
49.1500,0.120356,0.360000,0.263413
49.1667,0.120333,0.360000,0.263411
49.1833,0.120310,0.360000,0.263408
49.2000,0.120288,0.360000,0.263406
49.2167,0.120265,0.360000,0.263403
49.2333,0.120242,0.360000,0.263401
49.2500,0.120220,0.360000,0.263398
49.2667,0.120197,0.360000,0.263396
49.2833,0.120175,0.360000,0.263393
49.3000,0.120152,0.360000,0.263391
49.3167,0.120130,0.360000,0.263389
49.3333,0.120107,0.360000,0.263386
49.3500,0.120085,0.360000,0.263384
49.3667,0.120062,0.360000,0.263381
49.3833,0.120040,0.360000,0.263379
49.4000,0.120018,0.360000,0.263376
49.4167,0.119995,0.360000,0.263374
49.4333,0.119973,0.360000,0.263372
49.4500,0.119950,0.360000,0.263369
49.4667,0.119928,0.360000,0.263367
49.4833,0.119906,0.360000,0.263364
49.5000,0.119884,0.360000,0.263362
49.5167,0.119861,0.360000,0.263359
49.5333,0.119839,0.360000,0.263357
49.5500,0.119817,0.360000,0.263355
49.5667,0.119794,0.360000,0.263352
49.5833,0.119772,0.360000,0.263350
49.6000,0.119750,0.360000,0.263347
49.6167,0.119728,0.360000,0.263345
49.6333,0.119706,0.360000,0.263343
49.6500,0.119684,0.360000,0.263340
49.6667,0.119661,0.360000,0.263338
49.6833,0.119639,0.360000,0.263335
49.7000,0.119617,0.360000,0.263333
49.7167,0.119595,0.360000,0.263331
49.7333,0.119573,0.360000,0.263328
49.7500,0.119551,0.360000,0.263326
49.7667,0.119529,0.360000,0.263323
49.7833,0.119507,0.360000,0.263321
49.8000,0.119485,0.360000,0.263319
49.8167,0.119463,0.360000,0.263316
49.8333,0.119441,0.360000,0.263314
49.8500,0.119419,0.360000,0.263312
49.8667,0.119397,0.360000,0.263309
49.8833,0.119375,0.360000,0.263307
49.9000,0.119353,0.360000,0.263304
49.9167,0.119331,0.360000,0.263302
49.9333,0.119309,0.360000,0.263300
49.9500,0.119288,0.360000,0.263297
49.9667,0.119266,0.360000,0.263295
49.9833,0.119244,0.360000,0.263293
50.0000,0.119222,0.360000,0.263290
50.0167,0.119200,0.360000,0.263288
50.0333,0.119179,0.360000,0.263285
50.0500,0.119157,0.360000,0.263283
50.0667,0.119135,0.360000,0.263281
50.0833,0.119113,0.360000,0.263278
50.1000,0.119092,0.360000,0.263276
50.1167,0.119070,0.360000,0.263274
50.1333,0.119048,0.360000,0.263271
50.1500,0.119027,0.360000,0.263269
50.1667,0.119005,0.360000,0.263267
50.1833,0.118983,0.360000,0.263264
50.2000,0.118962,0.360000,0.263262
50.2167,0.118940,0.360000,0.263260
50.2333,0.118919,0.360000,0.263257
50.2500,0.118897,0.360000,0.263255
50.2667,0.118875,0.360000,0.263253
50.2833,0.118854,0.360000,0.263250
50.3000,0.118832,0.360000,0.263248
50.3167,0.118811,0.360000,0.263246
50.3333,0.118789,0.360000,0.263243
50.3500,0.118768,0.360000,0.263241
50.3667,0.118746,0.360000,0.263239
50.3833,0.118725,0.360000,0.263236
50.4000,0.118704,0.360000,0.263234
50.4167,0.118682,0.360000,0.263232
50.4333,0.118661,0.360000,0.263229
50.4500,0.118639,0.360000,0.263227
50.4667,0.118618,0.360000,0.263225
50.4833,0.118597,0.360000,0.263222
50.5000,0.118575,0.360000,0.263220
50.5167,0.118554,0.360000,0.263218
50.5333,0.118533,0.360000,0.263216
50.5500,0.118512,0.360000,0.263213
50.5667,0.118490,0.360000,0.263211
50.5833,0.118469,0.360000,0.263209
50.6000,0.118448,0.360000,0.263206
50.6167,0.118427,0.360000,0.263204
50.6333,0.118405,0.360000,0.263202
50.6500,0.118384,0.360000,0.263199
50.6667,0.118363,0.360000,0.263197
50.6833,0.118342,0.360000,0.263195
50.7000,0.118321,0.360000,0.263193
50.7167,0.118300,0.360000,0.263190
50.7333,0.118278,0.360000,0.263188
50.7500,0.118257,0.360000,0.263186
50.7667,0.118236,0.360000,0.263183
50.7833,0.118215,0.360000,0.263181

beta_mean,0.2981457002452744
beta_std,0.06644217193887128
beta_cv,0.22285135047800972
linear_rejected,True
