time_s,time_h,C_max,C_center,C_surface,R_m
0.00000000,0.000000000000,2.55,2.55,2.55,0.02
60.00000000,0.016666666667,2.55,2.55,2.11479373162,0.0199498732686
120.00000000,0.033333333333,2.55,2.55,1.98609851053,0.0199001680259
180.00000000,0.050000000000,2.55,2.55,1.90257646781,0.019850896699
240.00000000,0.066666666667,2.55,2.55,1.84064512658,0.0198020717152
300.00000000,0.083333333333,2.55,2.55,1.79198409511,0.0197537055016
360.00000000,0.100000000000,2.55,2.55,1.7521670962,0.0197058104854
420.00000000,0.116666666667,2.55,2.55,1.71854989236,0.0196583990939
480.00000000,0.133333333333,2.55,2.55,1.68946127152,0.019611483754
540.00000000,0.150000000000,2.55,2.55,1.66405101653,0.0195650768932
600.00000000,0.166666666667,2.55,2.55,1.64162562593,0.0195191909385
660.00000000,0.183333333333,2.55,2.55,1.6216774906,0.0194738383172
720.00000000,0.200000000000,2.55,2.55,1.60364304228,0.0194290314563
780.00000000,0.216666666667,2.55,2.55,1.58718243214,0.0193847827832
840.00000000,0.233333333333,2.55,2.55,1.57200773325,0.0193411047249
900.00000000,0.250000000000,2.55,2.55,1.55785168891,0.0192980097087
960.00000000,0.266666666667,2.55,2.55,1.54474613569,0.0192555101618
1020.00000000,0.283333333333,2.55,2.55,1.53242078653,0.0192136185113
1080.00000000,0.300000000000,2.55,2.55,1.5209901131,0.0191723471845
1140.00000000,0.316666666667,2.55,2.55,1.51024993464,0.0191317086084
1200.00000000,0.333333333333,2.55,2.55,1.50002833766,0.0190917152104
1260.00000000,0.350000000000,2.55,2.55,1.49014777273,0.0190523794175
1320.00000000,0.366666666667,2.55,2.55,1.48077898829,0.019013713657
1380.00000000,0.383333333333,2.55,2.55,1.47188629336,0.018975730356
1440.00000000,0.400000000000,2.55,2.55,1.46317467231,0.0189384419417
1500.00000000,0.416666666667,2.55,2.55,1.4545338867,0.0189018608414
1560.00000000,0.433333333333,2.55,2.55,1.44612832568,0.0188659994822
1620.00000000,0.450000000000,2.55,2.55,1.4378983722,0.0188308702913
1680.00000000,0.466666666667,2.55,2.55,1.42981886233,0.0187964856958
1740.00000000,0.483333333333,2.55,2.55,1.4221071419,0.018762858123
1800.00000000,0.500000000000,2.55,2.55,1.41462962857,0.01873
1860.00000000,0.516666666667,2.55,2.55,1.40723192092,0.0186979928836
1920.00000000,0.533333333333,2.55,2.55,1.39970444794,0.0186668745134
1980.00000000,0.550000000000,2.55,2.55,1.39212549127,0.0186365915911
2040.00000000,0.566666666667,2.55,2.55,1.38469463685,0.0186070908185
2100.00000000,0.583333333333,2.55,2.55,1.37731969058,0.0185783188971
2160.00000000,0.600000000000,2.55,2.55,1.37002138876,0.0185502225288
2220.00000000,0.616666666667,2.55,2.55,1.3629932807,0.0185227484153
2280.00000000,0.633333333333,2.55,2.55,1.35610742307,0.0184958432581
2340.00000000,0.650000000000,2.55,2.55,1.34941210906,0.018469453759
2400.00000000,0.666666666667,2.55,2.55,1.34291070407,0.0184435266197
2460.00000000,0.683333333333,2.55,2.55,1.33663504386,0.0184180085419
2520.00000000,0.700000000000,2.55,2.55,1.3305648288,0.0183928462273
2580.00000000,0.716666666667,2.55,2.55,1.32452880316,0.0183679863776
2640.00000000,0.733333333333,2.55,2.55,1.31875714419,0.0183433756944
2700.00000000,0.750000000000,2.55,2.55,1.31326471381,0.0183189608795
2760.00000000,0.766666666667,2.55,2.55,1.30784143101,0.0182946886346
2820.00000000,0.783333333333,2.55,2.55,1.30253073054,0.0182705056613
2880.00000000,0.800000000000,2.55,2.55,1.29753560767,0.0182463586613
2940.00000000,0.816666666667,2.55,2.55,1.29272540125,0.0182221943364
3000.00000000,0.833333333333,2.55,2.55,1.28801747236,0.0181979593883
3060.00000000,0.850000000000,2.55,2.55,1.28357494821,0.0181736005186
3120.00000000,0.866666666667,2.54999999999,2.54999999999,1.27952733739,0.018149064429
3180.00000000,0.883333333333,2.54999999999,2.54999999999,1.2758593616,0.0181242978212
3240.00000000,0.900000000000,2.54999999997,2.54999999997,1.27237397821,0.0180992473969
3300.00000000,0.916666666667,2.54999999995,2.54999999995,1.26913963985,0.0180738598579
3360.00000000,0.933333333333,2.54999999991,2.54999999991,1.26605255548,0.0180480819057
3420.00000000,0.950000000000,2.54999999983,2.54999999983,1.26318278208,0.0180218602421
3480.00000000,0.966666666667,2.54999999971,2.54999999971,1.26048467712,0.0179951415689
3540.00000000,0.983333333333,2.54999999951,2.54999999951,1.25798655946,0.0179678725876
3600.00000000,1.000000000000,2.54999999918,2.54999999918,1.25590360127,0.01794
3660.00000000,1.016666666667,2.54999999865,2.54999999865,1.25410295894,0.0179115922919
3720.00000000,1.033333333333,2.54999999782,2.54999999782,1.25240743594,0.0178827733682
3780.00000000,1.050000000000,2.54999999653,2.54999999653,1.25091086398,0.0178535730588
3840.00000000,1.066666666667,2.54999999457,2.54999999457,1.24948121416,0.0178240211939
3900.00000000,1.083333333333,2.54999999161,2.54999999161,1.24807245735,0.0177941476035
3960.00000000,1.100000000000,2.54999998722,2.54999998722,1.24673780628,0.0177639821176
4020.00000000,1.116666666667,2.5499999808,2.5499999808,1.2453796313,0.0177335545664
4080.00000000,1.133333333333,2.5499999715,2.5499999715,1.24395646695,0.01770289478
4140.00000000,1.150000000000,2.54999995822,2.54999995822,1.24267175904,0.0176720325882
4200.00000000,1.166666666667,2.54999993947,2.54999993947,1.24143665971,0.0176409978214
4260.00000000,1.183333333333,2.5499999133,2.5499999133,1.24020344457,0.0176098203094
4320.00000000,1.200000000000,2.54999987714,2.54999987714,1.23912899524,0.0175785298824
4380.00000000,1.216666666667,2.54999982773,2.54999982773,1.23793953521,0.0175471563704
4440.00000000,1.233333333333,2.54999976087,2.54999976087,1.23655528642,0.0175157296035
4500.00000000,1.250000000000,2.54999967126,2.54999967126,1.23520443949,0.0174842794118
4560.00000000,1.266666666667,2.54999955228,2.54999955228,1.23389001647,0.0174528356253
4620.00000000,1.283333333333,2.54999939571,2.54999939571,1.23259922736,0.0174214280741
4680.00000000,1.300000000000,2.54999919143,2.54999919143,1.231309167,0.0173900865882
4740.00000000,1.316666666667,2.54999892712,2.54999892712,1.22996457494,0.0173588409978
4800.00000000,1.333333333333,2.54999858786,2.54999858786,1.22851829998,0.0173277211329
4860.00000000,1.350000000000,2.54999815572,2.54999815572,1.22689211222,0.0172967568235
4920.00000000,1.366666666667,2.54999760933,2.54999760933,1.22526085341,0.0172659778998
4980.00000000,1.383333333333,2.54999692341,2.54999692341,1.22347158206,0.0172354141917
5040.00000000,1.400000000000,2.5499960682,2.5499960682,1.22142939336,0.0172050955294
5100.00000000,1.416666666667,2.54999500896,2.54999500896,1.21933097792,0.0171750517429
5160.00000000,1.433333333333,2.54999370543,2.54999370543,1.21731345337,0.0171453126623
5220.00000000,1.450000000000,2.5499921112,2.5499921112,1.21523294117,0.0171159081176
5280.00000000,1.466666666667,2.54999017318,2.54999017318,1.21288175426,0.017086867939
5340.00000000,1.483333333333,2.54998783093,2.54998783093,1.21048314472,0.0170582219564
5400.00000000,1.500000000000,2.54998501596,2.54998501596,1.20792495852,0.01703
5460.00000000,1.516666666667,2.54998165112,2.54998165112,1.20550816649,0.0170018224561
5520.00000000,1.533333333333,2.54997764998,2.54997764998,1.20330303513,0.0169733235088
5580.00000000,1.550000000000,2.54997291625,2.54997291625,1.20110478084,0.0169445536842
5640.00000000,1.566666666667,2.54996734306,2.54996734306,1.19900225856,0.0169155635088
5700.00000000,1.583333333333,2.5499608124,2.5499608124,1.19701720018,0.0168864035088
5760.00000000,1.600000000000,2.54995319452,2.54995319452,1.19509410612,0.0168571242105
5820.00000000,1.616666666667,2.54994434751,2.54994434751,1.19304221843,0.0168277761404
5880.00000000,1.633333333333,2.54993411678,2.54993411678,1.19101400987,0.0167984098246
5940.00000000,1.650000000000,2.54992233455,2.54992233455,1.18915818263,0.0167690757895
6000.00000000,1.666666666667,2.54990881973,2.54990881973,1.18742025364,0.0167398245614
6060.00000000,1.683333333333,2.54989337763,2.54989337763,1.18551680012,0.0167107066667
6120.00000000,1.700000000000,2.54987579935,2.54987579935,1.18338189841,0.0166817726316
6180.00000000,1.716666666667,2.54985586081,2.54985586081,1.1812886202,0.0166530729825
6240.00000000,1.733333333333,2.54983332277,2.54983332277,1.17918739878,0.0166246582456
6300.00000000,1.750000000000,2.54980793137,2.54980793137,1.17691687685,0.0165965789474
6360.00000000,1.766666666667,2.54977941818,2.54977941818,1.17442646598,0.016568885614
6420.00000000,1.783333333333,2.54974749961,2.54974749961,1.17176237949,0.0165416287719
6480.00000000,1.800000000000,2.54971187717,2.54971187717,1.16890524083,0.0165148589474
6540.00000000,1.816666666667,2.54967223839,2.54967223839,1.16612216464,0.0164886266667
6600.00000000,1.833333333333,2.54962825782,2.54962825782,1.16320164289,0.0164629824561
6660.00000000,1.850000000000,2.54957959768,2.54957959768,1.15998571931,0.0164379768421
6720.00000000,1.866666666667,2.54952590682,2.54952590682,1.15660589505,0.0164136603509
6780.00000000,1.883333333333,2.54946682015,2.54946682015,1.15314422695,0.0163900835088
6840.00000000,1.900000000000,2.54940196058,2.54940196058,1.1494560295,0.0163672968421
6900.00000000,1.916666666667,2.54933094035,2.54933094035,1.14567907368,0.0163453508772
6960.00000000,1.933333333333,2.54925336052,2.54925336052,1.14179351141,0.0163242961404
7020.00000000,1.950000000000,2.54916881121,2.54916881121,1.13763060953,0.0163041831579
7080.00000000,1.966666666667,2.54907687128,2.54907687128,1.1331838332,0.0162850624561
7140.00000000,1.983333333333,2.5489771074,2.5489771074,1.12853808289,0.0162669845614
7200.00000000,2.000000000000,2.54886907581,2.54886907581,1.12366016872,0.01625
7260.00000000,2.016666666667,2.54875232555,2.54875232555,1.11866861196,0.0162338740687
7320.00000000,2.033333333333,2.54862639989,2.54862639989,1.11354204903,0.0162183180005
7380.00000000,2.050000000000,2.54849083594,2.54849083594,1.10841669937,0.0162033012257
7440.00000000,2.066666666667,2.54834516538,2.54834516538,1.10325360823,0.0161887931747
7500.00000000,2.083333333333,2.54818891801,2.54818891801,1.09814186702,0.0161747632781
7560.00000000,2.100000000000,2.54802162364,2.54802162364,1.09306776342,0.0161611809661
7620.00000000,2.116666666667,2.54784281153,2.54784281153,1.08789987177,0.0161480156693
7680.00000000,2.133333333333,2.54765200858,2.54765200858,1.08274250245,0.0161352368181
7740.00000000,2.150000000000,2.54744873797,2.54744873797,1.07770930843,0.0161228138428
7800.00000000,2.166666666667,2.54723252292,2.54723252292,1.07265620911,0.016110716174
7860.00000000,2.183333333333,2.54700288899,2.54700288899,1.06772964952,0.016098913242
7920.00000000,2.200000000000,2.54675936017,2.54675936017,1.06288080722,0.0160873744773
7980.00000000,2.216666666667,2.5465014574,2.5465014574,1.05793140459,0.0160760693103
8040.00000000,2.233333333333,2.54622869692,2.54622869692,1.05305243105,0.0160649671714
8100.00000000,2.250000000000,2.54594059079,2.54594059079,1.04818757454,0.016054037491
8160.00000000,2.266666666667,2.54563665655,2.54563665655,1.04346715412,0.0160432496996
8220.00000000,2.283333333333,2.54531642088,2.54531642088,1.03885540617,0.0160325732276
8280.00000000,2.300000000000,2.54497942056,2.54497942056,1.03429474433,0.0160219775054
8340.00000000,2.316666666667,2.54462519482,2.54462519482,1.02969423662,0.0160114319635
8400.00000000,2.333333333333,2.54425327938,2.54425327938,1.02516726428,0.0160009060322
8460.00000000,2.350000000000,2.54386321363,2.54386321363,1.02079922767,0.015990369142
8520.00000000,2.366666666667,2.54345455159,2.54345455159,1.01659183531,0.0159797907234
8580.00000000,2.383333333333,2.54302686354,2.54302686354,1.01245505167,0.0159691402067
8640.00000000,2.400000000000,2.54257972358,2.54257972358,1.00835363594,0.0159583870224
8700.00000000,2.416666666667,2.54211270012,2.54211270012,1.00428634053,0.0159475006008
8760.00000000,2.433333333333,2.54162536194,2.54162536194,1.00032658818,0.0159364503725
8820.00000000,2.450000000000,2.54111729439,2.54111729439,0.996500881716,0.0159252057678
8880.00000000,2.466666666667,2.54058810643,2.54058810643,0.992843964692,0.0159137362173
8940.00000000,2.483333333333,2.54003742555,2.54003742555,0.989193542223,0.0159020111512
9000.00000000,2.500000000000,2.53946488546,2.53946488546,0.985800088838,0.01589
9060.00000000,2.516666666667,2.53887012478,2.53887012478,0.982649301793,0.0158778496932
9120.00000000,2.533333333333,2.53825279706,2.53825279706,0.97932659047,0.0158657248216
9180.00000000,2.550000000000,2.53761255229,2.53761255229,0.97595042173,0.0158536213074
9240.00000000,2.566666666667,2.53694902025,2.53694902025,0.972612904144,0.0158415350732
9300.00000000,2.583333333333,2.53626184399,2.53626184399,0.969370334937,0.0158294620414
9360.00000000,2.600000000000,2.53555069837,2.53555069837,0.966134641971,0.0158173981342
9420.00000000,2.616666666667,2.53481528286,2.53481528286,0.962943307099,0.0158053392742
9480.00000000,2.633333333333,2.53405530701,2.53405530701,0.959856545216,0.0157932813836
9540.00000000,2.650000000000,2.53327048326,2.53327048326,0.956793888202,0.0157812203849
9600.00000000,2.666666666667,2.53246052597,2.53246052597,0.953653314761,0.0157691522006
9660.00000000,2.683333333333,2.53162514256,2.53162514256,0.95060288764,0.0157570727529
9720.00000000,2.700000000000,2.530764045,2.530764045,0.947539848667,0.0157449779643
9780.00000000,2.716666666667,2.52987697836,2.52987697836,0.944406798592,0.0157328637571
9840.00000000,2.733333333333,2.52896370952,2.52896370952,0.9414026981,0.0157207260539
9900.00000000,2.750000000000,2.52802402471,2.52802402471,0.938445656458,0.0157085607768
9960.00000000,2.766666666667,2.52705775283,2.52705775283,0.935610479169,0.0156963638485
10020.00000000,2.783333333333,2.52606473515,2.52606473515,0.932830858243,0.0156841311911
10080.00000000,2.800000000000,2.52504479766,2.52504479766,0.930008631521,0.0156718587272
10140.00000000,2.816666666667,2.52399774251,2.52399774251,0.927256462913,0.0156595423792
10200.00000000,2.833333333333,2.5229233566,2.5229233566,0.924499001111,0.0156471780693
10260.00000000,2.850000000000,2.52182145172,2.52182145172,0.921690873245,0.0156347617201
10320.00000000,2.866666666667,2.52069186191,2.52069186191,0.918963070705,0.0156222892539
10380.00000000,2.883333333333,2.51953444717,2.51953444717,0.916328638545,0.0156097565931
10440.00000000,2.900000000000,2.51834910713,2.51834910713,0.913688887498,0.0155971596601
10500.00000000,2.916666666667,2.51713576319,2.51713576319,0.910943357215,0.0155844943773
10560.00000000,2.933333333333,2.51589432548,2.51589432548,0.908356279506,0.0155717566671
10620.00000000,2.950000000000,2.5146247204,2.5146247204,0.905948860973,0.0155589424519
10680.00000000,2.966666666667,2.51332693244,2.51332693244,0.903650516744,0.015546047654
10740.00000000,2.983333333333,2.51200094753,2.51200094753,0.901299867474,0.0155330681959
10800.00000000,3.000000000000,2.51064668016,2.51064668016,0.898947858415,0.01552
10860.00000000,3.016666666667,2.50926399012,2.50926399012,0.896675457294,0.0155067738554
10920.00000000,3.033333333333,2.50785274704,2.50785274704,0.894401835945,0.0154933346745
10980.00000000,3.050000000000,2.50641284874,2.50641284874,0.89212699812,0.0154796995646
11040.00000000,3.066666666667,2.50494422086,2.50494422086,0.889988381654,0.0154658856326
11100.00000000,3.083333333333,2.50344684979,2.50344684979,0.887911729175,0.0154519099859
11160.00000000,3.100000000000,2.50192079234,2.50192079234,0.885825545347,0.0154377897316
11220.00000000,3.116666666667,2.50036611169,2.50036611169,0.883648629201,0.0154235419769
11280.00000000,3.133333333333,2.49878285088,2.49878285088,0.881647725959,0.015409183829
11340.00000000,3.150000000000,2.49717108512,2.49717108512,0.879685436505,0.0153947323949
11400.00000000,3.166666666667,2.49553094342,2.49553094342,0.87777908583,0.015380204782
11460.00000000,3.183333333333,2.49386254115,2.49386254115,0.875845430279,0.0153656180973
11520.00000000,3.200000000000,2.49216596015,2.49216596015,0.873801584885,0.0153509894481
11580.00000000,3.216666666667,2.49044125106,2.49044125106,0.871870311206,0.0153363359415
11640.00000000,3.233333333333,2.48868848759,2.48868848759,0.869931250451,0.0153216746847
11700.00000000,3.250000000000,2.48690780931,2.48690780931,0.867897812313,0.0153070227848
11760.00000000,3.266666666667,2.48509933776,2.48509933776,0.865986853442,0.0152923973491
11820.00000000,3.283333333333,2.48326319517,2.48326319517,0.86418852299,0.0152778154847
11880.00000000,3.300000000000,2.48139954601,2.48139954601,0.862256442277,0.0152632942987
11940.00000000,3.316666666667,2.47950851487,2.47950851487,0.860239703503,0.0152488508985
12000.00000000,3.333333333333,2.47759015323,2.47759015323,0.858293568988,0.015234502391
12060.00000000,3.350000000000,2.47564454947,2.47564454947,0.856456242426,0.0152202658835
12120.00000000,3.366666666667,2.47367185776,2.47367185776,0.854484353288,0.0152061584833
12180.00000000,3.383333333333,2.47167218532,2.47167218532,0.852349863513,0.0151921972973
12240.00000000,3.400000000000,2.46964556263,2.46964556263,0.850159413483,0.0151783994329
12300.00000000,3.416666666667,2.46759206651,2.46759206651,0.847996191443,0.0151647819972
12360.00000000,3.433333333333,2.46551191976,2.46551191976,0.84579998335,0.0151513620973
12420.00000000,3.450000000000,2.46340545222,2.46340545222,0.843631864468,0.0151381568405
12480.00000000,3.466666666667,2.46127299343,2.46127299343,0.841429406711,0.0151251833339
12540.00000000,3.483333333333,2.45911481084,2.45911481084,0.839144325318,0.0151124586847
12600.00000000,3.500000000000,2.45693107906,2.45693107906,0.836953844576,0.0151
12660.00000000,3.516666666667,2.45472194889,2.45472194889,0.834715914844,0.015087749655
12720.00000000,3.533333333333,2.45248756219,2.45248756219,0.832341968162,0.0150756350815
12780.00000000,3.550000000000,2.45022800437,2.45022800437,0.830030889249,0.0150636509714
12840.00000000,3.566666666667,2.44794336367,2.44794336367,0.827796951001,0.0150517920169
12900.00000000,3.583333333333,2.44563380044,2.44563380044,0.825573127038,0.0150400529101
12960.00000000,3.600000000000,2.44329946125,2.44329946125,0.823196592255,0.0150284283429
13020.00000000,3.616666666667,2.44094043699,2.44094043699,0.820754759878,0.0150169130074
13080.00000000,3.633333333333,2.43855684695,2.43855684695,0.81847967514,0.0150055015958
13140.00000000,3.650000000000,2.43614894955,2.43614894955,0.816209940067,0.0149941888
13200.00000000,3.666666666667,2.43371708841,2.43371708841,0.813814915764,0.0149829693122
13260.00000000,3.683333333333,2.43126149758,2.43126149758,0.811503541256,0.0149718378243
13320.00000000,3.700000000000,2.42878235602,2.42878235602,0.809225051289,0.0149607890286
13380.00000000,3.716666666667,2.4262799032,2.4262799032,0.807034103919,0.0149498176169
13440.00000000,3.733333333333,2.42375437683,2.42375437683,0.804760417805,0.0149389182815
13500.00000000,3.750000000000,2.42120593107,2.42120593107,0.802507842717,0.0149280857143
13560.00000000,3.766666666667,2.4186346514,2.4186346514,0.800207559508,0.0149173146074
13620.00000000,3.783333333333,2.41604068348,2.41604068348,0.797848972277,0.0149065996529
13680.00000000,3.800000000000,2.4134242282,2.4134242282,0.79563160107,0.0148959355429
13740.00000000,3.816666666667,2.41078558213,2.41078558213,0.793332205943,0.0148853169693
13800.00000000,3.833333333333,2.40812506648,2.40812506648,0.790989586326,0.0148747386243
13860.00000000,3.850000000000,2.40544294085,2.40544294085,0.788720061638,0.0148641952
13920.00000000,3.866666666667,2.40273952447,2.40273952447,0.786609436766,0.0148536813884
13980.00000000,3.883333333333,2.40001519597,2.40001519597,0.78451347914,0.0148431918815
14040.00000000,3.900000000000,2.39727022697,2.39727022697,0.7824238248,0.0148327213714
14100.00000000,3.916666666667,2.39450469137,2.39450469137,0.780370477925,0.0148222645503
14160.00000000,3.933333333333,2.39171859653,2.39171859653,0.778250606436,0.0148118161101
14220.00000000,3.950000000000,2.38891195887,2.38891195887,0.776159995639,0.0148013707429
14280.00000000,3.966666666667,2.38608484914,2.38608484914,0.773985287509,0.0147909231407
14340.00000000,3.983333333333,2.38323746268,2.38323746268,0.771754166168,0.0147804679958
14400.00000000,4.000000000000,2.3803700809,2.3803700809,0.769707018235,0.01477
14460.00000000,4.016666666667,2.37748313172,2.37748313172,0.767687820211,0.0147595124688
14520.00000000,4.033333333333,2.37457709876,2.37457709876,0.765677997069,0.0147490060098
14580.00000000,4.050000000000,2.37165229987,2.37165229987,0.763683880129,0.0147384862534
14640.00000000,4.066666666667,2.36870893524,2.36870893524,0.761704669839,0.01472795883
14700.00000000,4.083333333333,2.36574718367,2.36574718367,0.759739053599,0.0147174293701
14760.00000000,4.100000000000,2.36276722923,2.36276722923,0.757785602434,0.014706903504
14820.00000000,4.116666666667,2.35976926453,2.35976926453,0.755842885429,0.0146963868623
14880.00000000,4.133333333333,2.35675348903,2.35675348903,0.753909505297,0.0146858850754
14940.00000000,4.150000000000,2.35372010694,2.35372010694,0.751984108216,0.0146754037736
15000.00000000,4.166666666667,2.35066932551,2.35066932551,0.750065385262,0.0146649485874
15060.00000000,4.183333333333,2.3476013537,2.3476013537,0.74815207126,0.0146545251472
15120.00000000,4.200000000000,2.34451640135,2.34451640135,0.746242942948,0.0146441390836
15180.00000000,4.216666666667,2.34141467858,2.34141467858,0.744336817042,0.0146337960268
15240.00000000,4.233333333333,2.33829639538,2.33829639538,0.742432548348,0.0146235016073
15300.00000000,4.250000000000,2.33516176132,2.33516176132,0.740529027955,0.0146132614555
15360.00000000,4.266666666667,2.33201098538,2.33201098538,0.738625181526,0.014603081202
15420.00000000,4.283333333333,2.32884427585,2.32884427585,0.736719967666,0.014592966477
15480.00000000,4.300000000000,2.32566184019,2.32566184019,0.734812376377,0.0145829229111
15540.00000000,4.316666666667,2.32246388503,2.32246388503,0.732901427607,0.0145729561346
15600.00000000,4.333333333333,2.31925061606,2.31925061606,0.730986169882,0.014563071778
15660.00000000,4.350000000000,2.31602223809,2.31602223809,0.729065679015,0.0145532754717
15720.00000000,4.366666666667,2.31277895496,2.31277895496,0.727139056913,0.0145435728462
15780.00000000,4.383333333333,2.30952096957,2.30952096957,0.725205430455,0.0145339695318
15840.00000000,4.400000000000,2.30624848384,2.30624848384,0.723263950443,0.014524471159
15900.00000000,4.416666666667,2.30296169872,2.30296169872,0.721313790633,0.0145150833583
15960.00000000,4.433333333333,2.29966081418,2.29966081418,0.719354146831,0.01450581176
16020.00000000,4.450000000000,2.29634602921,2.29634602921,0.717384236045,0.0144966619946
16080.00000000,4.466666666667,2.29301754181,2.29301754181,0.7154032957,0.0144876396925
16140.00000000,4.483333333333,2.28967554898,2.28967554898,0.713410582911,0.0144787504842
16200.00000000,4.500000000000,2.28632024673,2.28632024673,0.711405373795,0.01447
16260.00000000,4.516666666667,2.28295183008,2.28295183008,0.709383587725,0.0144614068978
16320.00000000,4.533333333333,2.27957049306,2.27957049306,0.707344538698,0.0144529788556
16380.00000000,4.550000000000,2.27617642865,2.27617642865,0.70529189629,0.014444705034
16440.00000000,4.566666666667,2.2727698288,2.2727698288,0.703228897341,0.0144365745934
16500.00000000,4.583333333333,2.2693508844,2.2693508844,0.701158508164,0.0144285766946
16560.00000000,4.600000000000,2.26591978529,2.26591978529,0.69908349198,0.0144207004981
16620.00000000,4.616666666667,2.26247672027,2.26247672027,0.697006447789,0.0144129351645
16680.00000000,4.633333333333,2.25902187708,2.25902187708,0.694929836075,0.0144052698544
16740.00000000,4.650000000000,2.25555544237,2.25555544237,0.692855997258,0.0143976937283
16800.00000000,4.666666666667,2.25207760176,2.25207760176,0.690787165653,0.0143901959469
16860.00000000,4.683333333333,2.24858853977,2.24858853977,0.688725480463,0.0143827656707
16920.00000000,4.700000000000,2.24508843982,2.24508843982,0.68667299468,0.0143753920604
16980.00000000,4.716666666667,2.24157748426,2.24157748426,0.684631682461,0.0143680642765
17040.00000000,4.733333333333,2.23805585433,2.23805585433,0.682603445354,0.0143607714795
17100.00000000,4.750000000000,2.23452373016,2.23452373016,0.680590117637,0.0143535028302
17160.00000000,4.766666666667,2.23098129078,2.23098129078,0.678593470945,0.014346247489
17220.00000000,4.783333333333,2.22742871407,2.22742871407,0.676615218334,0.0143389946166
17280.00000000,4.800000000000,2.2238661768,2.2238661768,0.674657017876,0.0143317333736
17340.00000000,4.816666666667,2.22029385462,2.22029385462,0.672720475872,0.0143244529205
17400.00000000,4.833333333333,2.21671192201,2.21671192201,0.670807149736,0.0143171424179
17460.00000000,4.850000000000,2.21312055232,2.21312055232,0.66891855061,0.0143097910264
17520.00000000,4.866666666667,2.20951991777,2.20951991777,0.667056145738,0.0143023879066
17580.00000000,4.883333333333,2.2059101894,2.2059101894,0.665221360645,0.0142949222191
17640.00000000,4.900000000000,2.20229153713,2.20229153713,0.663415581128,0.0142873831245
17700.00000000,4.916666666667,2.19866412968,2.19866412968,0.661640155104,0.0142797597834
17760.00000000,4.933333333333,2.19502813467,2.19502813467,0.65989639432,0.0142720413563
17820.00000000,4.950000000000,2.19138371852,2.19138371852,0.658185575931,0.0142642170038
17880.00000000,4.966666666667,2.18773104653,2.18773104653,0.656508943991,0.0142562758865
17940.00000000,4.983333333333,2.18407028283,2.18407028283,0.654867710828,0.0142482071651
18000.00000000,5.000000000000,2.18040159041,2.18040159041,0.653263058348,0.01424
18060.00000000,5.016666666667,2.17672513113,2.17672513113,0.651694635507,0.0142316496
18120.00000000,5.033333333333,2.17304106572,2.17304106572,0.65015901921,0.0142231648
18180.00000000,5.050000000000,2.16934955384,2.16934955384,0.648652998639,0.0142145552
18240.00000000,5.066666666667,2.16565075404,2.16565075404,0.647173616068,0.0142058304
18300.00000000,5.083333333333,2.16194482378,2.16194482378,0.645718107898,0.014197
18360.00000000,5.100000000000,2.15823191943,2.15823191943,0.644283869513,0.0141880736
18420.00000000,5.116666666667,2.15451219627,2.15451219627,0.642868431474,0.0141790608
18480.00000000,5.133333333333,2.15078580853,2.15078580853,0.641469442129,0.0141699712
18540.00000000,5.150000000000,2.14705290936,2.14705290936,0.640084654245,0.0141608144
18600.00000000,5.166666666667,2.14331365087,2.14331365087,0.638711914384,0.0141516
18660.00000000,5.183333333333,2.13956818413,2.13956818413,0.637349154221,0.0141423376
18720.00000000,5.200000000000,2.13581665916,2.13581665916,0.635994383306,0.0141330368
18780.00000000,5.216666666667,2.13205922499,2.13205922499,0.634645682939,0.0141237072
18840.00000000,5.233333333333,2.12829602961,2.12829602961,0.633301200911,0.0141143584
18900.00000000,5.250000000000,2.12452722002,2.12452722002,0.631959146936,0.014105
18960.00000000,5.266666666667,2.12075294225,2.12075294225,0.630617788656,0.0140956416
19020.00000000,5.283333333333,2.11697334132,2.11697334132,0.629275448107,0.0140862928
19080.00000000,5.300000000000,2.11318856127,2.11318856127,0.627930498584,0.0140769632
19140.00000000,5.316666666667,2.1093987452,2.1093987452,0.626581361828,0.0140676624
19200.00000000,5.333333333333,2.10560403523,2.10560403523,0.625226505506,0.0140584
19260.00000000,5.350000000000,2.10180457252,2.10180457252,0.623864440925,0.0140491856
19320.00000000,5.366666666667,2.0980004973,2.0980004973,0.622493720964,0.0140400288
19380.00000000,5.383333333333,2.09419194882,2.09419194882,0.621112938189,0.0140309392
19440.00000000,5.400000000000,2.09037906539,2.09037906539,0.61972072313,0.0140219264
19500.00000000,5.416666666667,2.08656198438,2.08656198438,0.6183157427,0.014013
19560.00000000,5.433333333333,2.0827408422,2.0827408422,0.616896698742,0.0140041696
19620.00000000,5.450000000000,2.0789157743,2.0789157743,0.615462326697,0.0139954448
19680.00000000,5.466666666667,2.07508691519,2.07508691519,0.614011394358,0.0139868352
19740.00000000,5.483333333333,2.0712543984,2.0712543984,0.612542700734,0.0139783504
19800.00000000,5.500000000000,2.06741835648,2.06741835648,0.611055074983,0.01397
19860.00000000,5.516666666667,2.06357892097,2.06357892097,0.60956238293,0.0139617300809
19920.00000000,5.533333333333,2.0597362222,2.0597362222,0.60807711893,0.0139534817532
19980.00000000,5.550000000000,2.05589038954,2.05589038954,0.606597578669,0.013945257161
20040.00000000,5.566666666667,2.05204155138,2.05204155138,0.605122635621,0.0139370584484
20100.00000000,5.583333333333,2.0481898351,2.0481898351,0.603651413206,0.0139288877597
20160.00000000,5.600000000000,2.04433536703,2.04433536703,0.602183180982,0.013920747239
20220.00000000,5.616666666667,2.04047827244,2.04047827244,0.60071730564,0.0139126390305
20280.00000000,5.633333333333,2.03661867555,2.03661867555,0.599253223592,0.0139045652784
20340.00000000,5.650000000000,2.03275669946,2.03275669946,0.597790424012,0.0138965281268
20400.00000000,5.666666666667,2.02889246618,2.02889246618,0.596328437581,0.01388852972
20460.00000000,5.683333333333,2.0250260966,2.0250260966,0.594866828642,0.013880572202
20520.00000000,5.700000000000,2.02115771044,2.02115771044,0.593405189501,0.0138726577171
20580.00000000,5.716666666667,2.01728742629,2.01728742629,0.591943136171,0.0138647884094
20640.00000000,5.733333333333,2.01341536155,2.01341536155,0.590480305095,0.0138569664231
20700.00000000,5.750000000000,2.00954163244,2.00954163244,0.589016350583,0.0138491939024
20760.00000000,5.766666666667,2.00566635396,2.00566635396,0.587550942761,0.0138414729915
20820.00000000,5.783333333333,2.00178963991,2.00178963991,0.586083765908,0.0138338058345
20880.00000000,5.800000000000,1.99791160286,1.99791160286,0.584614517082,0.0138261945756
20940.00000000,5.816666666667,1.99403235412,1.99403235412,0.583142904983,0.013818641359
21000.00000000,5.833333333333,1.99015200377,1.99015200377,0.581668648988,0.0138111483288
21060.00000000,5.850000000000,1.98627066062,1.98627066062,0.580191478332,0.0138037176293
21120.00000000,5.866666666667,1.98238843223,1.98238843223,0.578711131406,0.0137963514045
21180.00000000,5.883333333333,1.97850542487,1.97850542487,0.577227355149,0.0137890517987
21240.00000000,5.900000000000,1.97462174354,1.97462174354,0.575739904513,0.0137818209561
21300.00000000,5.916666666667,1.97073749199,1.97073749199,0.574248542001,0.0137746610208
21360.00000000,5.933333333333,1.96685277266,1.96685277266,0.572753037248,0.0137675741369
21420.00000000,5.950000000000,1.96296768674,1.96296768674,0.571253166659,0.0137605624488
21480.00000000,5.966666666667,1.95908233414,1.95908233414,0.569748713079,0.0137536281005
21540.00000000,5.983333333333,1.95519681353,1.95519681353,0.568239465496,0.0137467732361
21600.00000000,6.000000000000,1.95131122229,1.95131122229,0.566725218774,0.01374
21660.00000000,6.016666666667,1.94742565659,1.94742565659,0.565203303639,0.0137333214854
21720.00000000,6.033333333333,1.94354021137,1.94354021137,0.563672675878,0.0137267453834
21780.00000000,6.050000000000,1.93965498033,1.93965498033,0.562135154001,0.013720265735
21840.00000000,6.066666666667,1.93577005593,1.93577005593,0.560592323773,0.013713876581
21900.00000000,6.083333333333,1.93188552941,1.93188552941,0.559045632563,0.0137075719622
21960.00000000,6.100000000000,1.92800149083,1.92800149083,0.557496426447,0.0137013459196
22020.00000000,6.116666666667,1.92411802907,1.92411802907,0.555945970866,0.013695192494
22080.00000000,6.133333333333,1.92023523182,1.92023523182,0.554395463953,0.0136891057262
22140.00000000,6.150000000000,1.91635318564,1.91635318564,0.552846045907,0.0136830796572
22200.00000000,6.166666666667,1.91247197598,1.91247197598,0.551298805976,0.0136771083278
22260.00000000,6.183333333333,1.90859168715,1.90859168715,0.549754787884,0.0136711857789
22320.00000000,6.200000000000,1.90471240238,1.90471240238,0.548214994168,0.0136653060514
22380.00000000,6.216666666667,1.90083420382,1.90083420382,0.546680389751,0.0136594631861
22440.00000000,6.233333333333,1.89695717259,1.89695717259,0.545151904921,0.0136536512239
22500.00000000,6.250000000000,1.89308138873,1.89308138873,0.543630437874,0.0136478642057
22560.00000000,6.266666666667,1.8892069313,1.8892069313,0.542116856898,0.0136420961723
22620.00000000,6.283333333333,1.88533387834,1.88533387834,0.540612002283,0.0136363411646
22680.00000000,6.300000000000,1.88146230692,1.88146230692,0.539116688001,0.0136305932235
22740.00000000,6.316666666667,1.87759229314,1.87759229314,0.537631703199,0.0136248463898
22800.00000000,6.333333333333,1.87372391217,1.87372391217,0.536157813533,0.0136190947045
22860.00000000,6.350000000000,1.86985723824,1.86985723824,0.534695762372,0.0136133322083
22920.00000000,6.366666666667,1.86599234468,1.86599234468,0.533246271889,0.0136075529422
22980.00000000,6.383333333333,1.86212930394,1.86212930394,0.531810044052,0.013601750947
23040.00000000,6.400000000000,1.85826818759,1.85826818759,0.530387761537,0.0135959202637
23100.00000000,6.416666666667,1.85440906637,1.85440906637,0.528980088557,0.013590054933
23160.00000000,6.433333333333,1.85055201016,1.85055201016,0.527587671644,0.0135841489958
23220.00000000,6.450000000000,1.84669708804,1.84669708804,0.526211140354,0.0135781964931
23280.00000000,6.466666666667,1.8428443683,1.8428443683,0.524851107937,0.0135721914656
23340.00000000,6.483333333333,1.83899391845,1.83899391845,0.523508171955,0.0135661279543
23400.00000000,6.500000000000,1.83514580523,1.83514580523,0.52218291486,0.01356
23460.00000000,6.516666666667,1.83130009465,1.83130009465,0.520874282551,0.0135538091246
23520.00000000,6.533333333333,1.82745685202,1.82745685202,0.519579968544,0.013547563996
23580.00000000,6.550000000000,1.82361614196,1.82361614196,0.518298673765,0.0135412693745
23640.00000000,6.566666666667,1.81977802841,1.81977802841,0.517029173454,0.0135349300203
23700.00000000,6.583333333333,1.81594257465,1.81594257465,0.515770312162,0.0135285506936
23760.00000000,6.600000000000,1.81210984328,1.81210984328,0.514520994922,0.0135221361544
23820.00000000,6.616666666667,1.8082798963,1.8082798963,0.513280179919,0.0135156911632
23880.00000000,6.633333333333,1.80445279507,1.80445279507,0.512046872621,0.0135092204799
23940.00000000,6.650000000000,1.80062860035,1.80062860035,0.510820121009,0.0135027288649
24000.00000000,6.666666666667,1.79680737231,1.79680737231,0.509599011659,0.0134962210782
24060.00000000,6.683333333333,1.79298917054,1.79298917054,0.508382666448,0.0134897018802
24120.00000000,6.700000000000,1.78917405407,1.78917405407,0.507170239765,0.0134831760309
24180.00000000,6.716666666667,1.78536208136,1.78536208136,0.505960916113,0.0134766482906
24240.00000000,6.733333333333,1.78155331036,1.78155331036,0.504753908027,0.0134701234194
24300.00000000,6.750000000000,1.77774779845,1.77774779845,0.503548454245,0.0134636061776
24360.00000000,6.766666666667,1.77394560252,1.77394560252,0.502343818098,0.0134571013253
24420.00000000,6.783333333333,1.77014677894,1.77014677894,0.501139286075,0.0134506136228
24480.00000000,6.800000000000,1.76635138358,1.76635138358,0.499934166538,0.0134441478301
24540.00000000,6.816666666667,1.76255947181,1.76255947181,0.498727788566,0.0134377087076
24600.00000000,6.833333333333,1.75877109851,1.75877109851,0.497519500911,0.0134313010153
24660.00000000,6.850000000000,1.75498631809,1.75498631809,0.496308671049,0.0134249295135
24720.00000000,6.866666666667,1.75120518445,1.75120518445,0.495094684309,0.0134185989624
24780.00000000,6.883333333333,1.74742775106,1.74742775106,0.493876943081,0.0134123141221
24840.00000000,6.900000000000,1.74365407088,1.74365407088,0.492654866089,0.0134060797529
24900.00000000,6.916666666667,1.73988419641,1.73988419641,0.491427887716,0.0133999006149
24960.00000000,6.933333333333,1.73611817968,1.73611817968,0.490195457384,0.0133937814683
25020.00000000,6.950000000000,1.73235607225,1.73235607225,0.488957038974,0.0133877270734
25080.00000000,6.966666666667,1.7285979252,1.7285979252,0.487712110295,0.0133817421902
25140.00000000,6.983333333333,1.72484378915,1.72484378915,0.486460162585,0.013375831579
25200.00000000,7.000000000000,1.72109371422,1.72109371422,0.485200700041,0.01337
25260.00000000,7.016666666667,1.71734775002,1.71734775002,0.48394411177,0.0133641998339
25320.00000000,7.033333333333,1.71360594553,1.71360594553,0.482698861397,0.0133583837265
25380.00000000,7.050000000000,1.70986834925,1.70986834925,0.48146279535,0.0133525568352
25440.00000000,7.066666666667,1.70613500925,1.70613500925,0.480234275801,0.0133467243175
25500.00000000,7.083333333333,1.70240597308,1.70240597308,0.479011911088,0.0133408913309
25560.00000000,7.100000000000,1.69868128784,1.69868128784,0.477794465739,0.013335063033
25620.00000000,7.116666666667,1.69496100007,1.69496100007,0.476580816007,0.0133292445812
25680.00000000,7.133333333333,1.69124515583,1.69124515583,0.475369923881,0.0133234411331
25740.00000000,7.150000000000,1.68753380063,1.68753380063,0.474160820299,0.0133176578462
25800.00000000,7.166666666667,1.68382697947,1.68382697947,0.472952593533,0.0133118998779
25860.00000000,7.183333333333,1.68012473678,1.68012473678,0.471744380749,0.0133061723858
25920.00000000,7.200000000000,1.67642711645,1.67642711645,0.47053536163,0.0133004805275
25980.00000000,7.216666666667,1.67273416184,1.67273416184,0.469324753417,0.0132948294603
26040.00000000,7.233333333333,1.66904591571,1.66904591571,0.468111806951,0.0132892243419
26100.00000000,7.250000000000,1.66536242028,1.66536242028,0.466895803451,0.0132836703297
26160.00000000,7.266666666667,1.66168371717,1.66168371717,0.465676051848,0.0132781725812
26220.00000000,7.283333333333,1.65800984746,1.65800984746,0.464451886541,0.013272736254
26280.00000000,7.300000000000,1.65434085162,1.65434085162,0.463222665493,0.0132673665055
26340.00000000,7.316666666667,1.65067676954,1.65067676954,0.461987768584,0.0132620684933
26400.00000000,7.333333333333,1.64701764053,1.64701764053,0.460746596191,0.0132568473748
26460.00000000,7.350000000000,1.64336350332,1.64336350332,0.45949856793,0.0132517083077
26520.00000000,7.366666666667,1.63971439603,1.63971439603,0.458243121556,0.0132466564493
26580.00000000,7.383333333333,1.63607035621,1.63607035621,0.45697971198,0.0132416969573
26640.00000000,7.400000000000,1.63243142081,1.63243142081,0.455707810385,0.013236834989
26700.00000000,7.416666666667,1.6287976262,1.6287976262,0.454426903439,0.0132320757021
26760.00000000,7.433333333333,1.62516900818,1.62516900818,0.453136492577,0.013227424254
26820.00000000,7.450000000000,1.62154560195,1.62154560195,0.451836093346,0.0132228858022
26880.00000000,7.466666666667,1.61792744214,1.61792744214,0.450525234811,0.0132184655043
26940.00000000,7.483333333333,1.61431456282,1.61431456282,0.449203459013,0.0132141685177
27000.00000000,7.500000000000,1.61070699747,1.61070699747,0.447870320461,0.01321
27060.00000000,7.516666666667,1.60710477903,1.60710477903,0.44652688557,0.0132059576276
27120.00000000,7.533333333333,1.60350793985,1.60350793985,0.445175576858,0.0132020308728
27180.00000000,7.550000000000,1.59991651171,1.59991651171,0.443817956661,0.0131982125874
27240.00000000,7.566666666667,1.59633052583,1.59633052583,0.442455493956,0.0131944956229
27300.00000000,7.583333333333,1.5927500129,1.5927500129,0.441089575292,0.0131908728309
27360.00000000,7.600000000000,1.58917500307,1.58917500307,0.439721516245,0.0131873370629
27420.00000000,7.616666666667,1.58560552596,1.58560552596,0.438352570288,0.0131838811707
27480.00000000,7.633333333333,1.58204161068,1.58204161068,0.436983935717,0.0131804980057
27540.00000000,7.650000000000,1.5784832858,1.5784832858,0.435616761174,0.0131771804196
27600.00000000,7.666666666667,1.57493057944,1.57493057944,0.434252150154,0.0131739212639
27660.00000000,7.683333333333,1.57138351916,1.57138351916,0.432891164761,0.0131707133903
27720.00000000,7.700000000000,1.56784213209,1.56784213209,0.431534828883,0.0131675496503
27780.00000000,7.716666666667,1.56430644485,1.56430644485,0.430184130911,0.0131644228956
27840.00000000,7.733333333333,1.56077648361,1.56077648361,0.428840026104,0.0131613259777
27900.00000000,7.750000000000,1.55725227406,1.55725227406,0.427503438659,0.0131582517483
27960.00000000,7.766666666667,1.55373384144,1.55373384144,0.426175263538,0.0131551930588
28020.00000000,7.783333333333,1.55022121058,1.55022121058,0.424856368102,0.0131521427609
28080.00000000,7.800000000000,1.54671440584,1.54671440584,0.423547593571,0.0131490937063
28140.00000000,7.816666666667,1.54321345117,1.54321345117,0.422249756348,0.0131460387464
28200.00000000,7.833333333333,1.53971837012,1.53971837012,0.420963649212,0.013142970733
28260.00000000,7.850000000000,1.5362291858,1.5362291858,0.419690042414,0.0131398825175
28320.00000000,7.866666666667,1.53274592097,1.53274592097,0.418429684677,0.0131367669516
28380.00000000,7.883333333333,1.52926859797,1.52926859797,0.417183304114,0.0131336168868
28440.00000000,7.900000000000,1.5257972388,1.5257972388,0.415951609081,0.0131304251748
28500.00000000,7.916666666667,1.52233186507,1.52233186507,0.414735288958,0.0131271846672
28560.00000000,7.933333333333,1.51887249806,1.51887249806,0.413535014886,0.0131238882155
28620.00000000,7.950000000000,1.51541915871,1.51541915871,0.412351440444,0.0131205286713
28680.00000000,7.966666666667,1.51197186762,1.51197186762,0.411185202284,0.0131170988863
28740.00000000,7.983333333333,1.50853064509,1.50853064509,0.410036920731,0.013113591712
28800.00000000,8.000000000000,1.50509551112,1.50509551112,0.408907200337,0.01311
28860.00000000,8.016666666667,1.50166648541,1.50166648541,0.407797117042,0.0131063140202
28920.00000000,8.033333333333,1.49824358737,1.49824358737,0.406705777276,0.0131025339798
28980.00000000,8.050000000000,1.49482683621,1.49482683621,0.405631112623,0.0130986676364
29040.00000000,8.066666666667,1.49141625088,1.49141625088,0.404571267376,0.0130947227475
29100.00000000,8.083333333333,1.4880118501,1.4880118501,0.403524529551,0.0130907070707
29160.00000000,8.100000000000,1.4846136524,1.4846136524,0.402489298794,0.0130866283636
29220.00000000,8.116666666667,1.48122167607,1.48122167607,0.401464066772,0.0130824943838
29280.00000000,8.133333333333,1.47783593922,1.47783593922,0.400447403713,0.0130783128889
29340.00000000,8.150000000000,1.47445645979,1.47445645979,0.399437948486,0.0130740916364
29400.00000000,8.166666666667,1.4710832555,1.4710832555,0.398434400947,0.0130698383838
29460.00000000,8.183333333333,1.46771634392,1.46771634392,0.397435515828,0.0130655608889
29520.00000000,8.200000000000,1.46435574248,1.46435574248,0.396440097742,0.0130612669091
29580.00000000,8.216666666667,1.46100146841,1.46100146841,0.395446996996,0.013056964202
29640.00000000,8.233333333333,1.45765353884,1.45765353884,0.394455106058,0.0130526605253
29700.00000000,8.250000000000,1.45431197071,1.45431197071,0.393463356496,0.0130483636364
29760.00000000,8.266666666667,1.45097678086,1.45097678086,0.392470716335,0.0130440812929
29820.00000000,8.283333333333,1.44764798598,1.44764798598,0.391476187721,0.0130398212525
29880.00000000,8.300000000000,1.44432560262,1.44432560262,0.390478804863,0.0130355912727
29940.00000000,8.316666666667,1.44100964723,1.44100964723,0.389477632192,0.0130313991111
30000.00000000,8.333333333333,1.43770013611,1.43770013611,0.388471762712,0.0130272525253
30060.00000000,8.350000000000,1.43439708543,1.43439708543,0.387460316505,0.0130231592727
30120.00000000,8.366666666667,1.43110051125,1.43110051125,0.386442439386,0.0130191271111
30180.00000000,8.383333333333,1.42781042949,1.42781042949,0.385417301669,0.013015163798
30240.00000000,8.400000000000,1.42452685594,1.42452685594,0.384384097037,0.0130112770909
30300.00000000,8.416666666667,1.42124980625,1.42124980625,0.383342041507,0.0130074747475
30360.00000000,8.433333333333,1.41797929593,1.41797929593,0.382290372481,0.0130037645253
30420.00000000,8.450000000000,1.41471534034,1.41471534034,0.381228347853,0.0130001541818
30480.00000000,8.466666666667,1.41145795469,1.41145795469,0.380155245199,0.0129966514747
30540.00000000,8.483333333333,1.40820715403,1.40820715403,0.379070361009,0.0129932641616
30600.00000000,8.500000000000,1.40496295323,1.40496295323,0.377973009976,0.01299
30660.00000000,8.516666666667,1.40172536699,1.40172536699,0.376866653123,0.0129868445103
30720.00000000,8.533333333333,1.39849440974,1.39849440974,0.375755633073,0.0129837743539
30780.00000000,8.550000000000,1.3952700957,1.3952700957,0.374640874387,0.012980784
30840.00000000,8.566666666667,1.3920524389,1.3920524389,0.373523338746,0.0129778679177
30900.00000000,8.583333333333,1.38884145312,1.38884145312,0.372403967748,0.0129750205761
30960.00000000,8.600000000000,1.38563715194,1.38563715194,0.371283671959,0.0129722364444
31020.00000000,8.616666666667,1.38243954866,1.38243954866,0.370163328821,0.0129695099918
31080.00000000,8.633333333333,1.37924865634,1.37924865634,0.369043783218,0.0129668356872
31140.00000000,8.650000000000,1.37606448777,1.37606448777,0.367925848904,0.012964208
31200.00000000,8.666666666667,1.37288705545,1.37288705545,0.366810310194,0.0129616213992
31260.00000000,8.683333333333,1.36971637162,1.36971637162,0.36569792366,0.0129590703539
31320.00000000,8.700000000000,1.36655244818,1.36655244818,0.364589419757,0.0129565493333
31380.00000000,8.716666666667,1.36339529676,1.36339529676,0.363485504329,0.0129540528066
31440.00000000,8.733333333333,1.36024492865,1.36024492865,0.362386859998,0.0129515752428
31500.00000000,8.750000000000,1.35710135483,1.35710135483,0.361294147432,0.0129491111111
31560.00000000,8.766666666667,1.35396458594,1.35396458594,0.36020800651,0.0129466548807
31620.00000000,8.783333333333,1.35083463227,1.35083463227,0.359129057378,0.0129442010206
31680.00000000,8.800000000000,1.34771150378,1.34771150378,0.358057901432,0.012941744
31740.00000000,8.816666666667,1.34459521008,1.34459521008,0.356995122198,0.0129392782881
31800.00000000,8.833333333333,1.34148576043,1.34148576043,0.355941286164,0.0129367983539
31860.00000000,8.850000000000,1.33838316373,1.33838316373,0.354896943529,0.0129342986667
31920.00000000,8.866666666667,1.33528742851,1.33528742851,0.353862628902,0.0129317736955
31980.00000000,8.883333333333,1.33219856295,1.33219856295,0.352838861953,0.0129292179095
32040.00000000,8.900000000000,1.32911657489,1.32911657489,0.351826148007,0.0129266257778
32100.00000000,8.916666666667,1.32604147178,1.32604147178,0.350824978608,0.0129239917695
32160.00000000,8.933333333333,1.32297326075,1.32297326075,0.349835832032,0.0129213103539
32220.00000000,8.950000000000,1.31991194855,1.31991194855,0.348859173778,0.012918576
32280.00000000,8.966666666667,1.3168575416,1.3168575416,0.347895457019,0.012915783177
32340.00000000,8.983333333333,1.31381004597,1.31381004597,0.346945123029,0.0129129263539
32400.00000000,9.000000000000,1.31076946741,1.31076946741,0.34600860158,0.01291
32460.00000000,9.016666666667,1.30773581132,1.30773581132,0.345085903897,0.012907000823
32520.00000000,9.033333333333,1.30470908281,1.30470908281,0.344175876737,0.0129039325103
32580.00000000,9.050000000000,1.30168928668,1.30168928668,0.343277308666,0.0129008
32640.00000000,9.066666666667,1.29867642745,1.29867642745,0.342389096529,0.0128976082305
32700.00000000,9.083333333333,1.29567050933,1.29567050933,0.341510217048,0.0128943621399
32760.00000000,9.100000000000,1.29267153627,1.29267153627,0.340639711118,0.0128910666667
32820.00000000,9.116666666667,1.28967951194,1.28967951194,0.339776673509,0.012887726749
32880.00000000,9.133333333333,1.28669443975,1.28669443975,0.338920245486,0.0128843473251
32940.00000000,9.150000000000,1.28371632286,1.28371632286,0.33806960923,0.0128809333333
33000.00000000,9.166666666667,1.28074516419,1.28074516419,0.337223983446,0.0128774897119
33060.00000000,9.183333333333,1.27778096641,1.27778096641,0.336382619809,0.0128740213992
33120.00000000,9.200000000000,1.27482373199,1.27482373199,0.335544800024,0.0128705333333
33180.00000000,9.216666666667,1.27187346315,1.27187346315,0.334709833353,0.0128670304527
33240.00000000,9.233333333333,1.26893016194,1.26893016194,0.333877054495,0.0128635176955
33300.00000000,9.250000000000,1.26599383016,1.26599383016,0.333045821763,0.01286
33360.00000000,9.266666666667,1.26306446946,1.26306446946,0.332215515482,0.0128564823045
33420.00000000,9.283333333333,1.26014208128,1.26014208128,0.33138553658,0.0128529695473
33480.00000000,9.300000000000,1.25722666689,1.25722666689,0.330555305342,0.0128494666667
33540.00000000,9.316666666667,1.25431822738,1.25431822738,0.329724260284,0.0128459786008
33600.00000000,9.333333333333,1.25141676367,1.25141676367,0.328891857154,0.0128425102881
33660.00000000,9.350000000000,1.24852227651,1.24852227651,0.328057568014,0.0128390666667
33720.00000000,9.366666666667,1.24563476649,1.24563476649,0.327220880419,0.0128356526749
33780.00000000,9.383333333333,1.24275423405,1.24275423405,0.326381296657,0.012832273251
33840.00000000,9.400000000000,1.23988067947,1.23988067947,0.325538333057,0.0128289333333
33900.00000000,9.416666666667,1.23701410286,1.23701410286,0.324691519351,0.0128256378601
33960.00000000,9.433333333333,1.2341545042,1.2341545042,0.323840398087,0.0128223917695
34020.00000000,9.450000000000,1.2313018833,1.2313018833,0.322984524083,0.0128192
34080.00000000,9.466666666667,1.22845623982,1.22845623982,0.322123463919,0.0128160674897
34140.00000000,9.483333333333,1.22561757327,1.22561757327,0.321256795466,0.012812999177
34200.00000000,9.500000000000,1.222785883,1.222785883,0.320384107447,0.01281
34260.00000000,9.516666666667,1.21996116819,1.21996116819,0.319509230336,0.0128070507325
34320.00000000,9.533333333333,1.21714342781,1.21714342781,0.318635855941,0.0128041283292
34380.00000000,9.550000000000,1.21433266065,1.21433266065,0.317763809009,0.012801232
34440.00000000,9.566666666667,1.21152886536,1.21152886536,0.31689306586,0.0127983609547
34500.00000000,9.583333333333,1.20873204043,1.20873204043,0.316023658496,0.0127955144033
34560.00000000,9.600000000000,1.20594218415,1.20594218415,0.315155646257,0.0127926915556
34620.00000000,9.616666666667,1.20315929465,1.20315929465,0.314289103298,0.0127898916214
34680.00000000,9.633333333333,1.20038336988,1.20038336988,0.313424112069,0.0127871138107
34740.00000000,9.650000000000,1.1976144076,1.1976144076,0.312560759574,0.0127843573333
34800.00000000,9.666666666667,1.19485240538,1.19485240538,0.311699135097,0.0127816213992
34860.00000000,9.683333333333,1.19209736059,1.19209736059,0.310839328752,0.0127789052181
34920.00000000,9.700000000000,1.18934927041,1.18934927041,0.309981430539,0.012776208
34980.00000000,9.716666666667,1.1866081318,1.1866081318,0.309125529723,0.0127735289547
35040.00000000,9.733333333333,1.18387394154,1.18387394154,0.308271714404,0.0127708672922
35100.00000000,9.750000000000,1.18114669617,1.18114669617,0.307420071247,0.0127682222222
35160.00000000,9.766666666667,1.17842639204,1.17842639204,0.306570685288,0.0127655929547
35220.00000000,9.783333333333,1.17571302528,1.17571302528,0.305723639821,0.0127629786996
35280.00000000,9.800000000000,1.17300659181,1.17300659181,0.304879016323,0.0127603786667
35340.00000000,9.816666666667,1.1703070873,1.1703070873,0.304036894419,0.0127577920658
35400.00000000,9.833333333333,1.16761450723,1.16761450723,0.303197351863,0.012755218107
35460.00000000,9.850000000000,1.16492884686,1.16492884686,0.302360464546,0.012752656
35520.00000000,9.866666666667,1.16225010121,1.16225010121,0.301526306506,0.0127501049547
35580.00000000,9.883333333333,1.15957826509,1.15957826509,0.300694949959,0.0127475641811
35640.00000000,9.900000000000,1.15691333309,1.15691333309,0.29986646532,0.0127450328889
35700.00000000,9.916666666667,1.15425529957,1.15425529957,0.299040921247,0.0127425102881
35760.00000000,9.933333333333,1.1516041587,1.1516041587,0.298218384672,0.0127399955885
35820.00000000,9.950000000000,1.14895990441,1.14895990441,0.297398920842,0.012737488
35880.00000000,9.966666666667,1.14632253042,1.14632253042,0.296582593359,0.0127349867325
35940.00000000,9.983333333333,1.14369203026,1.14369203026,0.295769464221,0.0127324909959
36000.00000000,10.000000000000,1.14106839724,1.14106839724,0.294959593861,0.01273
36060.00000000,10.016666666667,1.13845162446,1.13845162446,0.294152600725,0.0127275155252
36120.00000000,10.033333333333,1.13584170487,1.13584170487,0.293348081594,0.0127250399848
36180.00000000,10.050000000000,1.13323863118,1.13323863118,0.292546021658,0.0127225735385
36240.00000000,10.066666666667,1.13064239595,1.13064239595,0.291746393812,0.0127201163457
36300.00000000,10.083333333333,1.12805299154,1.12805299154,0.290949167679,0.012717668566
36360.00000000,10.100000000000,1.12547041015,1.12547041015,0.290154312023,0.012715230359
36420.00000000,10.116666666667,1.12289464378,1.12289464378,0.289361795695,0.0127128018841
36480.00000000,10.133333333333,1.12032568429,1.12032568429,0.288571588063,0.012710383301
36540.00000000,10.150000000000,1.11776352339,1.11776352339,0.287783659207,0.0127079747692
36600.00000000,10.166666666667,1.11520815261,1.11520815261,0.286997980006,0.0127055764482
36660.00000000,10.183333333333,1.11265956336,1.11265956336,0.286214522173,0.0127031884976
36720.00000000,10.200000000000,1.11011774688,1.11011774688,0.28543325825,0.0127008110769
36780.00000000,10.216666666667,1.1075826943,1.1075826943,0.284654161597,0.0126984443457
36840.00000000,10.233333333333,1.1050543966,1.1050543966,0.283877206359,0.0126960884634
36900.00000000,10.250000000000,1.10253284465,1.10253284465,0.283102367442,0.0126937435897
36960.00000000,10.266666666667,1.1000180292,1.1000180292,0.28232962048,0.0126914098841
37020.00000000,10.283333333333,1.09750994088,1.09750994088,0.281558941799,0.0126890875062
37080.00000000,10.300000000000,1.09500857019,1.09500857019,0.28079030839,0.0126867766154
37140.00000000,10.316666666667,1.09251390757,1.09251390757,0.280023697876,0.0126844773713
37200.00000000,10.333333333333,1.09002594332,1.09002594332,0.279259088484,0.0126821899335
37260.00000000,10.350000000000,1.08754466767,1.08754466767,0.278496459013,0.0126799144615
37320.00000000,10.366666666667,1.08507007074,1.08507007074,0.277735788817,0.0126776511149
37380.00000000,10.383333333333,1.08260214257,1.08260214257,0.276977057769,0.0126754000532
37440.00000000,10.400000000000,1.08014087312,1.08014087312,0.276220246247,0.0126731614359
37500.00000000,10.416666666667,1.07768625227,1.07768625227,0.275465335108,0.0126709354226
37560.00000000,10.433333333333,1.0752382698,1.0752382698,0.274712305667,0.0126687221728
37620.00000000,10.450000000000,1.07279691546,1.07279691546,0.273961139679,0.0126665218462
37680.00000000,10.466666666667,1.07036217888,1.07036217888,0.273211819324,0.0126643346021
37740.00000000,10.483333333333,1.06793404966,1.06793404966,0.272464327182,0.0126621606002
37800.00000000,10.500000000000,1.06551251732,1.06551251732,0.271718646227,0.01266
37860.00000000,10.516666666667,1.06309757132,1.06309757132,0.270973375989,0.0126578611966
37920.00000000,10.533333333333,1.06068920107,1.06068920107,0.270227638104,0.0126557511111
37980.00000000,10.550000000000,1.05828739593,1.05828739593,0.269481979874,0.0126536676923
38040.00000000,10.566666666667,1.05589214517,1.05589214517,0.268736843115,0.0126516088889
38100.00000000,10.583333333333,1.05350343804,1.05350343804,0.267992614302,0.0126495726496
38160.00000000,10.600000000000,1.0511212637,1.0511212637,0.267249642524,0.0126475569231
38220.00000000,10.616666666667,1.04874561126,1.04874561126,0.266508248843,0.0126455596581
38280.00000000,10.633333333333,1.04637646981,1.04637646981,0.265768732009,0.0126435788034
38340.00000000,10.650000000000,1.04401382834,1.04401382834,0.2650313723,0.0126416123077
38400.00000000,10.666666666667,1.04165767583,1.04165767583,0.264296434274,0.0126396581197
38460.00000000,10.683333333333,1.03930800119,1.03930800119,0.263564168829,0.012637714188
38520.00000000,10.700000000000,1.0369647933,1.0369647933,0.262834814797,0.0126357784615
38580.00000000,10.716666666667,1.03462804098,1.03462804098,0.262108600224,0.0126338488889
38640.00000000,10.733333333333,1.03229773301,1.03229773301,0.261385743406,0.0126319234188
38700.00000000,10.750000000000,1.02997385813,1.02997385813,0.260666453751,0.01263
38760.00000000,10.766666666667,1.02765640504,1.02765640504,0.259950932503,0.0126280765812
38820.00000000,10.783333333333,1.02534536237,1.02534536237,0.259239373365,0.0126261511111
38880.00000000,10.800000000000,1.02304071875,1.02304071875,0.258531963029,0.0126242215385
38940.00000000,10.816666666667,1.02074246274,1.02074246274,0.257828881645,0.012622285812
39000.00000000,10.833333333333,1.01845058288,1.01845058288,0.257130303229,0.0126203418803
39060.00000000,10.850000000000,1.01616506764,1.01616506764,0.256436396022,0.0126183876923
39120.00000000,10.866666666667,1.01388590549,1.01388590549,0.255747322818,0.0126164211966
39180.00000000,10.883333333333,1.01161308484,1.01161308484,0.255063241246,0.0126144403419
39240.00000000,10.900000000000,1.00934659407,1.00934659407,0.254384304037,0.0126124430769
39300.00000000,10.916666666667,1.0070864215,1.0070864215,0.253710659255,0.0126104273504
39360.00000000,10.933333333333,1.00483255546,1.00483255546,0.253042450513,0.0126083911111
39420.00000000,10.950000000000,1.0025849842,1.0025849842,0.25237981717,0.0126063323077
39480.00000000,10.966666666667,1.00034369596,1.00034369596,0.251722894508,0.0126042488889
39540.00000000,10.983333333333,0.998108678944,0.998108678944,0.2510718139,0.0126021388034
39600.00000000,11.000000000000,0.99587992131,0.99587992131,0.250426702958,0.0126
39660.00000000,11.016666666667,0.99365741119,0.99365741119,0.249789105304,0.0125978218566
39720.00000000,11.033333333333,0.991441136668,0.991441136668,0.249159631352,0.0125955976448
39780.00000000,11.050000000000,0.989231085807,0.989231085807,0.248537298104,0.0125933311538
39840.00000000,11.066666666667,0.987027246648,0.987027246648,0.247921280277,0.0125910261728
39900.00000000,11.083333333333,0.98482960721,0.98482960721,0.247310842183,0.012588686491
39960.00000000,11.100000000000,0.982638155485,0.982638155485,0.24670531156,0.0125863158974
40020.00000000,11.116666666667,0.980452879443,0.980452879443,0.24610406526,0.0125839181814
40080.00000000,11.133333333333,0.978273767027,0.978273767027,0.245506520182,0.012581497132
40140.00000000,11.150000000000,0.976100806156,0.976100806156,0.244912126972,0.0125790565385
40200.00000000,11.166666666667,0.973933984728,0.973933984728,0.24432036541,0.0125766001899
40260.00000000,11.183333333333,0.971773290615,0.971773290615,0.243730740864,0.0125741318756
40320.00000000,11.200000000000,0.969618711668,0.969618711668,0.243142781486,0.0125716553846
40380.00000000,11.216666666667,0.967470235716,0.967470235716,0.242556035939,0.0125691745062
40440.00000000,11.233333333333,0.965327850566,0.965327850566,0.241970071511,0.0125666930294
40500.00000000,11.250000000000,0.963191544005,0.963191544005,0.241384472531,0.0125642147436
40560.00000000,11.266666666667,0.961061303798,0.961061303798,0.240798839014,0.0125617434378
40620.00000000,11.283333333333,0.958937117691,0.958937117691,0.240212785489,0.0125592829012
40680.00000000,11.300000000000,0.95681897341,0.95681897341,0.239625939983,0.0125568369231
40740.00000000,11.316666666667,0.954706858661,0.954706858661,0.239037943118,0.0125544092925
40800.00000000,11.333333333333,0.952600761132,0.952600761132,0.238448447313,0.0125520037987
40860.00000000,11.350000000000,0.95050066849,0.95050066849,0.237857116074,0.0125496242308
40920.00000000,11.366666666667,0.948406568385,0.948406568385,0.23726362335,0.012547274378
40980.00000000,11.383333333333,0.946318448448,0.946318448448,0.236667652951,0.0125449580294
41040.00000000,11.400000000000,0.944236296288,0.944236296288,0.236068898026,0.0125426789744
41100.00000000,11.416666666667,0.942160099498,0.942160099498,0.235467060577,0.0125404410019
41160.00000000,11.433333333333,0.94008984565,0.94008984565,0.234861851018,0.0125382479012
41220.00000000,11.450000000000,0.938025522295,0.938025522295,0.234252987769,0.0125361034615
41280.00000000,11.466666666667,0.935967116964,0.935967116964,0.23364019688,0.012534011472
41340.00000000,11.483333333333,0.933914617167,0.933914617167,0.233023211682,0.0125319757217
41400.00000000,11.500000000000,0.931868010392,0.931868010392,0.232401772463,0.01253
41460.00000000,11.516666666667,0.929827284097,0.929827284097,0.2317789722,0.0125280677984
41520.00000000,11.533333333333,0.927792425675,0.927792425675,0.231157656147,0.0125261596708
41580.00000000,11.550000000000,0.925763422503,0.925763422503,0.230537608465,0.012524275
41640.00000000,11.566666666667,0.923740261936,0.923740261936,0.229918761341,0.0125224131687
41700.00000000,11.583333333333,0.921722931304,0.921722931304,0.229301102934,0.0125205735597
41760.00000000,11.600000000000,0.91971141791,0.91971141791,0.228684649899,0.0125187555556
41820.00000000,11.616666666667,0.917705709026,0.917705709026,0.228069435125,0.0125169585391
41880.00000000,11.633333333333,0.915705791896,0.915705791896,0.227455501263,0.012515181893
41940.00000000,11.650000000000,0.91371165373,0.91371165373,0.226842896972,0.012513425
42000.00000000,11.666666666667,0.911723281704,0.911723281704,0.226231674586,0.0125116872428
42060.00000000,11.683333333333,0.909740662961,0.909740662961,0.2256218886,0.0125099680041
42120.00000000,11.700000000000,0.907763784607,0.907763784607,0.22501359466,0.0125082666667
42180.00000000,11.716666666667,0.905792633709,0.905792633709,0.224406848869,0.0125065826132
42240.00000000,11.733333333333,0.903827197299,0.903827197299,0.223801707303,0.0125049152263
42300.00000000,11.750000000000,0.901867462367,0.901867462367,0.223198225666,0.0125032638889
42360.00000000,11.766666666667,0.899913415865,0.899913415865,0.222596459054,0.0125016279835
42420.00000000,11.783333333333,0.897965044701,0.897965044701,0.22199646178,0.012500006893
42480.00000000,11.800000000000,0.896022335746,0.896022335746,0.221398287256,0.0124984
42540.00000000,11.816666666667,0.894085275826,0.894085275826,0.220801987909,0.0124968066872
42600.00000000,11.833333333333,0.892153851725,0.892153851725,0.220207615124,0.0124952263374
42660.00000000,11.850000000000,0.890228050187,0.890228050187,0.219615219211,0.0124936583333
42720.00000000,11.866666666667,0.888307857911,0.888307857911,0.21902484938,0.0124921020576
42780.00000000,11.883333333333,0.886393261557,0.886393261557,0.218436553736,0.012490556893
42840.00000000,11.900000000000,0.884484247742,0.884484247742,0.217850379279,0.0124890222222
42900.00000000,11.916666666667,0.882580803043,0.882580803043,0.217266371905,0.012487497428
42960.00000000,11.933333333333,0.880682913998,0.880682913998,0.216684576417,0.012485981893
43020.00000000,11.950000000000,0.878790567106,0.878790567106,0.216105036545,0.012484475
43080.00000000,11.966666666667,0.87690374883,0.87690374883,0.215527794955,0.0124829761317
43140.00000000,11.983333333333,0.875022445595,0.875022445595,0.21495289327,0.0124814846708
43200.00000000,12.000000000000,0.873146643794,0.873146643794,0.214380372091,0.01248
43260.00000000,12.016666666667,0.871276329791,0.871276329791,0.213809165548,0.0124785282305
43320.00000000,12.033333333333,0.869411489929,0.869411489929,0.213238496555,0.0124770752263
43380.00000000,12.050000000000,0.86755211052,0.86755211052,0.212668663939,0.01247564
43440.00000000,12.066666666667,0.86569817785,0.86569817785,0.212099890079,0.0124742215638
43500.00000000,12.083333333333,0.863849678175,0.863849678175,0.21153236092,0.01247281893
43560.00000000,12.100000000000,0.862006597735,0.862006597735,0.210966239392,0.0124714311111
43620.00000000,12.116666666667,0.860168922745,0.860168922745,0.210401672064,0.0124700571193
43680.00000000,12.133333333333,0.858336639407,0.858336639407,0.209838793035,0.0124686959671
43740.00000000,12.150000000000,0.856509733909,0.856509733909,0.209277726443,0.0124673466667
43800.00000000,12.166666666667,0.854688192425,0.854688192425,0.208718588205,0.0124660082305
43860.00000000,12.183333333333,0.852872001125,0.852872001125,0.208161487275,0.0124646796708
43920.00000000,12.200000000000,0.851061146168,0.851061146168,0.207606526593,0.01246336
43980.00000000,12.216666666667,0.849255613713,0.849255613713,0.207053803822,0.0124620482305
44040.00000000,12.233333333333,0.847455389917,0.847455389917,0.206503411935,0.0124607433745
44100.00000000,12.250000000000,0.845660460937,0.845660460937,0.205955439692,0.0124594444444
44160.00000000,12.266666666667,0.843870812935,0.843870812935,0.205409972026,0.0124581504527
44220.00000000,12.283333333333,0.842086432079,0.842086432079,0.204867090381,0.0124568604115
44280.00000000,12.300000000000,0.840307304545,0.840307304545,0.204326872981,0.0124555733333
44340.00000000,12.316666666667,0.83853341652,0.83853341652,0.203789395078,0.0124542882305
44400.00000000,12.333333333333,0.8367647542,0.8367647542,0.203254729152,0.0124530041152
44460.00000000,12.350000000000,0.8350013038,0.8350013038,0.202722945094,0.01245172
44520.00000000,12.366666666667,0.833243051548,0.833243051548,0.202194110367,0.0124504348971
44580.00000000,12.383333333333,0.831489983688,0.831489983688,0.201668290144,0.0124491478189
44640.00000000,12.400000000000,0.829742086486,0.829742086486,0.201145547436,0.0124478577778
44700.00000000,12.416666666667,0.827999346228,0.827999346228,0.200625943201,0.012446563786
44760.00000000,12.433333333333,0.82626174922,0.82626174922,0.20010953645,0.012445264856
44820.00000000,12.450000000000,0.824529281793,0.824529281793,0.199596384339,0.01244396
44880.00000000,12.466666666667,0.822801930301,0.822801930301,0.199086542248,0.0124426482305
44940.00000000,12.483333333333,0.821079681123,0.821079681123,0.198580063862,0.0124413285597
45000.00000000,12.500000000000,0.819362520666,0.819362520666,0.198077001241,0.01244
45060.00000000,12.516666666667,0.817650435363,0.817650435363,0.197576563665,0.0124386666667
45120.00000000,12.533333333333,0.815943411686,0.815943411686,0.197078052243,0.0124373333333
45180.00000000,12.550000000000,0.81424143613,0.81424143613,0.196581539517,0.012436
45240.00000000,12.566666666667,0.812544495221,0.812544495221,0.196087054885,0.0124346666667
45300.00000000,12.583333333333,0.810852575512,0.810852575512,0.195594610946,0.0124333333333
45360.00000000,12.600000000000,0.809165663588,0.809165663588,0.19510421144,0.012432
45420.00000000,12.616666666667,0.80748374606,0.80748374606,0.194615854841,0.0124306666667
45480.00000000,12.633333333333,0.805806809573,0.805806809573,0.194129536273,0.0124293333333
45540.00000000,12.650000000000,0.804134840802,0.804134840802,0.193645248633,0.012428
45600.00000000,12.666666666667,0.80246782645,0.80246782645,0.193162983312,0.0124266666667
45660.00000000,12.683333333333,0.800805753255,0.800805753255,0.192682730657,0.0124253333333
45720.00000000,12.700000000000,0.799148607984,0.799148607984,0.192204480297,0.012424
45780.00000000,12.716666666667,0.797496377434,0.797496377434,0.191728221368,0.0124226666667
45840.00000000,12.733333333333,0.795849048436,0.795849048436,0.191253942678,0.0124213333333
45900.00000000,12.750000000000,0.79420660785,0.79420660785,0.190781632822,0.01242
45960.00000000,12.766666666667,0.792569042566,0.792569042566,0.190311280271,0.0124186666667
46020.00000000,12.783333333333,0.790936339506,0.790936339506,0.189842873441,0.0124173333333
46080.00000000,12.800000000000,0.789308485623,0.789308485623,0.189376400739,0.012416
46140.00000000,12.816666666667,0.7876854679,0.7876854679,0.188911850599,0.0124146666667
46200.00000000,12.833333333333,0.786067273349,0.786067273349,0.188449211515,0.0124133333333
46260.00000000,12.850000000000,0.784453889012,0.784453889012,0.187988472056,0.012412
46320.00000000,12.866666666667,0.782845301961,0.782845301961,0.187529620888,0.0124106666667
46380.00000000,12.883333333333,0.781241499296,0.781241499296,0.187072646784,0.0124093333333
46440.00000000,12.900000000000,0.779642468147,0.779642468147,0.186617538628,0.012408
46500.00000000,12.916666666667,0.778048195671,0.778048195671,0.186164285428,0.0124066666667
46560.00000000,12.933333333333,0.776458669053,0.776458669053,0.185712876318,0.0124053333333
46620.00000000,12.950000000000,0.774873875505,0.774873875505,0.185263300559,0.012404
46680.00000000,12.966666666667,0.773293802265,0.773293802265,0.184815547541,0.0124026666667
46740.00000000,12.983333333333,0.771718436599,0.771718436599,0.184369606785,0.0124013333333
46800.00000000,13.000000000000,0.770147765795,0.770147765795,0.183925467943,0.0124
46860.00000000,13.016666666667,0.768581777168,0.768581777168,0.183484137637,0.0123986605291
46920.00000000,13.033333333333,0.767020458045,0.767020458045,0.183046232606,0.0123973096296
46980.00000000,13.050000000000,0.765463795783,0.765463795783,0.182611354565,0.0123959485714
47040.00000000,13.066666666667,0.763911777764,0.763911777764,0.18217919747,0.0123945786243
47100.00000000,13.083333333333,0.762364391392,0.762364391392,0.181749501415,0.0123932010582
47160.00000000,13.100000000000,0.760821624098,0.760821624098,0.181322036563,0.0123918171429
47220.00000000,13.116666666667,0.75928346333,0.75928346333,0.180896594951,0.0123904281481
47280.00000000,13.133333333333,0.757749896561,0.757749896561,0.180472985582,0.0123890353439
47340.00000000,13.150000000000,0.756220911283,0.756220911283,0.180051031186,0.01238764
47400.00000000,13.166666666667,0.754696495005,0.754696495005,0.179630565945,0.0123862433862
47460.00000000,13.183333333333,0.75317663526,0.75317663526,0.179211433803,0.0123848467725
47520.00000000,13.200000000000,0.751661319593,0.751661319593,0.178793487188,0.0123834514286
47580.00000000,13.216666666667,0.750150535572,0.750150535572,0.178376585994,0.0123820586243
47640.00000000,13.233333333333,0.748644270778,0.748644270778,0.177960596764,0.0123806696296
47700.00000000,13.250000000000,0.74714251281,0.74714251281,0.177545392024,0.0123792857143
47760.00000000,13.266666666667,0.745645249283,0.745645249283,0.177130849725,0.0123779081481
47820.00000000,13.283333333333,0.744152467824,0.744152467824,0.176716852768,0.0123765382011
47880.00000000,13.300000000000,0.742664156079,0.742664156079,0.176303288602,0.0123751771429
47940.00000000,13.316666666667,0.741180301705,0.741180301705,0.175890048874,0.0123738262434
48000.00000000,13.333333333333,0.739700892373,0.739700892373,0.175477029127,0.0123724867725
48060.00000000,13.350000000000,0.738225915767,0.738225915767,0.175064128529,0.01237116
48120.00000000,13.366666666667,0.736755359585,0.736755359585,0.174651249639,0.0123698471958
48180.00000000,13.383333333333,0.735289211534,0.735289211534,0.174238298193,0.0123685496296
48240.00000000,13.400000000000,0.733827459338,0.733827459338,0.173825182917,0.0123672685714
48300.00000000,13.416666666667,0.732370090727,0.732370090727,0.173411815353,0.012366005291
48360.00000000,13.433333333333,0.730917093446,0.730917093446,0.172998109708,0.0123647610582
48420.00000000,13.450000000000,0.729468455249,0.729468455249,0.172583982713,0.0123635371429
48480.00000000,13.466666666667,0.728024163902,0.728024163902,0.172169353488,0.0123623348148
48540.00000000,13.483333333333,0.726584207179,0.726584207179,0.171754143435,0.0123611553439
48600.00000000,13.500000000000,0.725148572868,0.725148572868,0.171338276119,0.01236
48660.00000000,13.516666666667,0.723717248763,0.723717248763,0.170921502065,0.0123588711111
48720.00000000,13.533333333333,0.722290222672,0.722290222672,0.17050396528,0.0123577688889
48780.00000000,13.550000000000,0.720867482408,0.720867482408,0.170086083786,0.0123566914286
48840.00000000,13.566666666667,0.719449015791,0.719449015791,0.169668212309,0.0123556368254
48900.00000000,13.583333333333,0.718034810649,0.718034810649,0.169250666497,0.0123546031746
48960.00000000,13.600000000000,0.716624854818,0.716624854818,0.168833733392,0.0123535885714
49020.00000000,13.616666666667,0.715219136143,0.715219136143,0.168417677507,0.0123525911111
49080.00000000,13.633333333333,0.713817642476,0.713817642476,0.168002744848,0.0123516088889
49140.00000000,13.650000000000,0.712420361679,0.712420361679,0.167589165758,0.01235064
49200.00000000,13.666666666667,0.711027281619,0.711027281619,0.167177157052,0.0123496825397
49260.00000000,13.683333333333,0.709638390175,0.709638390175,0.166766923675,0.0123487346032
49320.00000000,13.700000000000,0.708253675231,0.708253675231,0.166358660012,0.0123477942857
49380.00000000,13.716666666667,0.706873124683,0.706873124683,0.165952550968,0.0123468596825
49440.00000000,13.733333333333,0.705496726431,0.705496726431,0.165548772857,0.0123459288889
49500.00000000,13.750000000000,0.704124468388,0.704124468388,0.165147494145,0.012345
49560.00000000,13.766666666667,0.702756338473,0.702756338473,0.164748876094,0.0123440711111
49620.00000000,13.783333333333,0.701392324614,0.701392324614,0.164353073305,0.0123431403175
49680.00000000,13.800000000000,0.700032414748,0.700032414748,0.163960234198,0.0123422057143
49740.00000000,13.816666666667,0.698676596821,0.698676596821,0.163570501427,0.0123412653968
49800.00000000,13.833333333333,0.697324858788,0.697324858788,0.163184012246,0.0123403174603
49860.00000000,13.850000000000,0.695977188614,0.695977188614,0.162800898839,0.01233936
49920.00000000,13.866666666667,0.694633574274,0.694633574274,0.162421288606,0.0123383911111
49980.00000000,13.883333333333,0.693294003751,0.693294003751,0.162045304427,0.0123374088889
50040.00000000,13.900000000000,0.691958465039,0.691958465039,0.161673064896,0.0123364114286
50100.00000000,13.916666666667,0.690626946143,0.690626946143,0.161304684534,0.0123353968254
50160.00000000,13.933333333333,0.689299435078,0.689299435078,0.160940273982,0.0123343631746
50220.00000000,13.950000000000,0.68797591987,0.68797591987,0.160579940178,0.0123333085714
50280.00000000,13.966666666667,0.686656388558,0.686656388558,0.160223786516,0.0123322311111
50340.00000000,13.983333333333,0.685340829191,0.685340829191,0.159871912998,0.0123311288889
50400.00000000,14.000000000000,0.684029229832,0.684029229832,0.159524416365,0.01233
50460.00000000,14.016666666667,0.682721578554,0.682721578554,0.159182071414,0.0123288385185
50520.00000000,14.033333333333,0.681417863442,0.681417863442,0.158844970818,0.0123276414815
50580.00000000,14.050000000000,0.680118072597,0.680118072597,0.158512414528,0.0123264114286
50640.00000000,14.066666666667,0.67882219414,0.67882219414,0.158183832077,0.0123251508995
50700.00000000,14.083333333333,0.677530216211,0.677530216211,0.157858726636,0.0123238624339
50760.00000000,14.100000000000,0.676242126964,0.676242126964,0.157536652963,0.0123225485714
50820.00000000,14.116666666667,0.674957914573,0.674957914573,0.157217205234,0.0123212118519
50880.00000000,14.133333333333,0.673677567232,0.673677567232,0.156900009304,0.0123198548148
50940.00000000,14.150000000000,0.672401073152,0.672401073152,0.156584717347,0.01231848
51000.00000000,14.166666666667,0.671128420565,0.671128420565,0.156271003929,0.0123170899471
51060.00000000,14.183333333333,0.669859597721,0.669859597721,0.155958563011,0.0123156871958
51120.00000000,14.200000000000,0.668594592893,0.668594592893,0.155647105591,0.0123142742857
51180.00000000,14.216666666667,0.667333394375,0.667333394375,0.1553363578,0.0123128537566
51240.00000000,14.233333333333,0.666075990483,0.666075990483,0.155026059343,0.0123114281481
51300.00000000,14.250000000000,0.664822369555,0.664822369555,0.154715962181,0.01231
51360.00000000,14.266666666667,0.663572519954,0.663572519954,0.154405829431,0.0123085718519
51420.00000000,14.283333333333,0.662326430066,0.662326430066,0.154095434406,0.0123071462434
51480.00000000,14.300000000000,0.661084088301,0.661084088301,0.153784559802,0.0123057257143
51540.00000000,14.316666666667,0.659845483095,0.659845483095,0.153472996965,0.0123043128042
51600.00000000,14.333333333333,0.658610602909,0.658610602909,0.153160545267,0.0123029100529
51660.00000000,14.350000000000,0.657379436232,0.657379436232,0.152847011539,0.01230152
51720.00000000,14.366666666667,0.656151971577,0.656151971577,0.152532209566,0.0123001451852
51780.00000000,14.383333333333,0.654928197485,0.654928197485,0.152215959642,0.0122987881481
51840.00000000,14.400000000000,0.653708102527,0.653708102527,0.151898088158,0.0122974514286
51900.00000000,14.416666666667,0.652491675297,0.652491675297,0.151578427237,0.0122961375661
51960.00000000,14.433333333333,0.651278904421,0.651278904421,0.151256814398,0.0122948491005
52020.00000000,14.450000000000,0.650069778552,0.650069778552,0.150933092247,0.0122935885714
52080.00000000,14.466666666667,0.64886428637,0.64886428637,0.150607108198,0.0122923585185
52140.00000000,14.483333333333,0.647662416587,0.647662416587,0.150278714216,0.0122911614815
52200.00000000,14.500000000000,0.64646415794,0.64646415794,0.149947766575,0.01229
52260.00000000,14.516666666667,0.645269499194,0.645269499194,0.14961587732,0.0122888665079
52320.00000000,14.533333333333,0.644078429131,0.644078429131,0.149284543889,0.0122877511111
52380.00000000,14.550000000000,0.642890936561,0.642890936561,0.148953726537,0.0122866528571
52440.00000000,14.566666666667,0.641707010323,0.641707010323,0.148623475243,0.0122855707937
52500.00000000,14.583333333333,0.640526639285,0.640526639285,0.148293867716,0.0122845039683
52560.00000000,14.600000000000,0.639349812345,0.639349812345,0.147964992453,0.0122834514286
52620.00000000,14.616666666667,0.638176518424,0.638176518424,0.147636941827,0.0122824122222
52680.00000000,14.633333333333,0.637006746473,0.637006746473,0.147309808817,0.0122813853968
52740.00000000,14.650000000000,0.635840485469,0.635840485469,0.146983685321,0.01228037
52800.00000000,14.666666666667,0.634677724413,0.634677724413,0.146658661272,0.0122793650794
52860.00000000,14.683333333333,0.633518452335,0.633518452335,0.146334824168,0.0122783696825
52920.00000000,14.700000000000,0.632362658288,0.632362658288,0.146012258846,0.0122773828571
52980.00000000,14.716666666667,0.63121033135,0.63121033135,0.14569104739,0.0122764036508
53040.00000000,14.733333333333,0.630061460623,0.630061460623,0.145371269122,0.0122754311111
53100.00000000,14.750000000000,0.628916035233,0.628916035233,0.145053000642,0.0122744642857
53160.00000000,14.766666666667,0.627774044328,0.627774044328,0.144736315892,0.0122735022222
53220.00000000,14.783333333333,0.62663547708,0.62663547708,0.14442128624,0.0122725439683
53280.00000000,14.800000000000,0.625500322682,0.625500322682,0.144107980571,0.0122715885714
53340.00000000,14.816666666667,0.624368570348,0.624368570348,0.143796465381,0.0122706350794
53400.00000000,14.833333333333,0.623240209314,0.623240209314,0.143486804874,0.0122696825397
53460.00000000,14.850000000000,0.622115228835,0.622115228835,0.143179061046,0.01226873
53520.00000000,14.866666666667,0.620993618187,0.620993618187,0.142873293785,0.0122677765079
53580.00000000,14.883333333333,0.619875366666,0.619875366666,0.142569560948,0.0122668211111
53640.00000000,14.900000000000,0.618760463586,0.618760463586,0.14226791845,0.0122658628571
53700.00000000,14.916666666667,0.617648898279,0.617648898279,0.141968420336,0.0122649007937
53760.00000000,14.933333333333,0.616540660097,0.616540660097,0.141671118859,0.0122639339683
53820.00000000,14.950000000000,0.61543573841,0.61543573841,0.141376064546,0.0122629614286
53880.00000000,14.966666666667,0.614334122605,0.614334122605,0.141083306269,0.0122619822222
53940.00000000,14.983333333333,0.613235802088,0.613235802088,0.140792891301,0.0122609953968
54000.00000000,15.000000000000,0.61214076628,0.61214076628,0.140504865381,0.01226
54060.00000000,15.016666666667,0.611049004623,0.611049004623,0.14021954014,0.0122589935556
54120.00000000,15.033333333333,0.609960506571,0.609960506571,0.139936882075,0.0122579751111
54180.00000000,15.050000000000,0.608875261603,0.608875261603,0.139656535108,0.012256946
54240.00000000,15.066666666667,0.607793259212,0.607793259212,0.139378211399,0.0122559075556
54300.00000000,15.083333333333,0.606714488913,0.606714488913,0.139101662125,0.0122548611111
54360.00000000,15.100000000000,0.605638940238,0.605638940238,0.138826665746,0.012253808
54420.00000000,15.116666666667,0.604566602741,0.604566602741,0.138553021491,0.0122527495556
54480.00000000,15.133333333333,0.603497465991,0.603497465991,0.138280545195,0.0122516871111
54540.00000000,15.150000000000,0.60243151958,0.60243151958,0.138009066418,0.012250622
54600.00000000,15.166666666667,0.601368753118,0.601368753118,0.137738426342,0.0122495555556
54660.00000000,15.183333333333,0.600309156236,0.600309156236,0.137468476156,0.0122484891111
54720.00000000,15.200000000000,0.599252718585,0.599252718585,0.137199075803,0.012247424
54780.00000000,15.216666666667,0.598199429838,0.598199429838,0.136930092963,0.0122463615556
54840.00000000,15.233333333333,0.597149279688,0.597149279688,0.136661402223,0.0122453031111
54900.00000000,15.250000000000,0.596102257853,0.596102257853,0.136392884383,0.01224425
54960.00000000,15.266666666667,0.595058354069,0.595058354069,0.136124425876,0.0122432035556
55020.00000000,15.283333333333,0.5940175581,0.5940175581,0.135855918266,0.0122421651111
55080.00000000,15.300000000000,0.592979859729,0.592979859729,0.135587257818,0.012241136
55140.00000000,15.316666666667,0.591945248768,0.591945248768,0.135318345126,0.0122401175556
55200.00000000,15.333333333333,0.590913715048,0.590913715048,0.135049084781,0.0122391111111
55260.00000000,15.350000000000,0.589885248431,0.589885248431,0.134779385087,0.012238118
55320.00000000,15.366666666667,0.5888598388,0.5888598388,0.134509157796,0.0122371395556
55380.00000000,15.383333333333,0.587837476067,0.587837476067,0.134238317886,0.0122361771111
55440.00000000,15.400000000000,0.586818150169,0.586818150169,0.133966783347,0.012235232
55500.00000000,15.416666666667,0.585801851071,0.585801851071,0.133694475001,0.0122343055556
55560.00000000,15.433333333333,0.584788568766,0.584788568766,0.13342131633,0.0122333991111
55620.00000000,15.450000000000,0.583778293273,0.583778293273,0.133147233324,0.012232514
55680.00000000,15.466666666667,0.582771014642,0.582771014642,0.132872154341,0.0122316515556
55740.00000000,15.483333333333,0.58176672295,0.58176672295,0.132596009976,0.0122308131111
55800.00000000,15.500000000000,0.580765408303,0.580765408303,0.132318732948,0.01223
55860.00000000,15.516666666667,0.579767060837,0.579767060837,0.132041131085,0.0122292087407
55920.00000000,15.533333333333,0.57877167071,0.57877167071,0.131763990099,0.0122284343704
55980.00000000,15.550000000000,0.577779228113,0.577779228113,0.131487351103,0.012227676
56040.00000000,15.566666666667,0.576789723264,0.576789723264,0.131211295565,0.0122269327407
56100.00000000,15.583333333333,0.575803146414,0.575803146414,0.130935913772,0.0122262037037
56160.00000000,15.600000000000,0.574819487843,0.574819487843,0.130661297045,0.012225488
56220.00000000,15.616666666667,0.573838737861,0.573838737861,0.130387534932,0.0122247847407
56280.00000000,15.633333333333,0.572860886809,0.572860886809,0.1301147141,0.012224093037
56340.00000000,15.650000000000,0.571885925058,0.571885925058,0.12984291792,0.012223412
56400.00000000,15.666666666667,0.570913843011,0.570913843011,0.129572226364,0.0122227407407
56460.00000000,15.683333333333,0.5699446311,0.5699446311,0.12930271605,0.0122220783704
56520.00000000,15.700000000000,0.568978279787,0.568978279787,0.129034460358,0.012221424
56580.00000000,15.716666666667,0.568014779567,0.568014779567,0.128767529578,0.0122207767407
56640.00000000,15.733333333333,0.567054120964,0.567054120964,0.128501991063,0.0122201357037
56700.00000000,15.750000000000,0.566096294533,0.566096294533,0.128237909392,0.0122195
56760.00000000,15.766666666667,0.565141290857,0.565141290857,0.127975346516,0.0122188687407
56820.00000000,15.783333333333,0.564189100552,0.564189100552,0.127714361906,0.012218241037
56880.00000000,15.800000000000,0.563239714264,0.563239714264,0.127455012688,0.012217616
56940.00000000,15.816666666667,0.562293122668,0.562293122668,0.127197353765,0.0122169927407
57000.00000000,15.833333333333,0.561349316468,0.561349316468,0.126941437938,0.0122163703704
57060.00000000,15.850000000000,0.5604082864,0.5604082864,0.126687316011,0.012215748
57120.00000000,15.866666666667,0.559470023227,0.559470023227,0.126435036894,0.0122151247407
57180.00000000,15.883333333333,0.558534517744,0.558534517744,0.126184647692,0.0122144997037
57240.00000000,15.900000000000,0.557601760774,0.557601760774,0.125936193793,0.012213872
57300.00000000,15.916666666667,0.556671743168,0.556671743168,0.125689718947,0.0122132407407
57360.00000000,15.933333333333,0.555744455807,0.555744455807,0.125445265338,0.012212605037
57420.00000000,15.950000000000,0.554819889603,0.554819889603,0.125202873658,0.012211964
57480.00000000,15.966666666667,0.553898035494,0.553898035494,0.124962583162,0.0122113167407
57540.00000000,15.983333333333,0.552978884446,0.552978884446,0.124724431736,0.0122106623704
57600.00000000,16.000000000000,0.552062427457,0.552062427457,0.124488455946,0.01221
57660.00000000,16.016666666667,0.55114865555,0.55114865555,0.124255165336,0.0122093261728
57720.00000000,16.033333333333,0.550237559776,0.550237559776,0.12402462129,0.0122086390123
57780.00000000,16.050000000000,0.549329131215,0.549329131215,0.123796376911,0.01220794
57840.00000000,16.066666666667,0.548423360978,0.548423360978,0.123570087222,0.0122072306173
57900.00000000,16.083333333333,0.547520240205,0.547520240205,0.123345461871,0.0122065123457
57960.00000000,16.100000000000,0.546619760066,0.546619760066,0.123122247225,0.0122057866667
58020.00000000,16.116666666667,0.545721911757,0.545721911757,0.122900216802,0.0122050550617
58080.00000000,16.133333333333,0.544826686506,0.544826686506,0.122679165332,0.0122043190123
58140.00000000,16.150000000000,0.543934075569,0.543934075569,0.122458904753,0.01220358
58200.00000000,16.166666666667,0.543044070229,0.543044070229,0.122239261333,0.0122028395062
58260.00000000,16.183333333333,0.5421566618,0.5421566618,0.122020073519,0.0122020990123
58320.00000000,16.200000000000,0.541271841624,0.541271841624,0.121801190274,0.01220136
58380.00000000,16.216666666667,0.540389601071,0.540389601071,0.121582469759,0.0122006239506
58440.00000000,16.233333333333,0.539509931543,0.539509931543,0.121363778264,0.0121998923457
58500.00000000,16.250000000000,0.538632824467,0.538632824467,0.121144989329,0.0121991666667
58560.00000000,16.266666666667,0.537758271303,0.537758271303,0.120925983009,0.0121984483951
58620.00000000,16.283333333333,0.536886263536,0.536886263536,0.120706645252,0.0121977390123
58680.00000000,16.300000000000,0.536016792684,0.536016792684,0.120486867368,0.01219704
58740.00000000,16.316666666667,0.535149850292,0.535149850292,0.120266545569,0.0121963528395
58800.00000000,16.333333333333,0.534285427935,0.534285427935,0.120045580571,0.0121956790123
58860.00000000,16.350000000000,0.533423517219,0.533423517219,0.119823877241,0.01219502
58920.00000000,16.366666666667,0.532564109777,0.532564109777,0.11960134429,0.012194377284
58980.00000000,16.383333333333,0.531707197275,0.531707197275,0.119377893998,0.0121937523457
59040.00000000,16.400000000000,0.530852771404,0.530852771404,0.119153441969,0.0121931466667
59100.00000000,16.416666666667,0.53000082389,0.53000082389,0.118927906909,0.0121925617284
59160.00000000,16.433333333333,0.529151346484,0.529151346484,0.118701210434,0.0121919990123
59220.00000000,16.450000000000,0.528304330971,0.528304330971,0.118473276883,0.01219146
59280.00000000,16.466666666667,0.527459769164,0.527459769164,0.118244033162,0.0121909461728
59340.00000000,16.483333333333,0.526617652905,0.526617652905,0.118013408591,0.0121904590123
59400.00000000,16.500000000000,0.525777974068,0.525777974068,0.117781334772,0.01219
59460.00000000,16.516666666667,0.524940724553,0.524940724553,0.11754854856,0.0121895664198
59520.00000000,16.533333333333,0.52410589629,0.52410589629,0.117315860096,0.0121891535802
59580.00000000,16.550000000000,0.523273481235,0.523273481235,0.117083428149,0.01218876
59640.00000000,16.566666666667,0.522443471374,0.522443471374,0.116851431474,0.0121883841975
59700.00000000,16.583333333333,0.521615858723,0.521615858723,0.116620044099,0.0121880246914
59760.00000000,16.600000000000,0.520790635328,0.520790635328,0.116389431145,0.01218768
59820.00000000,16.616666666667,0.519967793262,0.519967793262,0.116159748238,0.012187348642
59880.00000000,16.633333333333,0.519147324628,0.519147324628,0.115931141912,0.0121870291358
59940.00000000,16.650000000000,0.518329221559,0.518329221559,0.115703750262,0.01218672
60000.00000000,16.666666666667,0.517513476214,0.517513476214,0.115477703643,0.0121864197531
60060.00000000,16.683333333333,0.516700080784,0.516700080784,0.115253125331,0.0121861269136
60120.00000000,16.700000000000,0.515889027485,0.515889027485,0.115030132124,0.01218584
60180.00000000,16.716666666667,0.515080308564,0.515080308564,0.11480883487,0.0121855575309
60240.00000000,16.733333333333,0.514273916294,0.514273916294,0.114589338949,0.0121852780247
60300.00000000,16.750000000000,0.513469842977,0.513469842977,0.114371744687,0.012185
60360.00000000,16.766666666667,0.512668080942,0.512668080942,0.11415614773,0.0121847219753
60420.00000000,16.783333333333,0.511868622547,0.511868622547,0.113942639373,0.0121844424691
60480.00000000,16.800000000000,0.511071460176,0.511071460176,0.113731306858,0.01218416
60540.00000000,16.816666666667,0.510276586238,0.510276586238,0.113522233631,0.0121838730864
60600.00000000,16.833333333333,0.509483993173,0.509483993173,0.113315499584,0.0121835802469
60660.00000000,16.850000000000,0.508693673444,0.508693673444,0.113111181264,0.01218328
60720.00000000,16.866666666667,0.507905619542,0.507905619542,0.112909352067,0.0121829708642
60780.00000000,16.883333333333,0.507119823983,0.507119823983,0.112710082412,0.012182651358
60840.00000000,16.900000000000,0.50633627931,0.50633627931,0.112513439896,0.01218232
60900.00000000,16.916666666667,0.50555497809,0.50555497809,0.112319489446,0.0121819753086
60960.00000000,16.933333333333,0.504775912916,0.504775912916,0.112128293446,0.0121816158025
61020.00000000,16.950000000000,0.503999076408,0.503999076408,0.111939911858,0.01218124
61080.00000000,16.966666666667,0.503224461207,0.503224461207,0.111754402338,0.0121808464198
61140.00000000,16.983333333333,0.502452059982,0.502452059982,0.111571820339,0.0121804335802
61200.00000000,17.000000000000,0.501681865426,0.501681865426,0.111392219203,0.01218
61260.00000000,17.016666666667,0.500913870253,0.500913870253,0.111216274873,0.0121795409877
61320.00000000,17.033333333333,0.500148067203,0.500148067203,0.111044047915,0.0121790538272
61380.00000000,17.050000000000,0.49938444904,0.49938444904,0.110874951731,0.01217854
61440.00000000,17.066666666667,0.498623008554,0.498623008554,0.110708549277,0.0121780009877
61500.00000000,17.083333333333,0.497863738559,0.497863738559,0.110544481378,0.0121774382716
61560.00000000,17.100000000000,0.497106631895,0.497106631895,0.110382440065,0.0121768533333
61620.00000000,17.116666666667,0.496351681425,0.496351681425,0.110222154543,0.0121762476543
61680.00000000,17.133333333333,0.495598880038,0.495598880038,0.110063382613,0.012175622716
61740.00000000,17.150000000000,0.494848220643,0.494848220643,0.109905904941,0.01217498
61800.00000000,17.166666666667,0.494099696176,0.494099696176,0.109749520999,0.0121743209877
61860.00000000,17.183333333333,0.493353299597,0.493353299597,0.109594046057,0.0121736471605
61920.00000000,17.200000000000,0.492609023888,0.492609023888,0.109439308883,0.01217296
61980.00000000,17.216666666667,0.491866862055,0.491866862055,0.10928514993,0.0121722609877
62040.00000000,17.233333333333,0.491126807129,0.491126807129,0.109131419887,0.0121715516049
62100.00000000,17.250000000000,0.490388852161,0.490388852161,0.108977978493,0.0121708333333
62160.00000000,17.266666666667,0.48965299023,0.48965299023,0.108824693552,0.0121701076543
62220.00000000,17.283333333333,0.488919214436,0.488919214436,0.108671440104,0.0121693760494
62280.00000000,17.300000000000,0.488187517903,0.488187517903,0.108518099728,0.01216864
62340.00000000,17.316666666667,0.487457893779,0.487457893779,0.10836455994,0.0121679009877
62400.00000000,17.333333333333,0.486730335236,0.486730335236,0.108210713666,0.0121671604938
62460.00000000,17.350000000000,0.486004835467,0.486004835467,0.108056458799,0.01216642
62520.00000000,17.366666666667,0.485281387692,0.485281387692,0.10790169779,0.0121656809877
62580.00000000,17.383333333333,0.484559985153,0.484559985153,0.107746337307,0.0121649449383
62640.00000000,17.400000000000,0.483840621116,0.483840621116,0.107590287916,0.0121642133333
62700.00000000,17.416666666667,0.483123288871,0.483123288871,0.107433463809,0.0121634876543
62760.00000000,17.433333333333,0.482407981732,0.482407981732,0.107275782548,0.0121627693827
62820.00000000,17.450000000000,0.481694693036,0.481694693036,0.107117164849,0.01216206
62880.00000000,17.466666666667,0.480983416143,0.480983416143,0.106957534371,0.0121613609877
62940.00000000,17.483333333333,0.480274144439,0.480274144439,0.106796817542,0.0121606738272
63000.00000000,17.500000000000,0.479566871333,0.479566871333,0.106634943382,0.01216
63060.00000000,17.516666666667,0.478861590253,0.478861590253,0.106474803411,0.0121593261728
63120.00000000,17.533333333333,0.478158294643,0.478158294643,0.106318086849,0.0121586390123
63180.00000000,17.550000000000,0.477456977972,0.477456977972,0.106163825898,0.01215794
63240.00000000,17.566666666667,0.476757633735,0.476757633735,0.106011429624,0.0121572306173
63300.00000000,17.583333333333,0.476060255453,0.476060255453,0.105860466525,0.0121565123457
63360.00000000,17.600000000000,0.475364836671,0.475364836671,0.105710596286,0.0121557866667
63420.00000000,17.616666666667,0.474671370957,0.474671370957,0.105561537924,0.0121550550617
63480.00000000,17.633333333333,0.473979851903,0.473979851903,0.105413052166,0.0121543190123
63540.00000000,17.650000000000,0.473290273127,0.473290273127,0.10526493065,0.01215358
63600.00000000,17.666666666667,0.472602628265,0.472602628265,0.105116988833,0.0121528395062
63660.00000000,17.683333333333,0.471916910981,0.471916910981,0.104969061079,0.0121520990123
63720.00000000,17.700000000000,0.471233114959,0.471233114959,0.104820997123,0.01215136
63780.00000000,17.716666666667,0.470551233907,0.470551233907,0.104672659445,0.0121506239506
63840.00000000,17.733333333333,0.469871261554,0.469871261554,0.104523921264,0.0121498923457
63900.00000000,17.750000000000,0.469193191652,0.469193191652,0.104374664972,0.0121491666667
63960.00000000,17.766666666667,0.468517017975,0.468517017975,0.104224780896,0.0121484483951
64020.00000000,17.783333333333,0.467842734319,0.467842734319,0.104074166291,0.0121477390123
64080.00000000,17.800000000000,0.4671703345,0.4671703345,0.10392272452,0.01214704
64140.00000000,17.816666666667,0.466499812357,0.466499812357,0.103770364374,0.0121463528395
64200.00000000,17.833333333333,0.465831161748,0.465831161748,0.103616999499,0.0121456790123
64260.00000000,17.850000000000,0.465164376553,0.465164376553,0.103462547913,0.01214502
64320.00000000,17.866666666667,0.464499450671,0.464499450671,0.103306931595,0.012144377284
64380.00000000,17.883333333333,0.463836378022,0.463836378022,0.103150076129,0.0121437523457
64440.00000000,17.900000000000,0.463175152546,0.463175152546,0.102991910394,0.0121431466667
64500.00000000,17.916666666667,0.462515768202,0.462515768202,0.102832366299,0.0121425617284
64560.00000000,17.933333333333,0.461858218968,0.461858218968,0.10267137854,0.0121419990123
64620.00000000,17.950000000000,0.461202498841,0.461202498841,0.102508884402,0.01214146
64680.00000000,17.966666666667,0.460548601837,0.460548601837,0.102344823562,0.0121409461728
64740.00000000,17.983333333333,0.459896521989,0.459896521989,0.102179137933,0.0121404590123
64800.00000000,18.000000000000,0.459246253349,0.459246253349,0.102011771512,0.01214
64860.00000000,18.016666666667,0.458597789986,0.458597789986,0.101844264181,0.0121395628395
64920.00000000,18.033333333333,0.45795112598,0.45795112598,0.101677767806,0.0121391397531
64980.00000000,18.050000000000,0.45730625543,0.45730625543,0.101512071612,0.01213873
65040.00000000,18.066666666667,0.45666317245,0.45666317245,0.101347115367,0.0121383328395
65100.00000000,18.083333333333,0.456021871175,0.456021871175,0.101182890058,0.0121379475309
65160.00000000,18.100000000000,0.455382345753,0.455382345753,0.10101941038,0.0121375733333
65220.00000000,18.116666666667,0.454744590349,0.454744590349,0.100856703251,0.0121372095062
65280.00000000,18.133333333333,0.454108599146,0.454108599146,0.100694802147,0.0121368553086
65340.00000000,18.150000000000,0.453474366342,0.453474366342,0.100533744013,0.01213651
65400.00000000,18.166666666667,0.452841886148,0.452841886148,0.100373567472,0.0121361728395
65460.00000000,18.183333333333,0.452211152795,0.452211152795,0.100214311751,0.0121358430864
65520.00000000,18.200000000000,0.451582160526,0.451582160526,0.100056016004,0.01213552
65580.00000000,18.216666666667,0.4509549036,0.4509549036,0.099898718901,0.0121352028395
65640.00000000,18.233333333333,0.450329376292,0.450329376292,0.0997424583564,0.0121348908642
65700.00000000,18.250000000000,0.449705572891,0.449705572891,0.0995872713689,0.0121345833333
65760.00000000,18.266666666667,0.449083487701,0.449083487701,0.0994331939225,0.0121342795062
65820.00000000,18.283333333333,0.448463115042,0.448463115042,0.0992802609326,0.012133978642
65880.00000000,18.300000000000,0.447844449246,0.447844449246,0.0991285062214,0.01213368
65940.00000000,18.316666666667,0.447227484663,0.447227484663,0.0989779625129,0.0121333828395
66000.00000000,18.333333333333,0.446612215655,0.446612215655,0.0988286614419,0.0121330864198
66060.00000000,18.350000000000,0.4459986366,0.4459986366,0.0986806335712,0.01213279
66120.00000000,18.366666666667,0.445386741889,0.445386741889,0.0985339084155,0.0121324928395
66180.00000000,18.383333333333,0.44477652593,0.44477652593,0.0983885144684,0.0121321941975
66240.00000000,18.400000000000,0.444167983142,0.444167983142,0.0982444792321,0.0121318933333
66300.00000000,18.416666666667,0.443561107962,0.443561107962,0.0981018292476,0.0121315895062
66360.00000000,18.433333333333,0.442955894838,0.442955894838,0.0979605901262,0.0121312819753
66420.00000000,18.450000000000,0.442352338236,0.442352338236,0.0978207865804,0.01213097
66480.00000000,18.466666666667,0.441750432633,0.441750432633,0.0976824424543,0.0121306528395
66540.00000000,18.483333333333,0.441150172523,0.441150172523,0.0975455807538,0.0121303297531
66600.00000000,18.500000000000,0.440551552413,0.440551552413,0.0974102236752,0.01213
66660.00000000,18.516666666667,0.439954566826,0.439954566826,0.0972755896058,0.0121296666667
66720.00000000,18.533333333333,0.439359210303,0.439359210303,0.0971411586946,0.0121293333333
66780.00000000,18.550000000000,0.438765477396,0.438765477396,0.0970070992927,0.012129
66840.00000000,18.566666666667,0.438173362675,0.438173362675,0.0968734880093,0.0121286666667
66900.00000000,18.583333333333,0.437582860722,0.437582860722,0.0967403677394,0.0121283333333
66960.00000000,18.600000000000,0.436993966135,0.436993966135,0.0966077643212,0.012128
67020.00000000,18.616666666667,0.436406673528,0.436406673528,0.0964756937397,0.0121276666667
67080.00000000,18.633333333333,0.435820977528,0.435820977528,0.0963441658286,0.0121273333333
67140.00000000,18.650000000000,0.435236872777,0.435236872777,0.0962131863809,0.012127
67200.00000000,18.666666666667,0.434654353935,0.434654353935,0.0960827584374,0.0121266666667
67260.00000000,18.683333333333,0.434073415674,0.434073415674,0.0959528831162,0.0121263333333
67320.00000000,18.700000000000,0.433494052684,0.433494052684,0.0958235601663,0.012126
67380.00000000,18.716666666667,0.43291625967,0.43291625967,0.0956947883494,0.0121256666667
67440.00000000,18.733333333333,0.432340031352,0.432340031352,0.0955665657087,0.0121253333333
67500.00000000,18.750000000000,0.431765362467,0.431765362467,0.0954388897629,0.012125
67560.00000000,18.766666666667,0.431192247766,0.431192247766,0.0953117576475,0.0121246666667
67620.00000000,18.783333333333,0.430620682019,0.430620682019,0.0951851662203,0.0121243333333
67680.00000000,18.800000000000,0.43005066001,0.43005066001,0.0950591121394,0.012124
67740.00000000,18.816666666667,0.429482176541,0.429482176541,0.094933591923,0.0121236666667
67800.00000000,18.833333333333,0.42891522643,0.42891522643,0.0948086019948,0.0121233333333
67860.00000000,18.850000000000,0.42834980451,0.42834980451,0.094684138718,0.012123
67920.00000000,18.866666666667,0.427785905634,0.427785905634,0.0945601984227,0.0121226666667
67980.00000000,18.883333333333,0.42722352467,0.42722352467,0.0944367774255,0.0121223333333
68040.00000000,18.900000000000,0.426662656504,0.426662656504,0.094313872046,0.012122
68100.00000000,18.916666666667,0.426103296038,0.426103296038,0.0941914786185,0.0121216666667
68160.00000000,18.933333333333,0.425545438192,0.425545438192,0.0940695935012,0.0121213333333
68220.00000000,18.950000000000,0.424989077905,0.424989077905,0.0939482130837,0.012121
68280.00000000,18.966666666667,0.424434210132,0.424434210132,0.0938273337917,0.0121206666667
68340.00000000,18.983333333333,0.423880829846,0.423880829846,0.0937069520915,0.0121203333333
68400.00000000,19.000000000000,0.423328932037,0.423328932037,0.0935870644925,0.01212
68460.00000000,19.016666666667,0.422778511716,0.422778511716,0.0934676675491,0.0121196666667
68520.00000000,19.033333333333,0.422229563908,0.422229563908,0.0933487578625,0.0121193333333
68580.00000000,19.050000000000,0.42168208366,0.42168208366,0.0932303320809,0.012119
68640.00000000,19.066666666667,0.421136066034,0.421136066034,0.0931123869003,0.0121186666667
68700.00000000,19.083333333333,0.420591506113,0.420591506113,0.0929949190641,0.0121183333333
68760.00000000,19.100000000000,0.420048398997,0.420048398997,0.0928779253633,0.012118
68820.00000000,19.116666666667,0.419506739803,0.419506739803,0.0927614026356,0.0121176666667
68880.00000000,19.133333333333,0.418966523671,0.418966523671,0.092645347765,0.0121173333333
68940.00000000,19.150000000000,0.418427745755,0.418427745755,0.0925297576813,0.012117
69000.00000000,19.166666666667,0.417890401229,0.417890401229,0.0924146293587,0.0121166666667
69060.00000000,19.183333333333,0.417354485287,0.417354485287,0.0922999598155,0.0121163333333
69120.00000000,19.200000000000,0.416819993139,0.416819993139,0.0921857461128,0.012116
69180.00000000,19.216666666667,0.416286920017,0.416286920017,0.0920719853535,0.0121156666667
69240.00000000,19.233333333333,0.415755261169,0.415755261169,0.0919586746818,0.0121153333333
69300.00000000,19.250000000000,0.415225011862,0.415225011862,0.0918458112814,0.012115
69360.00000000,19.266666666667,0.414696167383,0.414696167383,0.0917333923753,0.0121146666667
69420.00000000,19.283333333333,0.414168723036,0.414168723036,0.0916214152244,0.0121143333333
69480.00000000,19.300000000000,0.413642674145,0.413642674145,0.0915098771265,0.012114
69540.00000000,19.316666666667,0.41311801605,0.41311801605,0.0913987754156,0.0121136666667
69600.00000000,19.333333333333,0.412594744114,0.412594744114,0.0912881074607,0.0121133333333
69660.00000000,19.350000000000,0.412072853713,0.412072853713,0.091177870665,0.012113
69720.00000000,19.366666666667,0.411552340246,0.411552340246,0.091068062465,0.0121126666667
69780.00000000,19.383333333333,0.411033199128,0.411033199128,0.0909586803297,0.0121123333333
69840.00000000,19.400000000000,0.410515425793,0.410515425793,0.0908497217595,0.012112
69900.00000000,19.416666666667,0.409999015692,0.409999015692,0.0907411842857,0.0121116666667
69960.00000000,19.433333333333,0.409483964296,0.409483964296,0.0906330654695,0.0121113333333
70020.00000000,19.450000000000,0.408970267092,0.408970267092,0.0905253629012,0.012111
70080.00000000,19.466666666667,0.408457919587,0.408457919587,0.0904180741997,0.0121106666667
70140.00000000,19.483333333333,0.407946917305,0.407946917305,0.0903111970115,0.0121103333333
70200.00000000,19.500000000000,0.407437255786,0.407437255786,0.0902047290102,0.01211
70260.00000000,19.516666666667,0.406928930592,0.406928930592,0.0900986678956,0.0121096666667
70320.00000000,19.533333333333,0.406421937298,0.406421937298,0.0899930113934,0.0121093333333
70380.00000000,19.550000000000,0.405916271499,0.405916271499,0.089887757254,0.012109
70440.00000000,19.566666666667,0.405411928806,0.405411928806,0.0897829032528,0.0121086666667
70500.00000000,19.583333333333,0.40490890485,0.40490890485,0.0896784471886,0.0121083333333
70560.00000000,19.600000000000,0.404407195275,0.404407195275,0.0895743868836,0.012108
70620.00000000,19.616666666667,0.403906795746,0.403906795746,0.089470720183,0.0121076666667
70680.00000000,19.633333333333,0.403407701942,0.403407701942,0.089367444954,0.0121073333333
70740.00000000,19.650000000000,0.402909909561,0.402909909561,0.0892645590855,0.012107
70800.00000000,19.666666666667,0.402413414316,0.402413414316,0.0891620604879,0.0121066666667
70860.00000000,19.683333333333,0.401918211939,0.401918211939,0.0890599470921,0.0121063333333
70920.00000000,19.700000000000,0.401424298176,0.401424298176,0.0889582168495,0.012106
70980.00000000,19.716666666667,0.400931668789,0.400931668789,0.0888568677311,0.0121056666667
71040.00000000,19.733333333333,0.400440319561,0.400440319561,0.0887558977276,0.0121053333333
71100.00000000,19.750000000000,0.399950246285,0.399950246285,0.0886553048487,0.012105
71160.00000000,19.766666666667,0.399461444774,0.399461444774,0.0885550871226,0.0121046666667
71220.00000000,19.783333333333,0.398973910856,0.398973910856,0.0884552425958,0.0121043333333
71280.00000000,19.800000000000,0.398487640375,0.398487640375,0.0883557693328,0.012104
71340.00000000,19.816666666667,0.398002629191,0.398002629191,0.0882566654154,0.0121036666667
71400.00000000,19.833333333333,0.397518873178,0.397518873178,0.0881579289429,0.0121033333333
71460.00000000,19.850000000000,0.397036368228,0.397036368228,0.088059558031,0.012103
71520.00000000,19.866666666667,0.396555110246,0.396555110246,0.0879615508123,0.0121026666667
71580.00000000,19.883333333333,0.396075095155,0.396075095155,0.0878639054355,0.0121023333333
71640.00000000,19.900000000000,0.395596318891,0.395596318891,0.087766620065,0.012102
71700.00000000,19.916666666667,0.395118777407,0.395118777407,0.0876696928811,0.0121016666667
71760.00000000,19.933333333333,0.394642466668,0.394642466668,0.0875731220792,0.0121013333333
71820.00000000,19.950000000000,0.394167382658,0.394167382658,0.0874769058698,0.012101
71880.00000000,19.966666666667,0.393693521373,0.393693521373,0.0873810424784,0.0121006666667
71940.00000000,19.983333333333,0.393220878825,0.393220878825,0.0872855301446,0.0121003333333
72000.00000000,20.000000000000,0.39274945104,0.39274945104,0.0871903671226,0.0121
72060.00000000,20.016666666667,0.392279234058,0.392279234058,0.0870955516806,0.0120996666667
72120.00000000,20.033333333333,0.391810223936,0.391810223936,0.0870010821004,0.0120993333333
72180.00000000,20.050000000000,0.391342416742,0.391342416742,0.0869069566775,0.012099
72240.00000000,20.066666666667,0.390875808562,0.390875808562,0.0868131737208,0.0120986666667
72300.00000000,20.083333333333,0.390410395492,0.390410395492,0.0867197315522,0.0120983333333
72360.00000000,20.100000000000,0.389946173646,0.389946173646,0.0866266285065,0.012098
72420.00000000,20.116666666667,0.389483139149,0.389483139149,0.0865338629314,0.0120976666667
72480.00000000,20.133333333333,0.389021288143,0.389021288143,0.0864414331869,0.0120973333333
72540.00000000,20.150000000000,0.388560616781,0.388560616781,0.0863493376455,0.012097
72600.00000000,20.166666666667,0.388101121232,0.388101121232,0.0862575746917,0.0120966666667
72660.00000000,20.183333333333,0.387642797678,0.387642797678,0.086166142722,0.0120963333333
72720.00000000,20.200000000000,0.387185642313,0.387185642313,0.0860750401447,0.012096
72780.00000000,20.216666666667,0.386729651347,0.386729651347,0.0859842653798,0.0120956666667
72840.00000000,20.233333333333,0.386274821003,0.386274821003,0.0858938168585,0.0120953333333
72900.00000000,20.250000000000,0.385821147516,0.385821147516,0.0858036930235,0.012095
72960.00000000,20.266666666667,0.385368627137,0.385368627137,0.0857138923286,0.0120946666667
73020.00000000,20.283333333333,0.384917256127,0.384917256127,0.0856244132384,0.0120943333333
73080.00000000,20.300000000000,0.384467030762,0.384467030762,0.0855352542286,0.012094
73140.00000000,20.316666666667,0.384017947333,0.384017947333,0.0854464137852,0.0120936666667
73200.00000000,20.333333333333,0.38357000214,0.38357000214,0.0853578904051,0.0120933333333
73260.00000000,20.350000000000,0.383123191499,0.383123191499,0.0852696825954,0.012093
73320.00000000,20.366666666667,0.382677511738,0.382677511738,0.0851817888734,0.0120926666667
73380.00000000,20.383333333333,0.382232959199,0.382232959199,0.0850942077666,0.0120923333333
73440.00000000,20.400000000000,0.381789530235,0.381789530235,0.0850069378126,0.012092
73500.00000000,20.416666666667,0.381347221213,0.381347221213,0.0849199775586,0.0120916666667
73560.00000000,20.433333333333,0.380906028513,0.380906028513,0.0848333255619,0.0120913333333
73620.00000000,20.450000000000,0.380465948526,0.380465948526,0.0847469803891,0.012091
73680.00000000,20.466666666667,0.380026977658,0.380026977658,0.0846609406165,0.0120906666667
73740.00000000,20.483333333333,0.379589112325,0.379589112325,0.0845752048297,0.0120903333333
73800.00000000,20.500000000000,0.379152348958,0.379152348958,0.0844897716236,0.01209
73860.00000000,20.516666666667,0.378716683999,0.378716683999,0.0844046396023,0.0120896666667
73920.00000000,20.533333333333,0.378282113902,0.378282113902,0.084319807379,0.0120893333333
73980.00000000,20.550000000000,0.377848635135,0.377848635135,0.0842352735756,0.012089
74040.00000000,20.566666666667,0.377416244177,0.377416244177,0.0841510368233,0.0120886666667
74100.00000000,20.583333333333,0.376984937519,0.376984937519,0.0840670957617,0.0120883333333
74160.00000000,20.600000000000,0.376554711666,0.376554711666,0.0839834490393,0.012088
74220.00000000,20.616666666667,0.376125563132,0.376125563132,0.0839000953128,0.0120876666667
74280.00000000,20.633333333333,0.375697488447,0.375697488447,0.0838170332478,0.0120873333333
74340.00000000,20.650000000000,0.37527048415,0.37527048415,0.0837342615181,0.012087
74400.00000000,20.666666666667,0.374844546793,0.374844546793,0.0836517788057,0.0120866666667
74460.00000000,20.683333333333,0.374419672941,0.374419672941,0.0835695838009,0.0120863333333
74520.00000000,20.700000000000,0.373995859168,0.373995859168,0.083487675202,0.012086
74580.00000000,20.716666666667,0.373573102064,0.373573102064,0.0834060517156,0.0120856666667
74640.00000000,20.733333333333,0.373151398228,0.373151398228,0.0833247120559,0.0120853333333
74700.00000000,20.750000000000,0.372730744271,0.372730744271,0.0832436549452,0.012085
74760.00000000,20.766666666667,0.372311136816,0.372311136816,0.0831628791135,0.0120846666667
74820.00000000,20.783333333333,0.371892572498,0.371892572498,0.0830823832985,0.0120843333333
74880.00000000,20.800000000000,0.371475047964,0.371475047964,0.0830021662456,0.012084
74940.00000000,20.816666666667,0.371058559871,0.371058559871,0.0829222267075,0.0120836666667
75000.00000000,20.833333333333,0.37064310489,0.37064310489,0.0828425634448,0.0120833333333
75060.00000000,20.850000000000,0.370228679702,0.370228679702,0.0827631752252,0.012083
75120.00000000,20.866666666667,0.369815280999,0.369815280999,0.0826840608238,0.0120826666667
75180.00000000,20.883333333333,0.369402905486,0.369402905486,0.0826052190229,0.0120823333333
75240.00000000,20.900000000000,0.368991549878,0.368991549878,0.0825266486122,0.012082
75300.00000000,20.916666666667,0.368581210902,0.368581210902,0.0824483483883,0.0120816666667
75360.00000000,20.933333333333,0.368171885296,0.368171885296,0.082370317155,0.0120813333333
75420.00000000,20.950000000000,0.367763569811,0.367763569811,0.0822925537231,0.012081
75480.00000000,20.966666666667,0.367356261206,0.367356261206,0.0822150569103,0.0120806666667
75540.00000000,20.983333333333,0.366949956254,0.366949956254,0.0821378255411,0.0120803333333
75600.00000000,21.000000000000,0.366544651738,0.366544651738,0.0820608584468,0.01208
75660.00000000,21.016666666667,0.366140344453,0.366140344453,0.0819841544657,0.0120796666667
75720.00000000,21.033333333333,0.365737031203,0.365737031203,0.0819077124424,0.0120793333333
75780.00000000,21.050000000000,0.365334708806,0.365334708806,0.0818315312285,0.012079
75840.00000000,21.066666666667,0.36493337409,0.36493337409,0.0817556096818,0.0120786666667
75900.00000000,21.083333333333,0.364533023892,0.364533023892,0.081679946667,0.0120783333333
75960.00000000,21.100000000000,0.364133655063,0.364133655063,0.0816045410549,0.012078
76020.00000000,21.116666666667,0.363735264463,0.363735264463,0.081529391723,0.0120776666667
76080.00000000,21.133333333333,0.363337848963,0.363337848963,0.0814544975549,0.0120773333333
76140.00000000,21.150000000000,0.362941405446,0.362941405446,0.0813798574406,0.012077
76200.00000000,21.166666666667,0.362545930805,0.362545930805,0.0813054702763,0.0120766666667
76260.00000000,21.183333333333,0.362151421943,0.362151421943,0.0812313349646,0.0120763333333
76320.00000000,21.200000000000,0.361757875776,0.361757875776,0.0811574504138,0.012076
76380.00000000,21.216666666667,0.361365289229,0.361365289229,0.0810838155387,0.0120756666667
76440.00000000,21.233333333333,0.360973659237,0.360973659237,0.0810104292599,0.0120753333333
76500.00000000,21.250000000000,0.360582982749,0.360582982749,0.0809372905041,0.012075
76560.00000000,21.266666666667,0.36019325672,0.36019325672,0.0808643982039,0.0120746666667
76620.00000000,21.283333333333,0.35980447812,0.35980447812,0.0807917512978,0.0120743333333
76680.00000000,21.300000000000,0.359416643926,0.359416643926,0.08071934873,0.012074
76740.00000000,21.316666666667,0.359029751128,0.359029751128,0.0806471894507,0.0120736666667
76800.00000000,21.333333333333,0.358643796725,0.358643796725,0.0805752724157,0.0120733333333
76860.00000000,21.350000000000,0.358258777728,0.358258777728,0.0805035965867,0.012073
76920.00000000,21.366666666667,0.357874691156,0.357874691156,0.0804321609309,0.0120726666667
76980.00000000,21.383333333333,0.357491534041,0.357491534041,0.080360964421,0.0120723333333
77040.00000000,21.400000000000,0.357109303424,0.357109303424,0.0802900060356,0.012072
77100.00000000,21.416666666667,0.356727996356,0.356727996356,0.0802192847585,0.0120716666667
77160.00000000,21.433333333333,0.3563476099,0.3563476099,0.0801487995793,0.0120713333333
77220.00000000,21.450000000000,0.355968141127,0.355968141127,0.0800785494927,0.012071
77280.00000000,21.466666666667,0.35558958712,0.35558958712,0.0800085334991,0.0120706666667
77340.00000000,21.483333333333,0.355211944972,0.355211944972,0.0799387506041,0.0120703333333
77400.00000000,21.500000000000,0.354835211784,0.354835211784,0.0798691998188,0.01207
77460.00000000,21.516666666667,0.35445938467,0.35445938467,0.0798023172648,0.0120696559259
77520.00000000,21.533333333333,0.354084460746,0.354084460746,0.0797388202587,0.0120692918519
77580.00000000,21.550000000000,0.353710437141,0.353710437141,0.0796774442599,0.01206891
77640.00000000,21.566666666667,0.353337310997,0.353337310997,0.0796174553898,0.0120685125926
77700.00000000,21.583333333333,0.352965079465,0.352965079465,0.0795583358842,0.0120681018519
77760.00000000,21.600000000000,0.35259373971,0.35259373971,0.079499685953,0.01206768
77820.00000000,21.616666666667,0.352223288903,0.352223288903,0.0794411813259,0.0120672492593
77880.00000000,21.633333333333,0.351853724227,0.351853724227,0.0793825498279,0.0120668118519
77940.00000000,21.650000000000,0.351485042878,0.351485042878,0.0793235573209,0.01206637
78000.00000000,21.666666666667,0.351117242058,0.351117242058,0.0792639986117,0.0120659259259
78060.00000000,21.683333333333,0.350750318982,0.350750318982,0.0792036912419,0.0120654818519
78120.00000000,21.700000000000,0.350384270873,0.350384270873,0.079142470679,0.01206504
78180.00000000,21.716666666667,0.350019094966,0.350019094966,0.0790801887263,0.0120646025926
78240.00000000,21.733333333333,0.349654788504,0.349654788504,0.0790167083026,0.0120641718519
78300.00000000,21.750000000000,0.349291348742,0.349291348742,0.0789519036315,0.01206375
78360.00000000,21.766666666667,0.348928772942,0.348928772942,0.0788856580744,0.0120633392593
78420.00000000,21.783333333333,0.348567058379,0.348567058379,0.0788178629469,0.0120629418519
78480.00000000,21.800000000000,0.348206202336,0.348206202336,0.0787484165391,0.01206256
78540.00000000,21.816666666667,0.347846202106,0.347846202106,0.0786772233038,0.0120621959259
78600.00000000,21.833333333333,0.347487054992,0.347487054992,0.0786041931792,0.0120618518519
78660.00000000,21.850000000000,0.347128758305,0.347128758305,0.0785292410195,0.01206153
78720.00000000,21.866666666667,0.346771309369,0.346771309369,0.0784522861091,0.0120612325926
78780.00000000,21.883333333333,0.346414705515,0.346414705515,0.0783732517493,0.0120609618519
78840.00000000,21.900000000000,0.346058944083,0.346058944083,0.0782920648996,0.01206072
78900.00000000,21.916666666667,0.345704022425,0.345704022425,0.0782086558684,0.0120605092593
78960.00000000,21.933333333333,0.345349937901,0.345349937901,0.0781229580424,0.0120603318519
79020.00000000,21.950000000000,0.34499668788,0.34499668788,0.0780349076494,0.01206019
79080.00000000,21.966666666667,0.344644269741,0.344644269741,0.0779444435499,0.0120600859259
79140.00000000,21.983333333333,0.344292680874,0.344292680874,0.0778515070523,0.0120600218519
79200.00000000,22.000000000000,0.343941918675,0.343941918675,0.0777560417496,0.01206
79260.00000000,22.016666666667,0.343591980549,0.343591980549,0.0776631779951,0.01206
79320.00000000,22.033333333333,0.343242863901,0.343242863901,0.0775753004917,0.01206
79380.00000000,22.050000000000,0.342894566146,0.342894566146,0.0774907040569,0.01206
79440.00000000,22.066666666667,0.342547084712,0.342547084712,0.0774085781996,0.01206
79500.00000000,22.083333333333,0.342200417035,0.342200417035,0.0773284308074,0.01206
79560.00000000,22.100000000000,0.341854560563,0.341854560563,0.0772499297594,0.01206
79620.00000000,22.116666666667,0.341509512751,0.341509512751,0.0771728360938,0.01206
79680.00000000,22.133333333333,0.341165271066,0.341165271066,0.0770969701386,0.01206
79740.00000000,22.150000000000,0.340821832981,0.340821832981,0.0770221923274,0.01206
79800.00000000,22.166666666667,0.34047919598,0.34047919598,0.0769483914702,0.01206
79860.00000000,22.183333333333,0.340137357556,0.340137357556,0.0768754771635,0.01206
79920.00000000,22.200000000000,0.339796315211,0.339796315211,0.0768033746608,0.01206
79980.00000000,22.216666666667,0.339456066455,0.339456066455,0.0767320212807,0.01206
80040.00000000,22.233333333333,0.339116608809,0.339116608809,0.076661363819,0.01206
80100.00000000,22.250000000000,0.3387779398,0.3387779398,0.0765913566387,0.01206
80160.00000000,22.266666666667,0.338440056966,0.338440056966,0.0765219602302,0.01206
80220.00000000,22.283333333333,0.338102957853,0.338102957853,0.0764531401075,0.01206
80280.00000000,22.300000000000,0.337766640016,0.337766640016,0.076384865948,0.01206
80340.00000000,22.316666666667,0.337431101018,0.337431101018,0.0763171109129,0.01206
80400.00000000,22.333333333333,0.337096338432,0.337096338432,0.0762498511049,0.01206
80460.00000000,22.350000000000,0.336762349839,0.336762349839,0.0761830651283,0.01206
80520.00000000,22.366666666667,0.336429132828,0.336429132828,0.0761167337319,0.01206
80580.00000000,22.383333333333,0.336096684997,0.336096684997,0.076050839513,0.01206
80640.00000000,22.400000000000,0.335765003954,0.335765003954,0.0759853666733,0.01206
80700.00000000,22.416666666667,0.335434087313,0.335434087313,0.0759203008136,0.01206
80760.00000000,22.433333333333,0.335103932698,0.335103932698,0.0758556287617,0.01206
80820.00000000,22.450000000000,0.334774537741,0.334774537741,0.0757913384257,0.01206
80880.00000000,22.466666666667,0.334445900083,0.334445900083,0.0757274186702,0.01206
80940.00000000,22.483333333333,0.334118017373,0.334118017373,0.0756638592088,0.01206
81000.00000000,22.500000000000,0.333790887269,0.333790887269,0.0756006505123,0.01206
81060.00000000,22.516666666667,0.333464507431,0.333464507431,0.0755452762278,0.0120599674074
81120.00000000,22.533333333333,0.333138875518,0.333138875518,0.0754999878305,0.0120598725926
81180.00000000,22.550000000000,0.332813989201,0.332813989201,0.0754611808282,0.01205972
81240.00000000,22.566666666667,0.332489846166,0.332489846166,0.0754268886163,0.0120595140741
81300.00000000,22.583333333333,0.332166444104,0.332166444104,0.0753957727416,0.0120592592593
81360.00000000,22.600000000000,0.331843780721,0.331843780721,0.0753668314265,0.01205896
81420.00000000,22.616666666667,0.331521853729,0.331521853729,0.0753392713003,0.0120586207407
81480.00000000,22.633333333333,0.331200660849,0.331200660849,0.0753124396925,0.0120582459259
81540.00000000,22.650000000000,0.330880199813,0.330880199813,0.0752857847127,0.01205784
81600.00000000,22.666666666667,0.330560468359,0.330560468359,0.0752588298506,0.0120574074074
81660.00000000,22.683333333333,0.330241464236,0.330241464236,0.0752311568814,0.0120569525926
81720.00000000,22.700000000000,0.329923185199,0.329923185199,0.0752023938496,0.01205648
81780.00000000,22.716666666667,0.329605629015,0.329605629015,0.075172206325,0.0120559940741
81840.00000000,22.733333333333,0.329288793455,0.329288793455,0.0751402908575,0.0120554992593
81900.00000000,22.750000000000,0.328972676301,0.328972676301,0.07510636996,0.012055
81960.00000000,22.766666666667,0.328657275343,0.328657275343,0.0750701881854,0.0120545007407
82020.00000000,22.783333333333,0.328342588379,0.328342588379,0.0750315090067,0.0120540059259
82080.00000000,22.800000000000,0.328028613214,0.328028613214,0.0749901122981,0.01205352
82140.00000000,22.816666666667,0.327715347664,0.327715347664,0.0749457922753,0.0120530474074
82200.00000000,22.833333333333,0.32740278955,0.32740278955,0.0748983557928,0.0120525925926
82260.00000000,22.850000000000,0.327090936702,0.327090936702,0.074847620921,0.01205216
82320.00000000,22.866666666667,0.32677978696,0.32677978696,0.0747934157481,0.0120517540741
82380.00000000,22.883333333333,0.326469338169,0.326469338169,0.0747355773625,0.0120513792593
82440.00000000,22.900000000000,0.326159588183,0.326159588183,0.0746739505387,0.01205104
82500.00000000,22.916666666667,0.325850534866,0.325850534866,0.074608388912,0.0120507407407
82560.00000000,22.933333333333,0.325542176088,0.325542176088,0.0745387511355,0.0120504859259
82620.00000000,22.950000000000,0.325234509727,0.325234509727,0.0744649027869,0.01205028
82680.00000000,22.966666666667,0.324927533669,0.324927533669,0.0743867150767,0.0120501274074
82740.00000000,22.983333333333,0.324621245809,0.324621245809,0.0743040644624,0.0120500325926
82800.00000000,23.000000000000,0.324315644049,0.324315644049,0.0742168322805,0.01205
82860.00000000,23.016666666667,0.324010726295,0.324010726295,0.0741327630329,0.01205
82920.00000000,23.033333333333,0.323706490448,0.323706490448,0.0740553200576,0.01205
82980.00000000,23.050000000000,0.323402934422,0.323402934422,0.0739819605902,0.01205
83040.00000000,23.066666666667,0.323100056138,0.323100056138,0.0739115349918,0.01205
83100.00000000,23.083333333333,0.32279785353,0.32279785353,0.0738433691615,0.01205
83160.00000000,23.100000000000,0.322496324536,0.322496324536,0.0737770211534,0.01205
83220.00000000,23.116666666667,0.322195467105,0.322195467105,0.0737121809937,0.01205
83280.00000000,23.133333333333,0.321895279194,0.321895279194,0.0736486209479,0.01205
83340.00000000,23.150000000000,0.321595758766,0.321595758766,0.0735861684549,0.01205
83400.00000000,23.166666666667,0.321296903793,0.321296903793,0.0735246868185,0.01205
83460.00000000,23.183333333333,0.320998712257,0.320998712257,0.0734640692436,0.01205
83520.00000000,23.200000000000,0.320701182143,0.320701182143,0.0734042279705,0.01205
83580.00000000,23.216666666667,0.320404311449,0.320404311449,0.07334509076,0.01205
83640.00000000,23.233333333333,0.320108098177,0.320108098177,0.0732865973088,0.01205
83700.00000000,23.250000000000,0.319812540338,0.319812540338,0.0732286967053,0.01205
83760.00000000,23.266666666667,0.319517635953,0.319517635953,0.0731713455414,0.01205
83820.00000000,23.283333333333,0.319223383046,0.319223383046,0.0731145064812,0.01205
83880.00000000,23.300000000000,0.318929779653,0.318929779653,0.0730581471589,0.01205
83940.00000000,23.316666666667,0.318636823816,0.318636823816,0.073002239318,0.01205
84000.00000000,23.333333333333,0.318344513585,0.318344513585,0.0729467581302,0.01205
84060.00000000,23.350000000000,0.318052847016,0.318052847016,0.0728916816504,0.01205
84120.00000000,23.366666666667,0.317761822176,0.317761822176,0.0728369903763,0.01205
84180.00000000,23.383333333333,0.317471437137,0.317471437137,0.0727826668899,0.01205
84240.00000000,23.400000000000,0.317181689979,0.317181689979,0.0727286955618,0.01205
84300.00000000,23.416666666667,0.316892578791,0.316892578791,0.0726750623067,0.01205
84360.00000000,23.433333333333,0.316604101667,0.316604101667,0.0726217543797,0.01205
84420.00000000,23.450000000000,0.316316256711,0.316316256711,0.0725687602045,0.01205
84480.00000000,23.466666666667,0.316029042033,0.316029042033,0.0725160692287,0.01205
84540.00000000,23.483333333333,0.315742455751,0.315742455751,0.0724636718008,0.01205
84600.00000000,23.500000000000,0.315456495991,0.315456495991,0.0724115590653,0.01205
84660.00000000,23.516666666667,0.315171160881,0.315171160881,0.0723672129686,0.0120499674074
84720.00000000,23.533333333333,0.314886448546,0.314886448546,0.0723326398726,0.0120498725926
84780.00000000,23.550000000000,0.314602357126,0.314602357126,0.0723041927128,0.01204972
84840.00000000,23.566666666667,0.314318884769,0.314318884769,0.072279935952,0.0120495140741
84900.00000000,23.583333333333,0.314036029631,0.314036029631,0.072258571976,0.0120492592593
84960.00000000,23.600000000000,0.313753789879,0.313753789879,0.0722391393568,0.01204896
85020.00000000,23.616666666667,0.313472163688,0.313472163688,0.0722208822229,0.0120486207407
85080.00000000,23.633333333333,0.313191149239,0.313191149239,0.0722031821598,0.0120482459259
85140.00000000,23.650000000000,0.312910744721,0.312910744721,0.072185518458,0.01204784
85200.00000000,23.666666666667,0.312630948332,0.312630948332,0.07216744303,0.0120474074074
85260.00000000,23.683333333333,0.312351758276,0.312351758276,0.0721485636475,0.0120469525926
85320.00000000,23.700000000000,0.312073172764,0.312073172764,0.0721285322307,0.01204648
85380.00000000,23.716666666667,0.311795190017,0.311795190017,0.0721070363721,0.0120459940741
85440.00000000,23.733333333333,0.311517808258,0.311517808258,0.0720837930221,0.0120454992593
85500.00000000,23.750000000000,0.311241025722,0.311241025722,0.0720585436695,0.012045
85560.00000000,23.766666666667,0.310964840648,0.310964840648,0.072031050588,0.0120445007407
85620.00000000,23.783333333333,0.310689251283,0.310689251283,0.0720010938615,0.0120440059259
85680.00000000,23.800000000000,0.310414255881,0.310414255881,0.0719684689907,0.01204352
85740.00000000,23.816666666667,0.3101398527,0.3101398527,0.0719329849424,0.0120430474074
85800.00000000,23.833333333333,0.309866040008,0.309866040008,0.0718944625414,0.0120425925926
85860.00000000,23.850000000000,0.309592816079,0.309592816079,0.0718527331306,0.01204216
85920.00000000,23.866666666667,0.309320179191,0.309320179191,0.0718076374465,0.0120417540741
85980.00000000,23.883333333333,0.309048127632,0.309048127632,0.0717590246663,0.0120413792593
86040.00000000,23.900000000000,0.308776659692,0.308776659692,0.0717067515959,0.01204104
86100.00000000,23.916666666667,0.308505773672,0.308505773672,0.0716506819739,0.0120407407407
86160.00000000,23.933333333333,0.308235467877,0.308235467877,0.0715906858713,0.0120404859259
86220.00000000,23.950000000000,0.307965740616,0.307965740616,0.0715266387804,0.01204028
86280.00000000,23.966666666667,0.307696590209,0.307696590209,0.0714584228438,0.0120401274074
86340.00000000,23.983333333333,0.307428014978,0.307428014978,0.0713859237091,0.0120400325926
86400.00000000,24.000000000000,0.307160013253,0.307160013253,0.0713090322647,0.01204
86460.00000000,24.016666666667,0.306892583367,0.306892583367,0.0712354766011,0.01204
86520.00000000,24.033333333333,0.306625723644,0.306625723644,0.0711684687771,0.01204
86580.00000000,24.050000000000,0.306359432422,0.306359432422,0.0711054075964,0.01204
86640.00000000,24.066666666667,0.306093708044,0.306093708044,0.0710451438049,0.01204
86700.00000000,24.083333333333,0.30582854886,0.30582854886,0.0709870137151,0.01204
86760.00000000,24.100000000000,0.305563953226,0.305563953226,0.0709305857171,0.01204
86820.00000000,24.116666666667,0.305299919506,0.305299919506,0.0708755592426,0.01204
86880.00000000,24.133333333333,0.305036446067,0.305036446067,0.0708217147111,0.01204
86940.00000000,24.150000000000,0.304773531284,0.304773531284,0.0707688859435,0.01204
87000.00000000,24.166666666667,0.304511173538,0.304511173538,0.0707169436876,0.01204
87060.00000000,24.183333333333,0.304249371213,0.304249371213,0.0706657851816,0.01204
87120.00000000,24.200000000000,0.303988122702,0.303988122702,0.0706153272328,0.01204
87180.00000000,24.216666666667,0.303727426402,0.303727426402,0.0705655014578,0.01204
87240.00000000,24.233333333333,0.303467280715,0.303467280715,0.0705162509087,0.01204
87300.00000000,24.250000000000,0.303207684051,0.303207684051,0.0704675276204,0.01204
87360.00000000,24.266666666667,0.302948634822,0.302948634822,0.0704192907907,0.01204
87420.00000000,24.283333333333,0.302690131449,0.302690131449,0.070371505402,0.01204
87480.00000000,24.300000000000,0.302432172356,0.302432172356,0.0703241411638,0.01204
87540.00000000,24.316666666667,0.302174755974,0.302174755974,0.0702771716863,0.01204
87600.00000000,24.333333333333,0.30191788074,0.30191788074,0.0702305738293,0.01204
87660.00000000,24.350000000000,0.301661545094,0.301661545094,0.0701843271815,0.01204
87720.00000000,24.366666666667,0.301405747483,0.301405747483,0.0701384136405,0.01204
87780.00000000,24.383333333333,0.301150486361,0.301150486361,0.0700928170711,0.01204
87840.00000000,24.400000000000,0.300895760185,0.300895760185,0.0700475230247,0.01204
87900.00000000,24.416666666667,0.300641567418,0.300641567418,0.0700025185062,0.01204
87960.00000000,24.433333333333,0.30038790653,0.30038790653,0.0699577917815,0.01204
88020.00000000,24.450000000000,0.300134775993,0.300134775993,0.0699133322142,0.01204
88080.00000000,24.466666666667,0.299882174288,0.299882174288,0.0698691301289,0.01204
88140.00000000,24.483333333333,0.299630099899,0.299630099899,0.0698251766947,0.01204
88200.00000000,24.500000000000,0.299378551317,0.299378551317,0.0697814638263,0.01204
88260.00000000,24.516666666667,0.299127527033,0.299127527033,0.069745416773,0.0120399674074
88320.00000000,24.533333333333,0.298877025536,0.298877025536,0.0697188116596,0.0120398725926
88380.00000000,24.550000000000,0.298627045323,0.298627045323,0.0696980016024,0.01203972
88440.00000000,24.566666666667,0.298377584899,0.298377584899,0.0696810971223,0.0120395140741
88500.00000000,24.583333333333,0.298128642779,0.298128642779,0.0696668472438,0.0120392592593
88560.00000000,24.600000000000,0.29788021748,0.29788021748,0.0696543326125,0.01203896
88620.00000000,24.616666666667,0.297632307527,0.297632307527,0.0696428345557,0.0120386207407
88680.00000000,24.633333333333,0.297384911453,0.297384911453,0.0696317675509,0.0120382459259
88740.00000000,24.650000000000,0.297138027794,0.297138027794,0.0696206401375,0.01203784
88800.00000000,24.666666666667,0.296891655091,0.296891655091,0.0696090304219,0.0120374074074
88860.00000000,24.683333333333,0.296645791894,0.296645791894,0.0695965698033,0.0120369525926
88920.00000000,24.700000000000,0.296400436755,0.296400436755,0.0695829316598,0.01203648
88980.00000000,24.716666666667,0.296155588233,0.296155588233,0.0695678231956,0.0120359940741
89040.00000000,24.733333333333,0.295911244893,0.295911244893,0.0695509793896,0.0120354992593
89100.00000000,24.750000000000,0.295667405302,0.295667405302,0.0695321583934,0.012035
89160.00000000,24.766666666667,0.295424068037,0.295424068037,0.069511137958,0.0120345007407
89220.00000000,24.783333333333,0.295181231676,0.295181231676,0.0694877126098,0.0120340059259
89280.00000000,24.800000000000,0.294938894804,0.294938894804,0.0694616913847,0.01203352
89340.00000000,24.816666666667,0.294697056011,0.294697056011,0.069432895986,0.0120330474074
89400.00000000,24.833333333333,0.294455713892,0.294455713892,0.0694011592692,0.0120325925926
89460.00000000,24.850000000000,0.294214867046,0.294214867046,0.0693663239834,0.01203216
89520.00000000,24.866666666667,0.293974514078,0.293974514078,0.069328241716,0.0120317540741
89580.00000000,24.883333333333,0.293734653597,0.293734653597,0.0692867720022,0.0120313792593
89640.00000000,24.900000000000,0.293495284219,0.293495284219,0.0692417815668,0.01203104
89700.00000000,24.916666666667,0.293256404562,0.293256404562,0.0691931436765,0.0120307407407
89760.00000000,24.933333333333,0.293018013249,0.293018013249,0.0691407375833,0.0120304859259
89820.00000000,24.950000000000,0.29278010891,0.29278010891,0.0690844480434,0.01203028
89880.00000000,24.966666666667,0.292542690178,0.292542690178,0.0690241649019,0.0120301274074
89940.00000000,24.983333333333,0.292305755691,0.292305755691,0.0689597822306,0.0120300325926
90000.00000000,25.000000000000,0.292069304092,0.292069304092,0.0688912002101,0.01203
90060.00000000,25.016666666667,0.291833334024,0.291833334024,0.0688260762457,0.01203
90120.00000000,25.033333333333,0.291597844126,0.291597844126,0.0687673783273,0.01203
90180.00000000,25.050000000000,0.291362833043,0.291362833043,0.0687124814074,0.01203
90240.00000000,25.066666666667,0.291128299428,0.291128299428,0.0686602511196,0.01203
90300.00000000,25.083333333333,0.290894241937,0.290894241937,0.0686100385203,0.01203
90360.00000000,25.100000000000,0.290660659233,0.290660659233,0.0685614252979,0.01203
90420.00000000,25.116666666667,0.290427549982,0.290427549982,0.0685141217509,0.01203
90480.00000000,25.133333333333,0.290194912856,0.290194912856,0.0684679171584,0.01203
90540.00000000,25.150000000000,0.289962746531,0.289962746531,0.0684226526093,0.01203
90600.00000000,25.166666666667,0.289731049686,0.289731049686,0.0683782048694,0.01203
90660.00000000,25.183333333333,0.289499821007,0.289499821007,0.068334476209,0.01203
90720.00000000,25.200000000000,0.289269059183,0.289269059183,0.0682913876841,0.01203
90780.00000000,25.216666666667,0.289038762907,0.289038762907,0.068248874532,0.01203
90840.00000000,25.233333333333,0.288808930876,0.288808930876,0.0682068829159,0.01203
90900.00000000,25.250000000000,0.288579561793,0.288579561793,0.0681653675664,0.01203
90960.00000000,25.266666666667,0.288350654365,0.288350654365,0.0681242900333,0.01203
91020.00000000,25.283333333333,0.2881222073,0.2881222073,0.068083617366,0.01203
91080.00000000,25.300000000000,0.287894219315,0.287894219315,0.0680433211013,0.01203
91140.00000000,25.316666666667,0.287666689129,0.287666689129,0.0680033764752,0.01203
91200.00000000,25.333333333333,0.287439615464,0.287439615464,0.0679637618014,0.01203
91260.00000000,25.350000000000,0.287212997048,0.287212997048,0.0679244579759,0.01203
91320.00000000,25.366666666667,0.286986832614,0.286986832614,0.0678854480775,0.01203
91380.00000000,25.383333333333,0.286761120896,0.286761120896,0.0678467170427,0.01203
91440.00000000,25.400000000000,0.286535860636,0.286535860636,0.0678082513999,0.01203
91500.00000000,25.416666666667,0.286311050577,0.286311050577,0.0677700390485,0.01203
91560.00000000,25.433333333333,0.286086689468,0.286086689468,0.0677320690756,0.01203
91620.00000000,25.450000000000,0.285862776062,0.285862776062,0.0676943316024,0.01203
91680.00000000,25.466666666667,0.285639309116,0.285639309116,0.0676568176543,0.01203
91740.00000000,25.483333333333,0.285416287391,0.285416287391,0.0676195190513,0.01203
91800.00000000,25.500000000000,0.285193709652,0.285193709652,0.0675824283135,0.01203
91860.00000000,25.516666666667,0.284971574668,0.284971574668,0.0675455385817,0.01203
91920.00000000,25.533333333333,0.284749881213,0.284749881213,0.0675088435474,0.01203
91980.00000000,25.550000000000,0.284528628065,0.284528628065,0.0674723373934,0.01203
92040.00000000,25.566666666667,0.284307814005,0.284307814005,0.0674360147418,0.01203
92100.00000000,25.583333333333,0.284087437819,0.284087437819,0.0673998706087,0.01203
92160.00000000,25.600000000000,0.283867498297,0.283867498297,0.0673639003648,0.01203
92220.00000000,25.616666666667,0.283647994233,0.283647994233,0.0673280997003,0.01203
92280.00000000,25.633333333333,0.283428924425,0.283428924425,0.0672924645948,0.01203
92340.00000000,25.650000000000,0.283210287676,0.283210287676,0.0672569912898,0.01203
92400.00000000,25.666666666667,0.282992082791,0.282992082791,0.0672216762651,0.01203
92460.00000000,25.683333333333,0.282774308581,0.282774308581,0.0671865162173,0.01203
92520.00000000,25.700000000000,0.282556963859,0.282556963859,0.0671515080411,0.01203
92580.00000000,25.716666666667,0.282340047444,0.282340047444,0.0671166488122,0.01203
92640.00000000,25.733333333333,0.282123558158,0.282123558158,0.0670819357722,0.01203
92700.00000000,25.750000000000,0.281907494827,0.281907494827,0.0670473663148,0.01203
92760.00000000,25.766666666667,0.28169185628,0.28169185628,0.0670129379742,0.01203
92820.00000000,25.783333333333,0.281476641352,0.281476641352,0.0669786484134,0.01203
92880.00000000,25.800000000000,0.28126184888,0.28126184888,0.0669444954144,0.01203
92940.00000000,25.816666666667,0.281047477707,0.281047477707,0.0669104768696,0.01203
93000.00000000,25.833333333333,0.280833526676,0.280833526676,0.0668765907731,0.01203
93060.00000000,25.850000000000,0.280619994638,0.280619994638,0.0668428352137,0.01203
93120.00000000,25.866666666667,0.280406880445,0.280406880445,0.0668092083678,0.01203
93180.00000000,25.883333333333,0.280194182954,0.280194182954,0.0667757084935,0.01203
93240.00000000,25.900000000000,0.279981901026,0.279981901026,0.066742333925,0.01203
93300.00000000,25.916666666667,0.279770033525,0.279770033525,0.0667090830672,0.01203
93360.00000000,25.933333333333,0.279558579319,0.279558579319,0.0666759543913,0.01203
93420.00000000,25.950000000000,0.279347537279,0.279347537279,0.0666429464301,0.01203
93480.00000000,25.966666666667,0.279136906281,0.279136906281,0.0666100577746,0.01203
93540.00000000,25.983333333333,0.278926685204,0.278926685204,0.0665772870698,0.01203
93600.00000000,26.000000000000,0.278716872931,0.278716872931,0.0665446330117,0.01203
93660.00000000,26.016666666667,0.278507468346,0.278507468346,0.066512094344,0.01203
93720.00000000,26.033333333333,0.278298470342,0.278298470342,0.0664796698553,0.01203
93780.00000000,26.050000000000,0.278089877809,0.278089877809,0.0664473583764,0.01203
93840.00000000,26.066666666667,0.277881689647,0.277881689647,0.0664151587782,0.01203
93900.00000000,26.083333333333,0.277673904754,0.277673904754,0.0663830699688,0.01203
93960.00000000,26.100000000000,0.277466522036,0.277466522036,0.0663510908919,0.01203
94020.00000000,26.116666666667,0.2772595404,0.2772595404,0.0663192205248,0.01203
94080.00000000,26.133333333333,0.277052958756,0.277052958756,0.0662874578761,0.01203
94140.00000000,26.150000000000,0.276846776019,0.276846776019,0.0662558019848,0.01203
94200.00000000,26.166666666667,0.276640991107,0.276640991107,0.066224251918,0.01203
94260.00000000,26.183333333333,0.276435602942,0.276435602942,0.0661928067699,0.01203
94320.00000000,26.200000000000,0.276230610449,0.276230610449,0.0661614656601,0.01203
94380.00000000,26.216666666667,0.276026012555,0.276026012555,0.0661302277325,0.01203
94440.00000000,26.233333333333,0.275821808193,0.275821808193,0.0660990921541,0.01203
94500.00000000,26.250000000000,0.275617996298,0.275617996298,0.0660680581138,0.01203
94560.00000000,26.266666666667,0.275414575808,0.275414575808,0.0660371248215,0.01203
94620.00000000,26.283333333333,0.275211545666,0.275211545666,0.0660062915069,0.01203
94680.00000000,26.300000000000,0.275008904817,0.275008904817,0.0659755574185,0.01203
94740.00000000,26.316666666667,0.274806652209,0.274806652209,0.0659449218232,0.01203
94800.00000000,26.333333333333,0.274604786796,0.274604786796,0.0659143840051,0.01203
94860.00000000,26.350000000000,0.274403307532,0.274403307532,0.0658839432647,0.01203
94920.00000000,26.366666666667,0.274202213377,0.274202213377,0.0658535989183,0.01203
94980.00000000,26.383333333333,0.274001503292,0.274001503292,0.0658233502974,0.01203
95040.00000000,26.400000000000,0.273801176244,0.273801176244,0.0657931967479,0.01203
95100.00000000,26.416666666667,0.273601231202,0.273601231202,0.0657631376295,0.01203
95160.00000000,26.433333333333,0.273401667138,0.273401667138,0.0657331723154,0.01203
95220.00000000,26.450000000000,0.273202483027,0.273202483027,0.0657033001911,0.01203
95280.00000000,26.466666666667,0.27300367785,0.27300367785,0.0656735206548,0.01203
95340.00000000,26.483333333333,0.272805250588,0.272805250588,0.0656438331162,0.01203
95400.00000000,26.500000000000,0.272607200227,0.272607200227,0.0656142369961,0.01203
95460.00000000,26.516666666667,0.272409525754,0.272409525754,0.0655919143775,0.0120299674074
95520.00000000,26.533333333333,0.272212226149,0.272212226149,0.0655782365427,0.0120298725926
95580.00000000,26.550000000000,0.272015300403,0.272015300403,0.0655696619278,0.01202972
95640.00000000,26.566666666667,0.271818747509,0.271818747509,0.0655644292307,0.0120295140741
95700.00000000,26.583333333333,0.271622566468,0.271622566468,0.0655613955318,0.0120292592593
95760.00000000,26.600000000000,0.271426756282,0.271426756282,0.0655597314461,0.01202896
95820.00000000,26.616666666667,0.271231315959,0.271231315959,0.0655587942058,0.0120286207407
95880.00000000,26.633333333333,0.271036244512,0.271036244512,0.0655580633411,0.0120282459259
95940.00000000,26.650000000000,0.270841540954,0.270841540954,0.0655571039498,0.01202784
96000.00000000,26.666666666667,0.270647204307,0.270647204307,0.0655555439314,0.0120274074074
96060.00000000,26.683333333333,0.270453233592,0.270453233592,0.0655530589968,0.0120269525926
96120.00000000,26.700000000000,0.270259627835,0.270259627835,0.0655493623292,0.01202648
96180.00000000,26.716666666667,0.270066386068,0.270066386068,0.0655441971826,0.0120259940741
96240.00000000,26.733333333333,0.269873507323,0.269873507323,0.0655373314225,0.0120254992593
96300.00000000,26.750000000000,0.269680990637,0.269680990637,0.0655285533961,0.012025
96360.00000000,26.766666666667,0.269488835052,0.269488835052,0.065517668741,0.0120245007407
96420.00000000,26.783333333333,0.269297039612,0.269297039612,0.0655044978763,0.0120240059259
96480.00000000,26.800000000000,0.269105603364,0.269105603364,0.0654888739973,0.01202352
96540.00000000,26.816666666667,0.268914525358,0.268914525358,0.0654706414525,0.0120230474074
96600.00000000,26.833333333333,0.268723804651,0.268723804651,0.0654496544143,0.0120225925926
96660.00000000,26.850000000000,0.268533440299,0.268533440299,0.065425775779,0.01202216
96720.00000000,26.866666666667,0.268343431364,0.268343431364,0.0653988762491,0.0120217540741
96780.00000000,26.883333333333,0.26815377691,0.26815377691,0.065368833561,0.0120213792593
96840.00000000,26.900000000000,0.267964476006,0.267964476006,0.0653355318319,0.01202104
96900.00000000,26.916666666667,0.267775527724,0.267775527724,0.0652988610036,0.0120207407407
96960.00000000,26.933333333333,0.267586931137,0.267586931137,0.0652587163673,0.0120204859259
97020.00000000,26.950000000000,0.267398685324,0.267398685324,0.0652149981556,0.01202028
97080.00000000,26.966666666667,0.267210789366,0.267210789366,0.0651676111924,0.0120201274074
97140.00000000,26.983333333333,0.267023242348,0.267023242348,0.065116464591,0.0120200325926
97200.00000000,27.000000000000,0.266836043358,0.266836043358,0.0650614714945,0.01202
97260.00000000,27.016666666667,0.266649191485,0.266649191485,0.0650100221455,0.01202
97320.00000000,27.033333333333,0.266462685811,0.266462685811,0.0649646349704,0.01202
97380.00000000,27.050000000000,0.266276525424,0.266276525424,0.0649227185392,0.01202
97440.00000000,27.066666666667,0.266090709419,0.266090709419,0.0648831938627,0.01202
97500.00000000,27.083333333333,0.265905236893,0.265905236893,0.0648454547812,0.01202
97560.00000000,27.100000000000,0.265720106946,0.265720106946,0.0648091152281,0.01202
97620.00000000,27.116666666667,0.265535318683,0.265535318683,0.0647739101829,0.01202
97680.00000000,27.133333333333,0.265350871211,0.265350871211,0.0647396482077,0.01202
97740.00000000,27.150000000000,0.26516676364,0.26516676364,0.0647061857555,0.01202
97800.00000000,27.166666666667,0.264982995085,0.264982995085,0.0646734120499,0.01202
97860.00000000,27.183333333333,0.264799564661,0.264799564661,0.0646412396198,0.01202
97920.00000000,27.200000000000,0.26461647149,0.26461647149,0.0646095980854,0.01202
97980.00000000,27.216666666667,0.264433714694,0.264433714694,0.0645784299196,0.01202
98040.00000000,27.233333333333,0.264251293399,0.264251293399,0.0645476874658,0.01202
98100.00000000,27.250000000000,0.264069206734,0.264069206734,0.0645173307836,0.01202
98160.00000000,27.266666666667,0.263887453831,0.263887453831,0.0644873260583,0.01202
98220.00000000,27.283333333333,0.263706033825,0.263706033825,0.0644576444038,0.01202
98280.00000000,27.300000000000,0.263524945855,0.263524945855,0.0644282609458,0.01202
98340.00000000,27.316666666667,0.263344189061,0.263344189061,0.0643991541105,0.01202
98400.00000000,27.333333333333,0.263163762587,0.263163762587,0.0643703050644,0.01202
98460.00000000,27.350000000000,0.262983665579,0.262983665579,0.0643416972688,0.01202
98520.00000000,27.366666666667,0.262803897189,0.262803897189,0.0643133161211,0.01202
98580.00000000,27.383333333333,0.262624456567,0.262624456567,0.064285148664,0.01202
98640.00000000,27.400000000000,0.262445342871,0.262445342871,0.0642571833467,0.01202
98700.00000000,27.416666666667,0.262266555257,0.262266555257,0.0642294098283,0.01202
98760.00000000,27.433333333333,0.262088092888,0.262088092888,0.064201818814,0.01202
98820.00000000,27.450000000000,0.261909954927,0.261909954927,0.0641744019183,0.01202
98880.00000000,27.466666666667,0.261732140541,0.261732140541,0.0641471515494,0.01202
98940.00000000,27.483333333333,0.2615546489,0.2615546489,0.0641200608117,0.01202
99000.00000000,27.500000000000,0.261377479176,0.261377479176,0.0640931234225,0.01202
99060.00000000,27.516666666667,0.261200630545,0.261200630545,0.0640663336405,0.01202
99120.00000000,27.533333333333,0.261024102184,0.261024102184,0.064039686205,0.01202
99180.00000000,27.550000000000,0.260847893274,0.260847893274,0.0640131762827,0.01202
99240.00000000,27.566666666667,0.260672002999,0.260672002999,0.0639867994219,0.01202
99300.00000000,27.583333333333,0.260496430544,0.260496430544,0.0639605515128,0.01202
99360.00000000,27.600000000000,0.2603211751,0.2603211751,0.0639344287522,0.01202
99420.00000000,27.616666666667,0.260146235856,0.260146235856,0.0639084276134,0.01202
99480.00000000,27.633333333333,0.259971612008,0.259971612008,0.0638825448189,0.01202
99540.00000000,27.650000000000,0.259797302752,0.259797302752,0.0638567773169,0.01202
99600.00000000,27.666666666667,0.259623307288,0.259623307288,0.0638311222604,0.01202
99660.00000000,27.683333333333,0.259449624818,0.259449624818,0.0638055769881,0.01202
99720.00000000,27.700000000000,0.259276254546,0.259276254546,0.0637801390084,0.01202
99780.00000000,27.716666666667,0.25910319568,0.25910319568,0.0637548059844,0.01202
99840.00000000,27.733333333333,0.25893044743,0.25893044743,0.0637295757204,0.01202
99900.00000000,27.750000000000,0.258758009009,0.258758009009,0.0637044461505,0.01202
99960.00000000,27.766666666667,0.25858587963,0.25858587963,0.0636794153276,0.01202
100020.00000000,27.783333333333,0.258414058512,0.258414058512,0.0636544814139,0.01202
100080.00000000,27.800000000000,0.258242544875,0.258242544875,0.0636296426726,0.01202
100140.00000000,27.816666666667,0.25807133794,0.25807133794,0.0636048974595,0.01202
100200.00000000,27.833333333333,0.257900436934,0.257900436934,0.0635802442165,0.01202
100260.00000000,27.850000000000,0.257729841083,0.257729841083,0.0635556814645,0.01202
100320.00000000,27.866666666667,0.257559549617,0.257559549617,0.0635312077984,0.01202
100380.00000000,27.883333333333,0.257389561769,0.257389561769,0.063506821881,0.01202
100440.00000000,27.900000000000,0.257219876772,0.257219876772,0.0634825224389,0.01202
100500.00000000,27.916666666667,0.257050493864,0.257050493864,0.0634583082574,0.01202
100560.00000000,27.933333333333,0.256881412285,0.256881412285,0.0634341781769,0.01202
100620.00000000,27.950000000000,0.256712631275,0.256712631275,0.0634101310888,0.01202
100680.00000000,27.966666666667,0.256544150079,0.256544150079,0.0633861659328,0.01202
100740.00000000,27.983333333333,0.256375967944,0.256375967944,0.0633622816928,0.01202
100800.00000000,28.000000000000,0.256208084117,0.256208084117,0.0633384773951,0.01202
100860.00000000,28.016666666667,0.25604049785,0.25604049785,0.0633147521047,0.01202
100920.00000000,28.033333333333,0.255873208395,0.255873208395,0.0632911049237,0.01202
100980.00000000,28.050000000000,0.255706215009,0.255706215009,0.0632675349887,0.01202
101040.00000000,28.066666666667,0.255539516948,0.255539516948,0.0632440414685,0.01202
101100.00000000,28.083333333333,0.255373113472,0.255373113472,0.0632206235628,0.01202
101160.00000000,28.100000000000,0.255207003844,0.255207003844,0.0631972804996,0.01202
101220.00000000,28.116666666667,0.255041187328,0.255041187328,0.0631740115343,0.01202
101280.00000000,28.133333333333,0.254875663189,0.254875663189,0.0631508159477,0.01202
101340.00000000,28.150000000000,0.254710430697,0.254710430697,0.0631276930447,0.01202
101400.00000000,28.166666666667,0.254545489122,0.254545489122,0.063104642153,0.01202
101460.00000000,28.183333333333,0.254380837737,0.254380837737,0.063081662622,0.01202
101520.00000000,28.200000000000,0.254216475816,0.254216475816,0.0630587538212,0.01202
101580.00000000,28.216666666667,0.254052402637,0.254052402637,0.0630359151396,0.01202
101640.00000000,28.233333333333,0.253888617478,0.253888617478,0.0630131459846,0.01202
101700.00000000,28.250000000000,0.253725119621,0.253725119621,0.0629904457807,0.01202
101760.00000000,28.266666666667,0.25356190835,0.25356190835,0.0629678139692,0.01202
101820.00000000,28.283333333333,0.253398982948,0.253398982948,0.0629452500068,0.01202
101880.00000000,28.300000000000,0.253236342705,0.253236342705,0.0629227533652,0.01202
101940.00000000,28.316666666667,0.253073986908,0.253073986908,0.0629003235305,0.01202
102000.00000000,28.333333333333,0.25291191485,0.25291191485,0.0628779600019,0.01202
102060.00000000,28.350000000000,0.252750125825,0.252750125825,0.0628556622917,0.01202
102120.00000000,28.366666666667,0.252588619126,0.252588619126,0.0628334299246,0.01202
102180.00000000,28.383333333333,0.252427394053,0.252427394053,0.0628112624366,0.01202
102240.00000000,28.400000000000,0.252266449904,0.252266449904,0.0627891593754,0.01202
102300.00000000,28.416666666667,0.252105785981,0.252105785981,0.0627671202989,0.01202
102360.00000000,28.433333333333,0.251945401588,0.251945401588,0.0627451447754,0.01202
102420.00000000,28.450000000000,0.251785296031,0.251785296031,0.062723232383,0.01202
102480.00000000,28.466666666667,0.251625468616,0.251625468616,0.0627013827092,0.01202
102540.00000000,28.483333333333,0.251465918653,0.251465918653,0.0626795953502,0.01202
102600.00000000,28.500000000000,0.251306645454,0.251306645454,0.062657869911,0.01202
102660.00000000,28.516666666667,0.251147648332,0.251147648332,0.0626362060048,0.01202
102720.00000000,28.533333333333,0.250988926603,0.250988926603,0.0626146032525,0.01202
102780.00000000,28.550000000000,0.250830479584,0.250830479584,0.0625930612828,0.01202
102840.00000000,28.566666666667,0.250672306595,0.250672306595,0.0625715797316,0.01202
102900.00000000,28.583333333333,0.250514406956,0.250514406956,0.0625501582417,0.01202
102960.00000000,28.600000000000,0.250356779992,0.250356779992,0.0625287964626,0.01202
103020.00000000,28.616666666667,0.250199425028,0.250199425028,0.0625074940505,0.01202
103080.00000000,28.633333333333,0.25004234139,0.25004234139,0.0624862506676,0.01202
103140.00000000,28.650000000000,0.249885528409,0.249885528409,0.0624650659821,0.01202
103200.00000000,28.666666666667,0.249728985415,0.249728985415,0.0624439396681,0.01202
103260.00000000,28.683333333333,0.249572711741,0.249572711741,0.0624228714051,0.01202
103320.00000000,28.700000000000,0.249416706723,0.249416706723,0.062401860878,0.01202
103380.00000000,28.716666666667,0.249260969698,0.249260969698,0.0623809077771,0.01202
103440.00000000,28.733333333333,0.249105500004,0.249105500004,0.0623600117973,0.01202
103500.00000000,28.750000000000,0.248950296983,0.248950296983,0.0623391726386,0.01202
103560.00000000,28.766666666667,0.248795359978,0.248795359978,0.0623183900055,0.01202
103620.00000000,28.783333333333,0.248640688333,0.248640688333,0.0622976636073,0.01202
103680.00000000,28.800000000000,0.248486281395,0.248486281395,0.0622769931573,0.01202
103740.00000000,28.816666666667,0.248332138512,0.248332138512,0.0622563783731,0.01202
103800.00000000,28.833333333333,0.248178259037,0.248178259037,0.0622358189766,0.01202
103860.00000000,28.850000000000,0.248024642321,0.248024642321,0.0622153146934,0.01202
103920.00000000,28.866666666667,0.247871287718,0.247871287718,0.0621948652529,0.01202
103980.00000000,28.883333333333,0.247718194586,0.247718194586,0.0621744703885,0.01202
104040.00000000,28.900000000000,0.247565362283,0.247565362283,0.062154129837,0.01202
104100.00000000,28.916666666667,0.247412790168,0.247412790168,0.0621338433385,0.01202
104160.00000000,28.933333333333,0.247260477606,0.247260477606,0.0621136106369,0.01202
104220.00000000,28.950000000000,0.247108423958,0.247108423958,0.062093431479,0.01202
104280.00000000,28.966666666667,0.246956628593,0.246956628593,0.062073305615,0.01202
104340.00000000,28.983333333333,0.246805090877,0.246805090877,0.0620532327981,0.01202
104400.00000000,29.000000000000,0.246653810181,0.246653810181,0.0620332127847,0.01202
104460.00000000,29.016666666667,0.246502785875,0.246502785875,0.0620199672632,0.0120199674074
104520.00000000,29.033333333333,0.246352017323,0.246352017323,0.0620144819414,0.0120198725926
104580.00000000,29.050000000000,0.246201503895,0.246201503895,0.0620134490814,0.01201972
104640.00000000,29.066666666667,0.246051244967,0.246051244967,0.062015279256,0.0120195140741
104700.00000000,29.083333333333,0.245901239913,0.245901239913,0.0620189557914,0.0120192592593
104760.00000000,29.100000000000,0.245751488116,0.245751488116,0.0620237468501,0.01201896
104820.00000000,29.116666666667,0.245601988956,0.245601988956,0.0620290880526,0.0120186207407
104880.00000000,29.133333333333,0.245452741818,0.245452741818,0.0620345238197,0.0120182459259
104940.00000000,29.150000000000,0.24530374609,0.24530374609,0.0620396742195,0.01201784
105000.00000000,29.166666666667,0.245155001161,0.245155001161,0.0620442145801,0.0120174074074
105060.00000000,29.183333333333,0.245006506422,0.245006506422,0.062047862153,0.0120169525926
105120.00000000,29.200000000000,0.244858261266,0.244858261266,0.0620503669623,0.01201648
105180.00000000,29.216666666667,0.24471026509,0.24471026509,0.0620515052858,0.0120159940741
105240.00000000,29.233333333333,0.244562517292,0.244562517292,0.0620510748642,0.0120154992593
105300.00000000,29.250000000000,0.24441501727,0.24441501727,0.0620488912916,0.012015
105360.00000000,29.266666666667,0.244267764428,0.244267764428,0.0620447852355,0.0120145007407
105420.00000000,29.283333333333,0.24412075817,0.24412075817,0.0620386002574,0.0120140059259
105480.00000000,29.300000000000,0.243973997901,0.243973997901,0.0620301910774,0.01201352
105540.00000000,29.316666666667,0.243827483029,0.243827483029,0.062019422173,0.0120130474074
105600.00000000,29.333333333333,0.243681212965,0.243681212965,0.0620061666358,0.0120125925926
105660.00000000,29.350000000000,0.243535187121,0.243535187121,0.0619903052279,0.01201216
105720.00000000,29.366666666667,0.243389404912,0.243389404912,0.0619717255977,0.0120117540741
105780.00000000,29.383333333333,0.243243865752,0.243243865752,0.0619503216226,0.0120113792593
105840.00000000,29.400000000000,0.243098569061,0.243098569061,0.061925992855,0.01201104
105900.00000000,29.416666666667,0.242953514257,0.242953514257,0.0618986440531,0.0120107407407
105960.00000000,29.433333333333,0.242808700765,0.242808700765,0.0618681847818,0.0120104859259
106020.00000000,29.450000000000,0.242664128006,0.242664128006,0.0618345290733,0.01201028
106080.00000000,29.466666666667,0.242519795407,0.242519795407,0.0617975951364,0.0120101274074
106140.00000000,29.483333333333,0.242375702396,0.242375702396,0.0617573051092,0.0120100325926
106200.00000000,29.500000000000,0.242231848403,0.242231848403,0.0617135848488,0.01201
106260.00000000,29.516666666667,0.242088232856,0.242088232856,0.0616733505215,0.01201
106320.00000000,29.533333333333,0.241944855179,0.241944855179,0.06163865992,0.01201
106380.00000000,29.550000000000,0.241801714801,0.241801714801,0.0616070607644,0.01201
106440.00000000,29.566666666667,0.241658811153,0.241658811153,0.0615775653267,0.01201
106500.00000000,29.583333333333,0.241516143668,0.241516143668,0.0615496266215,0.01201
106560.00000000,29.600000000000,0.241373711781,0.241373711781,0.061522899297,0.01201
106620.00000000,29.616666666667,0.24123151493,0.24123151493,0.0614971476904,0.01201
106680.00000000,29.633333333333,0.241089552555,0.241089552555,0.0614722023124,0.01201
106740.00000000,29.650000000000,0.240947824096,0.240947824096,0.0614479365009,0.01201
106800.00000000,29.666666666667,0.240806328997,0.240806328997,0.0614242527745,0.01201
106860.00000000,29.683333333333,0.240665066703,0.240665066703,0.0614010743334,0.01201
106920.00000000,29.700000000000,0.240524036661,0.240524036661,0.0613783395032,0.01201
106980.00000000,29.716666666667,0.240383238318,0.240383238318,0.061355997959,0.01201
107040.00000000,29.733333333333,0.240242671126,0.240242671126,0.0613340080749,0.01201
107100.00000000,29.750000000000,0.240102334535,0.240102334535,0.0613123350147,0.01201
107160.00000000,29.766666666667,0.239962228001,0.239962228001,0.0612909493253,0.01201
107220.00000000,29.783333333333,0.239822350977,0.239822350977,0.0612698258789,0.01201
107280.00000000,29.800000000000,0.239682702922,0.239682702922,0.0612489430654,0.01201
107340.00000000,29.816666666667,0.239543283293,0.239543283293,0.0612282821653,0.01201
107400.00000000,29.833333333333,0.239404091553,0.239404091553,0.0612078268577,0.01201
107460.00000000,29.850000000000,0.239265127161,0.239265127161,0.0611875628283,0.01201
107520.00000000,29.866666666667,0.239126389583,0.239126389583,0.0611674774551,0.01201
107580.00000000,29.883333333333,0.238987878285,0.238987878285,0.0611475595524,0.01201
107640.00000000,29.900000000000,0.238849592732,0.238849592732,0.0611277991627,0.01201
107700.00000000,29.916666666667,0.238711532394,0.238711532394,0.0611081873834,0.01201
107760.00000000,29.933333333333,0.238573696741,0.238573696741,0.0610887162244,0.01201
107820.00000000,29.950000000000,0.238436085246,0.238436085246,0.0610693784875,0.01201
107880.00000000,29.966666666667,0.238298697382,0.238298697382,0.0610501676662,0.01201
107940.00000000,29.983333333333,0.238161532624,0.238161532624,0.0610310778596,0.01201
108000.00000000,30.000000000000,0.23802459045,0.23802459045,0.0610121037003,0.01201
108060.00000000,30.016666666667,0.237887870337,0.237887870337,0.0609932402918,0.01201
108120.00000000,30.033333333333,0.237751371767,0.237751371767,0.0609744831553,0.01201
108180.00000000,30.050000000000,0.23761509422,0.23761509422,0.0609558281833,0.01201
108240.00000000,30.066666666667,0.23747903718,0.23747903718,0.0609372715999,0.01201
108300.00000000,30.083333333333,0.237343200132,0.237343200132,0.0609188099257,0.01201
108360.00000000,30.100000000000,0.237207582562,0.237207582562,0.0609004399475,0.01201
108420.00000000,30.116666666667,0.237072183959,0.237072183959,0.0608821586919,0.01201
108480.00000000,30.133333333333,0.236937003812,0.236937003812,0.0608639634014,0.01201
108540.00000000,30.150000000000,0.236802041612,0.236802041612,0.0608458515142,0.01201
108600.00000000,30.166666666667,0.236667296851,0.236667296851,0.0608278206456,0.01201
108660.00000000,30.183333333333,0.236532769025,0.236532769025,0.0608098685719,0.01201
108720.00000000,30.200000000000,0.236398457628,0.236398457628,0.060791993216,0.01201
108780.00000000,30.216666666667,0.236264362158,0.236264362158,0.0607741926345,0.01201
108840.00000000,30.233333333333,0.236130482113,0.236130482113,0.0607564650062,0.01201
108900.00000000,30.250000000000,0.235996816995,0.235996816995,0.0607388086218,0.01201
108960.00000000,30.266666666667,0.235863366304,0.235863366304,0.0607212218747,0.01201
109020.00000000,30.283333333333,0.235730129544,0.235730129544,0.0607037032525,0.01201
109080.00000000,30.300000000000,0.235597106219,0.235597106219,0.0606862513297,0.01201
109140.00000000,30.316666666667,0.235464295836,0.235464295836,0.0606688647609,0.01201
109200.00000000,30.333333333333,0.235331697902,0.235331697902,0.0606515422743,0.01201
109260.00000000,30.350000000000,0.235199311927,0.235199311927,0.0606342826668,0.01201
109320.00000000,30.366666666667,0.235067137421,0.235067137421,0.0606170847981,0.01201
109380.00000000,30.383333333333,0.234935173896,0.234935173896,0.060599947587,0.01201
109440.00000000,30.400000000000,0.234803420866,0.234803420866,0.0605828700063,0.01201
109500.00000000,30.416666666667,0.234671877844,0.234671877844,0.0605658510796,0.01201
109560.00000000,30.433333333333,0.234540544349,0.234540544349,0.0605488898777,0.01201
109620.00000000,30.450000000000,0.234409419896,0.234409419896,0.0605319855151,0.01201
109680.00000000,30.466666666667,0.234278504006,0.234278504006,0.0605151371473,0.01201
109740.00000000,30.483333333333,0.234147796199,0.234147796199,0.0604983439681,0.01201
109800.00000000,30.500000000000,0.234017295996,0.234017295996,0.0604816052068,0.01201
109860.00000000,30.516666666667,0.233887002921,0.233887002921,0.0604649201265,0.01201
109920.00000000,30.533333333333,0.233756916498,0.233756916498,0.0604482880213,0.01201
109980.00000000,30.550000000000,0.233627036254,0.233627036254,0.060431708215,0.01201
110040.00000000,30.566666666667,0.233497361715,0.233497361715,0.0604151800589,0.01201
110100.00000000,30.583333333333,0.23336789241,0.23336789241,0.06039870293,0.01201
110160.00000000,30.600000000000,0.23323862787,0.23323862787,0.06038227623,0.01201
110220.00000000,30.616666666667,0.233109567625,0.233109567625,0.0603658993835,0.01201
110280.00000000,30.633333333333,0.232980711208,0.232980711208,0.0603495718365,0.01201
110340.00000000,30.650000000000,0.232852058153,0.232852058153,0.0603332930557,0.01201
110400.00000000,30.666666666667,0.232723607995,0.232723607995,0.0603170625269,0.01201
110460.00000000,30.683333333333,0.232595360271,0.232595360271,0.060300879754,0.01201
110520.00000000,30.700000000000,0.232467314518,0.232467314518,0.0602847442583,0.01201
110580.00000000,30.716666666667,0.232339470275,0.232339470275,0.0602686555772,0.01201
110640.00000000,30.733333333333,0.232211827083,0.232211827083,0.0602526132636,0.01201
110700.00000000,30.750000000000,0.232084384483,0.232084384483,0.0602366168848,0.01201
110760.00000000,30.766666666667,0.231957142019,0.231957142019,0.0602206660222,0.01201
110820.00000000,30.783333333333,0.231830099233,0.231830099233,0.0602047602701,0.01201
110880.00000000,30.800000000000,0.231703255672,0.231703255672,0.0601888992354,0.01201
110940.00000000,30.816666666667,0.231576610882,0.231576610882,0.0601730825368,0.01201
111000.00000000,30.833333333333,0.231450164411,0.231450164411,0.0601573098042,0.01201
111060.00000000,30.850000000000,0.231323915808,0.231323915808,0.0601415806783,0.01201
111120.00000000,30.866666666667,0.231197864622,0.231197864622,0.06012589481,0.01201
111180.00000000,30.883333333333,0.231072010406,0.231072010406,0.0601102518597,0.01201
111240.00000000,30.900000000000,0.230946352712,0.230946352712,0.0600946514974,0.01201
111300.00000000,30.916666666667,0.230820891094,0.230820891094,0.0600790934016,0.01201
111360.00000000,30.933333333333,0.230695625106,0.230695625106,0.0600635772595,0.01201
111420.00000000,30.950000000000,0.230570554306,0.230570554306,0.0600481027662,0.01201
111480.00000000,30.966666666667,0.23044567825,0.23044567825,0.0600326696245,0.01201
111540.00000000,30.983333333333,0.230320996497,0.230320996497,0.0600172775446,0.01201
111600.00000000,31.000000000000,0.230196508606,0.230196508606,0.0600019262437,0.01201
111660.00000000,31.016666666667,0.230072214139,0.230072214139,0.0599866154458,0.01201
111720.00000000,31.033333333333,0.229948112658,0.229948112658,0.0599713448811,0.01201
111780.00000000,31.050000000000,0.229824203726,0.229824203726,0.0599561142863,0.01201
111840.00000000,31.066666666667,0.229700486907,0.229700486907,0.0599409234038,0.01201
111900.00000000,31.083333333333,0.229576961766,0.229576961766,0.0599257719818,0.01201
111960.00000000,31.100000000000,0.229453627872,0.229453627872,0.0599106597739,0.01201
112020.00000000,31.116666666667,0.22933048479,0.22933048479,0.0598955865388,0.01201
112080.00000000,31.133333333333,0.229207532091,0.229207532091,0.0598805520406,0.01201
112140.00000000,31.150000000000,0.229084769345,0.229084769345,0.0598655560477,0.01201
112200.00000000,31.166666666667,0.228962196122,0.228962196122,0.0598505983336,0.01201
112260.00000000,31.183333333333,0.228839811996,0.228839811996,0.059835678676,0.01201
112320.00000000,31.200000000000,0.228717616539,0.228717616539,0.0598207968571,0.01201
112380.00000000,31.216666666667,0.228595609326,0.228595609326,0.0598059526629,0.01201
112440.00000000,31.233333333333,0.228473789934,0.228473789934,0.0597911458838,0.01201
112500.00000000,31.250000000000,0.228352157939,0.228352157939,0.0597763763137,0.01201
112560.00000000,31.266666666667,0.22823071292,0.22823071292,0.0597616437504,0.01201
112620.00000000,31.283333333333,0.228109454455,0.228109454455,0.0597469479952,0.01201
112680.00000000,31.300000000000,0.227988382124,0.227988382124,0.0597322888528,0.01201
112740.00000000,31.316666666667,0.227867495511,0.227867495511,0.0597176661314,0.01201
112800.00000000,31.333333333333,0.227746794195,0.227746794195,0.0597030796421,0.01201
112860.00000000,31.350000000000,0.227626277763,0.227626277763,0.0596885291995,0.01201
112920.00000000,31.366666666667,0.227505945798,0.227505945798,0.0596740146208,0.01201
112980.00000000,31.383333333333,0.227385797886,0.227385797886,0.0596595357263,0.01201
113040.00000000,31.400000000000,0.227265833615,0.227265833615,0.0596450923392,0.01201
113100.00000000,31.416666666667,0.227146052572,0.227146052572,0.0596306842853,0.01201
113160.00000000,31.433333333333,0.227026454347,0.227026454347,0.0596163113928,0.01201
113220.00000000,31.450000000000,0.226907038531,0.226907038531,0.0596019734929,0.01201
113280.00000000,31.466666666667,0.226787804714,0.226787804714,0.059587670419,0.01201
113340.00000000,31.483333333333,0.226668752489,0.226668752489,0.0595734020067,0.01201
113400.00000000,31.500000000000,0.226549881451,0.226549881451,0.0595591680944,0.01201
113460.00000000,31.516666666667,0.226431191194,0.226431191194,0.0595449685223,0.01201
113520.00000000,31.533333333333,0.226312681314,0.226312681314,0.059530803133,0.01201
113580.00000000,31.550000000000,0.226194351407,0.226194351407,0.0595166717711,0.01201
113640.00000000,31.566666666667,0.226076201073,0.226076201073,0.0595025742833,0.01201
113700.00000000,31.583333333333,0.225958229911,0.225958229911,0.0594885105184,0.01201
113760.00000000,31.600000000000,0.22584043752,0.22584043752,0.059474480327,0.01201
113820.00000000,31.616666666667,0.225722823503,0.225722823503,0.0594604835616,0.01201
113880.00000000,31.633333333333,0.225605387461,0.225605387461,0.0594465200765,0.01201
113940.00000000,31.650000000000,0.225488128999,0.225488128999,0.0594325897278,0.01201
114000.00000000,31.666666666667,0.225371047722,0.225371047722,0.0594186923734,0.01201
114060.00000000,31.683333333333,0.225254143235,0.225254143235,0.0594048278727,0.01201
114120.00000000,31.700000000000,0.225137415145,0.225137415145,0.0593909960871,0.01201
114180.00000000,31.716666666667,0.225020863061,0.225020863061,0.0593771968791,0.01201
114240.00000000,31.733333333333,0.224904486591,0.224904486591,0.0593634301131,0.01201
114300.00000000,31.750000000000,0.224788285346,0.224788285346,0.059349695655,0.01201
114360.00000000,31.766666666667,0.224672258937,0.224672258937,0.059335993372,0.01201
114420.00000000,31.783333333333,0.224556406977,0.224556406977,0.0593223231328,0.01201
114480.00000000,31.800000000000,0.224440729079,0.224440729079,0.0593086848075,0.01201
114540.00000000,31.816666666667,0.224325224858,0.224325224858,0.0592950782677,0.01201
114600.00000000,31.833333333333,0.224209893929,0.224209893929,0.0592815033862,0.01201
114660.00000000,31.850000000000,0.22409473591,0.22409473591,0.0592679600371,0.01201
114720.00000000,31.866666666667,0.223979750418,0.223979750418,0.0592544480957,0.01201
114780.00000000,31.883333333333,0.223864937072,0.223864937072,0.0592409674388,0.01201
114840.00000000,31.900000000000,0.223750295492,0.223750295492,0.0592275179441,0.01201
114900.00000000,31.916666666667,0.2236358253,0.2236358253,0.0592140994907,0.01201
114960.00000000,31.933333333333,0.223521526117,0.223521526117,0.0592007119588,0.01201
115020.00000000,31.950000000000,0.223407397568,0.223407397568,0.0591873552296,0.01201
115080.00000000,31.966666666667,0.223293439275,0.223293439275,0.0591740291856,0.01201
115140.00000000,31.983333333333,0.223179650865,0.223179650865,0.0591607337104,0.01201
115200.00000000,32.000000000000,0.223066031964,0.223066031964,0.0591474686883,0.01201
115260.00000000,32.016666666667,0.2229525822,0.2229525822,0.0591342340051,0.01201
115320.00000000,32.033333333333,0.222839301202,0.222839301202,0.0591210295474,0.01201
115380.00000000,32.050000000000,0.222726188598,0.222726188598,0.0591078552026,0.01201
115440.00000000,32.066666666667,0.22261324402,0.22261324402,0.0590947108594,0.01201
115500.00000000,32.083333333333,0.222500467099,0.222500467099,0.0590815964074,0.01201
115560.00000000,32.100000000000,0.222387857469,0.222387857469,0.0590685117369,0.01201
115620.00000000,32.116666666667,0.222275414763,0.222275414763,0.0590554567392,0.01201
115680.00000000,32.133333333333,0.222163138617,0.222163138617,0.0590424313068,0.01201
115740.00000000,32.150000000000,0.222051028665,0.222051028665,0.0590294353326,0.01201
115800.00000000,32.166666666667,0.221939084546,0.221939084546,0.0590164687107,0.01201
115860.00000000,32.183333333333,0.221827305897,0.221827305897,0.0590035313358,0.01201
115920.00000000,32.200000000000,0.221715692358,0.221715692358,0.0589906231038,0.01201
115980.00000000,32.216666666667,0.221604243569,0.221604243569,0.0589777439109,0.01201
116040.00000000,32.233333333333,0.22149295917,0.22149295917,0.0589648936546,0.01201
116100.00000000,32.250000000000,0.221381838804,0.221381838804,0.0589520722328,0.01201
116160.00000000,32.266666666667,0.221270882115,0.221270882115,0.0589392795443,0.01201
116220.00000000,32.283333333333,0.221160088747,0.221160088747,0.0589265154888,0.01201
116280.00000000,32.300000000000,0.221049458344,0.221049458344,0.0589137799666,0.01201
116340.00000000,32.316666666667,0.220938990554,0.220938990554,0.0589010728786,0.01201
116400.00000000,32.333333333333,0.220828685023,0.220828685023,0.0588883941267,0.01201
116460.00000000,32.350000000000,0.2207185414,0.2207185414,0.0588757436133,0.01201
116520.00000000,32.366666666667,0.220608559335,0.220608559335,0.0588631212415,0.01201
116580.00000000,32.383333333333,0.220498738478,0.220498738478,0.0588505269152,0.01201
116640.00000000,32.400000000000,0.220389078479,0.220389078479,0.0588379605389,0.01201
116700.00000000,32.416666666667,0.220279578993,0.220279578993,0.0588254220177,0.01201
116760.00000000,32.433333333333,0.220170239671,0.220170239671,0.0588129112574,0.01201
116820.00000000,32.450000000000,0.220061060168,0.220061060168,0.0588004281645,0.01201
116880.00000000,32.466666666667,0.21995204014,0.21995204014,0.058787972646,0.01201
116940.00000000,32.483333333333,0.219843179244,0.219843179244,0.0587755446097,0.01201
117000.00000000,32.500000000000,0.219734477135,0.219734477135,0.0587631439637,0.01201
117060.00000000,32.516666666667,0.219625933474,0.219625933474,0.058750770617,0.01201
117120.00000000,32.533333333333,0.219517547918,0.219517547918,0.058738424479,0.01201
117180.00000000,32.550000000000,0.219409320129,0.219409320129,0.0587261054598,0.01201
117240.00000000,32.566666666667,0.219301249768,0.219301249768,0.05871381347,0.01201
117300.00000000,32.583333333333,0.219193336496,0.219193336496,0.0587015484209,0.01201
117360.00000000,32.600000000000,0.219085579978,0.219085579978,0.058689310224,0.01201
117420.00000000,32.616666666667,0.218977979876,0.218977979876,0.0586770987917,0.01201
117480.00000000,32.633333333333,0.218870535858,0.218870535858,0.0586649140369,0.01201
117540.00000000,32.650000000000,0.218763247587,0.218763247587,0.0586527558729,0.01201
117600.00000000,32.666666666667,0.218656114733,0.218656114733,0.0586406242135,0.01201
117660.00000000,32.683333333333,0.218549136961,0.218549136961,0.0586285189731,0.01201
117720.00000000,32.700000000000,0.218442313943,0.218442313943,0.0586164400666,0.01201
117780.00000000,32.716666666667,0.218335645346,0.218335645346,0.0586043874095,0.01201
117840.00000000,32.733333333333,0.218229130843,0.218229130843,0.0585923609177,0.01201
117900.00000000,32.750000000000,0.218122770105,0.218122770105,0.0585803605074,0.01201
117960.00000000,32.766666666667,0.218016562804,0.218016562804,0.0585683860956,0.01201
118020.00000000,32.783333333333,0.217910508615,0.217910508615,0.0585564375996,0.01201
118080.00000000,32.800000000000,0.217804607211,0.217804607211,0.0585445149373,0.01201
118140.00000000,32.816666666667,0.217698858269,0.217698858269,0.0585326180269,0.01201
118200.00000000,32.833333333333,0.217593261465,0.217593261465,0.0585207467871,0.01201
118260.00000000,32.850000000000,0.217487816475,0.217487816475,0.0585089011371,0.01201
118320.00000000,32.866666666667,0.217382522979,0.217382522979,0.0584970809965,0.01201
118380.00000000,32.883333333333,0.217277380655,0.217277380655,0.0584852862855,0.01201
118440.00000000,32.900000000000,0.217172389184,0.217172389184,0.0584735169246,0.01201
118500.00000000,32.916666666667,0.217067548246,0.217067548246,0.0584617728346,0.01201
118560.00000000,32.933333333333,0.216962857523,0.216962857523,0.0584500539369,0.01201
118620.00000000,32.950000000000,0.216858316699,0.216858316699,0.0584383601533,0.01201
118680.00000000,32.966666666667,0.216753925456,0.216753925456,0.0584266914061,0.01201
118740.00000000,32.983333333333,0.216649683479,0.216649683479,0.0584150476178,0.01201
118800.00000000,33.000000000000,0.216545590453,0.216545590453,0.0584034287115,0.01201
118860.00000000,33.016666666667,0.216441646066,0.216441646066,0.0583918346105,0.01201
118920.00000000,33.033333333333,0.216337850003,0.216337850003,0.0583802652387,0.01201
118980.00000000,33.050000000000,0.216234201954,0.216234201954,0.0583687205203,0.01201
119040.00000000,33.066666666667,0.216130701607,0.216130701607,0.0583572003798,0.01201
119100.00000000,33.083333333333,0.216027348651,0.216027348651,0.0583457047424,0.01201
119160.00000000,33.100000000000,0.215924142778,0.215924142778,0.0583342335332,0.01201
119220.00000000,33.116666666667,0.215821083679,0.215821083679,0.0583227866782,0.01201
119280.00000000,33.133333333333,0.215718171047,0.215718171047,0.0583113641033,0.01201
119340.00000000,33.150000000000,0.215615404574,0.215615404574,0.058299965735,0.01201
119400.00000000,33.166666666667,0.215512783955,0.215512783955,0.0582885915002,0.01201
119460.00000000,33.183333333333,0.215410308885,0.215410308885,0.0582772413261,0.01201
119520.00000000,33.200000000000,0.215307979059,0.215307979059,0.0582659151403,0.01201
119580.00000000,33.216666666667,0.215205794174,0.215205794174,0.0582546128706,0.01201
119640.00000000,33.233333333333,0.215103753928,0.215103753928,0.0582433344453,0.01201
119700.00000000,33.250000000000,0.215001858019,0.215001858019,0.058232079793,0.01201
119760.00000000,33.266666666667,0.214900106146,0.214900106146,0.0582208488427,0.01201
119820.00000000,33.283333333333,0.214798498009,0.214798498009,0.0582096415236,0.01201
119880.00000000,33.300000000000,0.214697033309,0.214697033309,0.0581984577654,0.01201
119940.00000000,33.316666666667,0.214595711748,0.214595711748,0.058187297498,0.01201
120000.00000000,33.333333333333,0.214494533027,0.214494533027,0.0581761606517,0.01201
120060.00000000,33.350000000000,0.214393496851,0.214393496851,0.0581650471571,0.01201
120120.00000000,33.366666666667,0.214292602923,0.214292602923,0.0581539569452,0.01201
120180.00000000,33.383333333333,0.214191850948,0.214191850948,0.0581428899472,0.01201
120240.00000000,33.400000000000,0.214091240633,0.214091240633,0.0581318460946,0.01201
120300.00000000,33.416666666667,0.213990771682,0.213990771682,0.0581208253194,0.01201
120360.00000000,33.433333333333,0.213890443805,0.213890443805,0.0581098275538,0.01201
120420.00000000,33.450000000000,0.213790256708,0.213790256708,0.0580988527303,0.01201
120480.00000000,33.466666666667,0.213690210102,0.213690210102,0.0580879007816,0.01201
120540.00000000,33.483333333333,0.213590303694,0.213590303694,0.0580769716409,0.01201
120600.00000000,33.500000000000,0.213490537197,0.213490537197,0.0580660652417,0.01201
120660.00000000,33.516666666667,0.213390910321,0.213390910321,0.0580551815176,0.01201
120720.00000000,33.533333333333,0.213291422779,0.213291422779,0.0580443204026,0.01201
120780.00000000,33.550000000000,0.213192074283,0.213192074283,0.058033481831,0.01201
120840.00000000,33.566666666667,0.213092864546,0.213092864546,0.0580226657375,0.01201
120900.00000000,33.583333333333,0.212993793284,0.212993793284,0.0580118720569,0.01201
120960.00000000,33.600000000000,0.212894860212,0.212894860212,0.0580011007244,0.01201
121020.00000000,33.616666666667,0.212796065044,0.212796065044,0.0579903516755,0.01201
121080.00000000,33.633333333333,0.212697407499,0.212697407499,0.0579796248458,0.01201
121140.00000000,33.650000000000,0.212598887293,0.212598887293,0.0579689201714,0.01201
121200.00000000,33.666666666667,0.212500504146,0.212500504146,0.0579582375885,0.01201
121260.00000000,33.683333333333,0.212402257775,0.212402257775,0.0579475770338,0.01201
121320.00000000,33.700000000000,0.2123041479,0.2123041479,0.0579369384441,0.01201
121380.00000000,33.716666666667,0.212206174243,0.212206174243,0.0579263217564,0.01201
121440.00000000,33.733333333333,0.212108336524,0.212108336524,0.0579157269082,0.01201
121500.00000000,33.750000000000,0.212010634465,0.212010634465,0.057905153837,0.01201
121560.00000000,33.766666666667,0.21191306779,0.21191306779,0.0578946024808,0.01201
121620.00000000,33.783333333333,0.211815636221,0.211815636221,0.0578840727777,0.01201
121680.00000000,33.800000000000,0.211718339482,0.211718339482,0.0578735646662,0.01201
121740.00000000,33.816666666667,0.2116211773,0.2116211773,0.0578630780849,0.01201
121800.00000000,33.833333333333,0.211524149399,0.211524149399,0.0578526129728,0.01201
121860.00000000,33.850000000000,0.211427255506,0.211427255506,0.057842169269,0.01201
121920.00000000,33.866666666667,0.211330495347,0.211330495347,0.0578317469131,0.01201
121980.00000000,33.883333333333,0.211233868652,0.211233868652,0.0578213458446,0.01201
122040.00000000,33.900000000000,0.211137375148,0.211137375148,0.0578109660035,0.01201
122100.00000000,33.916666666667,0.211041014565,0.211041014565,0.0578006073301,0.01201
122160.00000000,33.933333333333,0.210944786633,0.210944786633,0.0577902697646,0.01201
122220.00000000,33.950000000000,0.210848691083,0.210848691083,0.0577799532479,0.01201
122280.00000000,33.966666666667,0.210752727646,0.210752727646,0.0577696577208,0.01201
122340.00000000,33.983333333333,0.210656896053,0.210656896053,0.0577593831245,0.01201
122400.00000000,34.000000000000,0.210561196039,0.210561196039,0.0577491294003,0.01201
122460.00000000,34.016666666667,0.210465627337,0.210465627337,0.0577388964898,0.01201
122520.00000000,34.033333333333,0.210370189681,0.210370189681,0.0577286843351,0.01201
122580.00000000,34.050000000000,0.210274882805,0.210274882805,0.057718492878,0.01201
122640.00000000,34.066666666667,0.210179706447,0.210179706447,0.057708322061,0.01201
122700.00000000,34.083333333333,0.210084660341,0.210084660341,0.0576981718266,0.01201
122760.00000000,34.100000000000,0.209989744225,0.209989744225,0.0576880421176,0.01201
122820.00000000,34.116666666667,0.209894957838,0.209894957838,0.0576779328769,0.01201
122880.00000000,34.133333333333,0.209800300916,0.209800300916,0.0576678440479,0.01201
122940.00000000,34.150000000000,0.209705773201,0.209705773201,0.057657775574,0.01201
123000.00000000,34.166666666667,0.20961137443,0.20961137443,0.0576477273988,0.01201
123060.00000000,34.183333333333,0.209517104345,0.209517104345,0.0576376994662,0.01201
123120.00000000,34.200000000000,0.209422962687,0.209422962687,0.0576276917204,0.01201
123180.00000000,34.216666666667,0.209328949198,0.209328949198,0.0576177041057,0.01201
123240.00000000,34.233333333333,0.209235063619,0.209235063619,0.0576077365666,0.01201
123300.00000000,34.250000000000,0.209141305696,0.209141305696,0.057597789048,0.01201
123360.00000000,34.266666666667,0.20904767517,0.20904767517,0.0575878614947,0.01201
123420.00000000,34.283333333333,0.208954171788,0.208954171788,0.057577953852,0.01201
123480.00000000,34.300000000000,0.208860795293,0.208860795293,0.0575680660652,0.01201
123540.00000000,34.316666666667,0.208767545433,0.208767545433,0.05755819808,0.01201
123600.00000000,34.333333333333,0.208674421952,0.208674421952,0.0575483498423,0.01201
123660.00000000,34.350000000000,0.208581424599,0.208581424599,0.0575385212979,0.01201
123720.00000000,34.366666666667,0.208488553122,0.208488553122,0.0575287123932,0.01201
123780.00000000,34.383333333333,0.208395807268,0.208395807268,0.0575189230745,0.01201
123840.00000000,34.400000000000,0.208303186787,0.208303186787,0.0575091532886,0.01201
123900.00000000,34.416666666667,0.208210691428,0.208210691428,0.0574994029822,0.01201
123960.00000000,34.433333333333,0.208118320943,0.208118320943,0.0574896721025,0.01201
124020.00000000,34.450000000000,0.208026075081,0.208026075081,0.0574799605965,0.01201
124080.00000000,34.466666666667,0.207933953596,0.207933953596,0.0574702684118,0.01201
124140.00000000,34.483333333333,0.207841956238,0.207841956238,0.057460595496,0.01201
124200.00000000,34.500000000000,0.207750082761,0.207750082761,0.0574509417969,0.01201
124260.00000000,34.516666666667,0.207658332918,0.207658332918,0.0574468608786,0.0120099674074
124320.00000000,34.533333333333,0.207566706455,0.207566706455,0.0574488546879,0.0120098725926
124380.00000000,34.550000000000,0.207475203124,0.207475203124,0.0574542406278,0.01200972
124440.00000000,34.566666666667,0.207383822678,0.207383822678,0.0574617784954,0.0120095140741
124500.00000000,34.583333333333,0.207292564872,0.207292564872,0.0574706838244,0.0120092592593
124560.00000000,34.600000000000,0.20720142946,0.20720142946,0.0574803943117,0.01200896
124620.00000000,34.616666666667,0.2071104162,0.2071104162,0.0574904768196,0.0120086207407
124680.00000000,34.633333333333,0.20701952485,0.20701952485,0.0575005815562,0.0120082459259
124740.00000000,34.650000000000,0.206928755167,0.206928755167,0.0575104164268,0.01200784
124800.00000000,34.666666666667,0.206838106912,0.206838106912,0.0575197313732,0.0120074074074
124860.00000000,34.683333333333,0.206747579843,0.206747579843,0.057528308186,0.0120069525926
124920.00000000,34.700000000000,0.206657173723,0.206657173723,0.0575359535477,0.01200648
124980.00000000,34.716666666667,0.206566888312,0.206566888312,0.0575424940956,0.0120059940741
125040.00000000,34.733333333333,0.206476723374,0.206476723374,0.0575477728087,0.0120054992593
125100.00000000,34.750000000000,0.206386678672,0.206386678672,0.0575516462942,0.012005
125160.00000000,34.766666666667,0.206296753969,0.206296753969,0.0575539827053,0.0120045007407
125220.00000000,34.783333333333,0.20620694903,0.20620694903,0.0575546601155,0.0120040059259
125280.00000000,34.800000000000,0.206117263622,0.206117263622,0.0575535652281,0.01200352
125340.00000000,34.816666666667,0.206027697509,0.206027697509,0.0575505923391,0.0120030474074
125400.00000000,34.833333333333,0.20593825046,0.20593825046,0.0575456424948,0.0120025925926
125460.00000000,34.850000000000,0.205848922241,0.205848922241,0.0575386228002,0.01200216
125520.00000000,34.866666666667,0.205759712621,0.205759712621,0.0575294458473,0.0120017540741
125580.00000000,34.883333333333,0.205670621368,0.205670621368,0.0575180292395,0.0120013792593
125640.00000000,34.900000000000,0.205581648254,0.205581648254,0.0575042951935,0.01200104
125700.00000000,34.916666666667,0.205492793047,0.205492793047,0.0574881702063,0.0120007407407
125760.00000000,34.933333333333,0.205404055518,0.205404055518,0.0574695847739,0.0120004859259
125820.00000000,34.950000000000,0.20531543544,0.20531543544,0.0574484731566,0.01200028
125880.00000000,34.966666666667,0.205226932585,0.205226932585,0.0574247731807,0.0120001274074
125940.00000000,34.983333333333,0.205138546726,0.205138546726,0.0573984260742,0.0120000325926
126000.00000000,35.000000000000,0.205050277636,0.205050277636,0.0573693763299,0.012
126060.00000000,35.016666666667,0.204962125089,0.204962125089,0.0573433606866,0.012
126120.00000000,35.033333333333,0.204874088851,0.204874088851,0.0573217625632,0.012
126180.00000000,35.050000000000,0.204786168694,0.204786168694,0.0573025572054,0.012
126240.00000000,35.066666666667,0.20469836439,0.20469836439,0.0572849620213,0.012
126300.00000000,35.083333333333,0.204610675712,0.204610675712,0.0572685495818,0.012
126360.00000000,35.100000000000,0.204523102433,0.204523102433,0.0572530519494,0.012
126420.00000000,35.116666666667,0.204435644328,0.204435644328,0.0572382870641,0.012
126480.00000000,35.133333333333,0.204348301173,0.204348301173,0.0572241243448,0.012
126540.00000000,35.150000000000,0.204261072742,0.204261072742,0.0572104663872,0.012
126600.00000000,35.166666666667,0.204173958812,0.204173958812,0.0571972383264,0.012
126660.00000000,35.183333333333,0.204086959161,0.204086959161,0.0571843812398,0.012
126720.00000000,35.200000000000,0.204000073566,0.204000073566,0.0571718478468,0.012
126780.00000000,35.216666666667,0.203913301805,0.203913301805,0.0571595995929,0.012
126840.00000000,35.233333333333,0.203826643657,0.203826643657,0.0571476046068,0.012
126900.00000000,35.250000000000,0.2037400989,0.2037400989,0.0571358362306,0.012
126960.00000000,35.266666666667,0.203653667317,0.203653667317,0.0571242719376,0.012
127020.00000000,35.283333333333,0.203567348685,0.203567348685,0.05711289252,0.012
127080.00000000,35.300000000000,0.203481142788,0.203481142788,0.0571016814679,0.012
127140.00000000,35.316666666667,0.203395049405,0.203395049405,0.0570906244888,0.012
127200.00000000,35.333333333333,0.20330906832,0.20330906832,0.0570797091295,0.012
127260.00000000,35.350000000000,0.203223199315,0.203223199315,0.0570689244753,0.012
127320.00000000,35.366666666667,0.203137442173,0.203137442173,0.0570582609093,0.012
127380.00000000,35.383333333333,0.203051796678,0.203051796678,0.0570477099157,0.012
127440.00000000,35.400000000000,0.202966262614,0.202966262614,0.0570372639205,0.012
127500.00000000,35.416666666667,0.202880839766,0.202880839766,0.0570269161587,0.012
127560.00000000,35.433333333333,0.20279552792,0.20279552792,0.0570166605644,0.012
127620.00000000,35.450000000000,0.202710326862,0.202710326862,0.0570064916794,0.012
127680.00000000,35.466666666667,0.202625236377,0.202625236377,0.0569964045754,0.012
127740.00000000,35.483333333333,0.202540256253,0.202540256253,0.0569863947888,0.012
127800.00000000,35.500000000000,0.202455386278,0.202455386278,0.0569764582645,0.012
127860.00000000,35.516666666667,0.202370626239,0.202370626239,0.056966591309,0.012
127920.00000000,35.533333333333,0.202285975924,0.202285975924,0.0569567905484,0.012
127980.00000000,35.550000000000,0.202201435124,0.202201435124,0.0569470528939,0.012
128040.00000000,35.566666666667,0.202117003628,0.202117003628,0.0569373755106,0.012
128100.00000000,35.583333333333,0.202032681225,0.202032681225,0.0569277557908,0.012
128160.00000000,35.600000000000,0.201948467707,0.201948467707,0.0569181913312,0.012
128220.00000000,35.616666666667,0.201864362864,0.201864362864,0.0569086799117,0.012
128280.00000000,35.633333333333,0.201780366489,0.201780366489,0.0568992194781,0.012
128340.00000000,35.650000000000,0.201696478372,0.201696478372,0.0568898081256,0.012
128400.00000000,35.666666666667,0.201612698308,0.201612698308,0.0568804440855,0.012
128460.00000000,35.683333333333,0.20152902609,0.20152902609,0.0568711257121,0.012
128520.00000000,35.700000000000,0.20144546151,0.20144546151,0.0568618514721,0.012
128580.00000000,35.716666666667,0.201362004363,0.201362004363,0.0568526199344,0.012
128640.00000000,35.733333333333,0.201278654445,0.201278654445,0.0568434297615,0.012
128700.00000000,35.750000000000,0.201195411549,0.201195411549,0.0568342797016,0.012
128760.00000000,35.766666666667,0.201112275472,0.201112275472,0.056825168581,0.012
128820.00000000,35.783333333333,0.201029246011,0.201029246011,0.0568160952987,0.012
128880.00000000,35.800000000000,0.200946322961,0.200946322961,0.0568070588195,0.012
128940.00000000,35.816666666667,0.20086350612,0.20086350612,0.0567980581696,0.012
129000.00000000,35.833333333333,0.200780795286,0.200780795286,0.0567890924316,0.012
129060.00000000,35.850000000000,0.200698190256,0.200698190256,0.0567801607403,0.012
129120.00000000,35.866666666667,0.200615690831,0.200615690831,0.0567712622786,0.012
129180.00000000,35.883333333333,0.200533296808,0.200533296808,0.0567623962741,0.012
129240.00000000,35.900000000000,0.200451007987,0.200451007987,0.0567535619961,0.012
129300.00000000,35.916666666667,0.200368824169,0.200368824169,0.0567447587523,0.012
129360.00000000,35.933333333333,0.200286745155,0.200286745155,0.0567359858862,0.012
129420.00000000,35.950000000000,0.200204770744,0.200204770744,0.0567272427748,0.012
129480.00000000,35.966666666667,0.20012290074,0.20012290074,0.0567185288263,0.012
129540.00000000,35.983333333333,0.200041134943,0.200041134943,0.0567098434777,0.012
129600.00000000,36.000000000000,0.199959473158,0.199959473158,0.0567011861934,0.012
129660.00000000,36.016666666667,0.199877915185,0.199877915185,0.0566925564631,0.012
129720.00000000,36.033333333333,0.19979646083,0.19979646083,0.0566839538003,0.012
129780.00000000,36.050000000000,0.199715109896,0.199715109896,0.0566753777406,0.012
129840.00000000,36.066666666667,0.199633862188,0.199633862188,0.0566668278407,0.012
129900.00000000,36.083333333333,0.19955271751,0.19955271751,0.0566583036769,0.012
129960.00000000,36.100000000000,0.199471675668,0.199471675668,0.0566498048439,0.012
130020.00000000,36.116666666667,0.199390736468,0.199390736468,0.0566413309536,0.012
130080.00000000,36.133333333333,0.199309899716,0.199309899716,0.0566328816345,0.012
130140.00000000,36.150000000000,0.199229165218,0.199229165218,0.0566244565303,0.012
130200.00000000,36.166666666667,0.199148532783,0.199148532783,0.0566160552991,0.012
130260.00000000,36.183333333333,0.199068002218,0.199068002218,0.0566076776129,0.012
130320.00000000,36.200000000000,0.19898757333,0.19898757333,0.0565993231565,0.012
130380.00000000,36.216666666667,0.19890724593,0.19890724593,0.056590991627,0.012
130440.00000000,36.233333333333,0.198827019824,0.198827019824,0.0565826827328,0.012
130500.00000000,36.250000000000,0.198746894824,0.198746894824,0.0565743961936,0.012
130560.00000000,36.266666666667,0.19866687074,0.19866687074,0.056566131739,0.012
130620.00000000,36.283333333333,0.19858694738,0.19858694738,0.0565578891089,0.012
130680.00000000,36.300000000000,0.198507124558,0.198507124558,0.056549668052,0.012
130740.00000000,36.316666666667,0.198427402083,0.198427402083,0.0565414683262,0.012
130800.00000000,36.333333333333,0.198347779767,0.198347779767,0.0565332896976,0.012
130860.00000000,36.350000000000,0.198268257424,0.198268257424,0.0565251319402,0.012
130920.00000000,36.366666666667,0.198188834864,0.198188834864,0.0565169948358,0.012
130980.00000000,36.383333333333,0.198109511902,0.198109511902,0.0565088781732,0.012
131040.00000000,36.400000000000,0.198030288351,0.198030288351,0.0565007817481,0.012
131100.00000000,36.416666666667,0.197951164025,0.197951164025,0.0564927053627,0.012
131160.00000000,36.433333333333,0.197872138738,0.197872138738,0.0564846488254,0.012
131220.00000000,36.450000000000,0.197793212305,0.197793212305,0.0564766119506,0.012
131280.00000000,36.466666666667,0.197714384541,0.197714384541,0.0564685945583,0.012
131340.00000000,36.483333333333,0.197635655263,0.197635655263,0.0564605964739,0.012
131400.00000000,36.500000000000,0.197557024285,0.197557024285,0.0564526175279,0.012
131460.00000000,36.516666666667,0.197478491424,0.197478491424,0.0564446575558,0.012
131520.00000000,36.533333333333,0.197400056498,0.197400056498,0.0564367163979,0.012
131580.00000000,36.550000000000,0.197321719324,0.197321719324,0.0564287938986,0.012
131640.00000000,36.566666666667,0.197243479719,0.197243479719,0.056420889907,0.012
131700.00000000,36.583333333333,0.197165337501,0.197165337501,0.0564130042763,0.012
131760.00000000,36.600000000000,0.19708729249,0.19708729249,0.0564051368633,0.012
131820.00000000,36.616666666667,0.197009344504,0.197009344504,0.0563972875289,0.012
131880.00000000,36.633333333333,0.196931493363,0.196931493363,0.0563894561376,0.012
131940.00000000,36.650000000000,0.196853738886,0.196853738886,0.0563816425571,0.012
132000.00000000,36.666666666667,0.196776080893,0.196776080893,0.0563738466588,0.012
132060.00000000,36.683333333333,0.196698519205,0.196698519205,0.0563660683171,0.012
132120.00000000,36.700000000000,0.196621053644,0.196621053644,0.0563583074094,0.012
132180.00000000,36.716666666667,0.19654368403,0.19654368403,0.0563505638161,0.012
132240.00000000,36.733333333333,0.196466410186,0.196466410186,0.0563428374206,0.012
132300.00000000,36.750000000000,0.196389231933,0.196389231933,0.0563351281088,0.012
132360.00000000,36.766666666667,0.196312149094,0.196312149094,0.0563274357694,0.012
132420.00000000,36.783333333333,0.196235161493,0.196235161493,0.0563197602934,0.012
132480.00000000,36.800000000000,0.196158268952,0.196158268952,0.0563121015744,0.012
132540.00000000,36.816666666667,0.196081471296,0.196081471296,0.0563044595083,0.012
132600.00000000,36.833333333333,0.196004768348,0.196004768348,0.0562968339933,0.012
132660.00000000,36.850000000000,0.195928159933,0.195928159933,0.0562892249295,0.012
132720.00000000,36.866666666667,0.195851645876,0.195851645876,0.0562816322194,0.012
132780.00000000,36.883333333333,0.195775226002,0.195775226002,0.0562740557675,0.012
132840.00000000,36.900000000000,0.195698900138,0.195698900138,0.0562664954799,0.012
132900.00000000,36.916666666667,0.195622668109,0.195622668109,0.056258951265,0.012
132960.00000000,36.933333333333,0.195546529742,0.195546529742,0.0562514230328,0.012
133020.00000000,36.950000000000,0.195470484863,0.195470484863,0.056243910695,0.012
133080.00000000,36.966666666667,0.1953945333,0.1953945333,0.0562364141651,0.012
133140.00000000,36.983333333333,0.195318674881,0.195318674881,0.0562289333581,0.012
133200.00000000,37.000000000000,0.195242909433,0.195242909433,0.0562214681907,0.012
133260.00000000,37.016666666667,0.195167236785,0.195167236785,0.0562140185811,0.012
133320.00000000,37.033333333333,0.195091656766,0.195091656766,0.0562065844488,0.012
133380.00000000,37.050000000000,0.195016169205,0.195016169205,0.0561991657151,0.012
133440.00000000,37.066666666667,0.194940773931,0.194940773931,0.0561917623023,0.012
133500.00000000,37.083333333333,0.194865470774,0.194865470774,0.0561843741343,0.012
133560.00000000,37.100000000000,0.194790259565,0.194790259565,0.056177001136,0.012
133620.00000000,37.116666666667,0.194715140134,0.194715140134,0.0561696432338,0.012
133680.00000000,37.133333333333,0.194640112313,0.194640112313,0.0561623003552,0.012
133740.00000000,37.150000000000,0.194565175932,0.194565175932,0.056154972429,0.012
133800.00000000,37.166666666667,0.194490330823,0.194490330823,0.0561476593849,0.012
133860.00000000,37.183333333333,0.194415576819,0.194415576819,0.056140361154,0.012
133920.00000000,37.200000000000,0.194340913752,0.194340913752,0.0561330776683,0.012
133980.00000000,37.216666666667,0.194266341455,0.194266341455,0.0561258088607,0.012
134040.00000000,37.233333333333,0.194191859761,0.194191859761,0.0561185546655,0.012
134100.00000000,37.250000000000,0.194117468504,0.194117468504,0.0561113150175,0.012
134160.00000000,37.266666666667,0.194043167518,0.194043167518,0.0561040898529,0.012
134220.00000000,37.283333333333,0.193968956636,0.193968956636,0.0560968791084,0.012
134280.00000000,37.300000000000,0.193894835695,0.193894835695,0.0560896827221,0.012
134340.00000000,37.316666666667,0.193820804529,0.193820804529,0.0560825006324,0.012
134400.00000000,37.333333333333,0.193746862973,0.193746862973,0.056075332779,0.012
134460.00000000,37.350000000000,0.193673010863,0.193673010863,0.0560681791023,0.012
134520.00000000,37.366666666667,0.193599248036,0.193599248036,0.0560610395433,0.012
134580.00000000,37.383333333333,0.193525574327,0.193525574327,0.056053914044,0.012
134640.00000000,37.400000000000,0.193451989575,0.193451989575,0.0560468025471,0.012
134700.00000000,37.416666666667,0.193378493616,0.193378493616,0.0560397049961,0.012
134760.00000000,37.433333333333,0.193305086287,0.193305086287,0.056032621335,0.012
134820.00000000,37.450000000000,0.193231767427,0.193231767427,0.0560255515088,0.012
134880.00000000,37.466666666667,0.193158536875,0.193158536875,0.056018495463,0.012
134940.00000000,37.483333333333,0.193085394468,0.193085394468,0.0560114531437,0.012
135000.00000000,37.500000000000,0.193012340046,0.193012340046,0.0560044244978,0.012
135060.00000000,37.516666666667,0.192939373449,0.192939373449,0.0559974094728,0.012
135120.00000000,37.533333333333,0.192866494516,0.192866494516,0.0559904080168,0.012
135180.00000000,37.550000000000,0.192793703088,0.192793703088,0.0559834200784,0.012
135240.00000000,37.566666666667,0.192720999004,0.192720999004,0.0559764456069,0.012
135300.00000000,37.583333333333,0.192648382106,0.192648382106,0.0559694845523,0.012
135360.00000000,37.600000000000,0.192575852236,0.192575852236,0.0559625368647,0.012
135420.00000000,37.616666666667,0.192503409234,0.192503409234,0.0559556024953,0.012
135480.00000000,37.633333333333,0.192431052943,0.192431052943,0.0559486813955,0.012
135540.00000000,37.650000000000,0.192358783205,0.192358783205,0.0559417735172,0.012
135600.00000000,37.666666666667,0.192286599863,0.192286599863,0.055934878813,0.012
135660.00000000,37.683333333333,0.19221450276,0.19221450276,0.0559279972358,0.012
135720.00000000,37.700000000000,0.192142491739,0.192142491739,0.0559211287392,0.012
135780.00000000,37.716666666667,0.192070566644,0.192070566644,0.055914273277,0.012
135840.00000000,37.733333333333,0.191998727319,0.191998727319,0.0559074308037,0.012
135900.00000000,37.750000000000,0.191926973608,0.191926973608,0.0559006012741,0.012
135960.00000000,37.766666666667,0.191855305358,0.191855305358,0.0558937846435,0.012
136020.00000000,37.783333333333,0.191783722412,0.191783722412,0.0558869808677,0.012
136080.00000000,37.800000000000,0.191712224616,0.191712224616,0.0558801899028,0.012
136140.00000000,37.816666666667,0.191640811816,0.191640811816,0.0558734117053,0.012
136200.00000000,37.833333333333,0.191569483859,0.191569483859,0.0558666462322,0.012
136260.00000000,37.850000000000,0.191498240591,0.191498240591,0.0558598934409,0.012
136320.00000000,37.866666666667,0.191427081859,0.191427081859,0.0558531532892,0.012
136380.00000000,37.883333333333,0.19135600751,0.19135600751,0.0558464257351,0.012
136440.00000000,37.900000000000,0.191285017392,0.191285017392,0.0558397107372,0.012
136500.00000000,37.916666666667,0.191214111354,0.191214111354,0.0558330082542,0.012
136560.00000000,37.933333333333,0.191143289243,0.191143289243,0.0558263182455,0.012
136620.00000000,37.950000000000,0.191072550908,0.191072550908,0.0558196406706,0.012
136680.00000000,37.966666666667,0.191001896199,0.191001896199,0.0558129754894,0.012
136740.00000000,37.983333333333,0.190931324964,0.190931324964,0.0558063226622,0.012
136800.00000000,38.000000000000,0.190860837054,0.190860837054,0.0557996821495,0.012
136860.00000000,38.016666666667,0.190790432319,0.190790432319,0.0557930539122,0.012
136920.00000000,38.033333333333,0.190720110609,0.190720110609,0.0557864379115,0.012
136980.00000000,38.050000000000,0.190649871775,0.190649871775,0.0557798341089,0.012
137040.00000000,38.066666666667,0.190579715669,0.190579715669,0.0557732424664,0.012
137100.00000000,38.083333333333,0.190509642141,0.190509642141,0.055766662946,0.012
137160.00000000,38.100000000000,0.190439651045,0.190439651045,0.05576009551,0.012
137220.00000000,38.116666666667,0.190369742231,0.190369742231,0.0557535401213,0.012
137280.00000000,38.133333333333,0.190299915553,0.190299915553,0.0557469967429,0.012
137340.00000000,38.150000000000,0.190230170864,0.190230170864,0.0557404653379,0.012
137400.00000000,38.166666666667,0.190160508016,0.190160508016,0.0557339458699,0.012
137460.00000000,38.183333333333,0.190090926865,0.190090926865,0.0557274383028,0.012
137520.00000000,38.200000000000,0.190021427262,0.190021427262,0.0557209426005,0.012
137580.00000000,38.216666666667,0.189952009064,0.189952009064,0.0557144587275,0.012
137640.00000000,38.233333333333,0.189882672124,0.189882672124,0.0557079866484,0.012
137700.00000000,38.250000000000,0.189813416297,0.189813416297,0.0557015263278,0.012
137760.00000000,38.266666666667,0.18974424144,0.18974424144,0.055695077731,0.012
137820.00000000,38.283333333333,0.189675147407,0.189675147407,0.0556886408233,0.012
137880.00000000,38.300000000000,0.189606134055,0.189606134055,0.0556822155702,0.012
137940.00000000,38.316666666667,0.18953720124,0.18953720124,0.0556758019374,0.012
138000.00000000,38.333333333333,0.189468348818,0.189468348818,0.0556693998911,0.012
138060.00000000,38.350000000000,0.189399576648,0.189399576648,0.0556630093975,0.012
138120.00000000,38.366666666667,0.189330884586,0.189330884586,0.0556566304229,0.012
138180.00000000,38.383333333333,0.189262272489,0.189262272489,0.0556502629343,0.012
138240.00000000,38.400000000000,0.189193740217,0.189193740217,0.0556439068983,0.012
138300.00000000,38.416666666667,0.189125287628,0.189125287628,0.0556375622822,0.012
138360.00000000,38.433333333333,0.189056914579,0.189056914579,0.0556312290533,0.012
138420.00000000,38.450000000000,0.188988620931,0.188988620931,0.0556249071791,0.012
138480.00000000,38.466666666667,0.188920406543,0.188920406543,0.0556185966273,0.012
138540.00000000,38.483333333333,0.188852271275,0.188852271275,0.0556122973659,0.012
138600.00000000,38.500000000000,0.188784214986,0.188784214986,0.055606009363,0.012
138660.00000000,38.516666666667,0.188716237537,0.188716237537,0.0555997325869,0.012
138720.00000000,38.533333333333,0.188648338789,0.188648338789,0.0555934670062,0.012
138780.00000000,38.550000000000,0.188580518603,0.188580518603,0.0555872125895,0.012
138840.00000000,38.566666666667,0.188512776841,0.188512776841,0.0555809693058,0.012
138900.00000000,38.583333333333,0.188445113364,0.188445113364,0.055574737124,0.012
138960.00000000,38.600000000000,0.188377528033,0.188377528033,0.0555685160135,0.012
139020.00000000,38.616666666667,0.188310020713,0.188310020713,0.0555623059437,0.012
139080.00000000,38.633333333333,0.188242591265,0.188242591265,0.0555561068842,0.012
139140.00000000,38.650000000000,0.188175239552,0.188175239552,0.0555499188047,0.012
139200.00000000,38.666666666667,0.188107965439,0.188107965439,0.0555437416753,0.012
139260.00000000,38.683333333333,0.188040768788,0.188040768788,0.0555375754659,0.012
139320.00000000,38.700000000000,0.187973649463,0.187973649463,0.055531420147,0.012
139380.00000000,38.716666666667,0.18790660733,0.18790660733,0.0555252756889,0.012
139440.00000000,38.733333333333,0.187839642253,0.187839642253,0.0555191420623,0.012
139500.00000000,38.750000000000,0.187772754096,0.187772754096,0.0555130192379,0.012
139560.00000000,38.766666666667,0.187705942725,0.187705942725,0.0555069071867,0.012
139620.00000000,38.783333333333,0.187639208006,0.187639208006,0.0555008058796,0.012
139680.00000000,38.800000000000,0.187572549805,0.187572549805,0.0554947152881,0.012
139740.00000000,38.816666666667,0.187505967988,0.187505967988,0.0554886353833,0.012
139800.00000000,38.833333333333,0.187439462421,0.187439462421,0.055482566137,0.012
139860.00000000,38.850000000000,0.187373032972,0.187373032972,0.0554765075206,0.012
139920.00000000,38.866666666667,0.187306679508,0.187306679508,0.0554704595062,0.012
139980.00000000,38.883333333333,0.187240401896,0.187240401896,0.0554644220656,0.012
140040.00000000,38.900000000000,0.187174200005,0.187174200005,0.055458395171,0.012
140100.00000000,38.916666666667,0.187108073702,0.187108073702,0.0554523787945,0.012
140160.00000000,38.933333333333,0.187042022856,0.187042022856,0.0554463729087,0.012
140220.00000000,38.950000000000,0.186976047336,0.186976047336,0.055440377486,0.012
140280.00000000,38.966666666667,0.186910147011,0.186910147011,0.0554343924991,0.012
140340.00000000,38.983333333333,0.186844321751,0.186844321751,0.0554284179209,0.012
140400.00000000,39.000000000000,0.186778571424,0.186778571424,0.0554224537241,0.012
140460.00000000,39.016666666667,0.186712895902,0.186712895902,0.055416499882,0.012
140520.00000000,39.033333333333,0.186647295054,0.186647295054,0.0554105563676,0.012
140580.00000000,39.050000000000,0.186581768752,0.186581768752,0.0554046231544,0.012
140640.00000000,39.066666666667,0.186516316866,0.186516316866,0.0553987002157,0.012
140700.00000000,39.083333333333,0.186450939268,0.186450939268,0.0553927875251,0.012
140760.00000000,39.100000000000,0.186385635829,0.186385635829,0.0553868850564,0.012
140820.00000000,39.116666666667,0.186320406421,0.186320406421,0.0553809927833,0.012
140880.00000000,39.133333333333,0.186255250916,0.186255250916,0.0553751106799,0.012
140940.00000000,39.150000000000,0.186190169187,0.186190169187,0.0553692387201,0.012
141000.00000000,39.166666666667,0.186125161107,0.186125161107,0.0553633768781,0.012
141060.00000000,39.183333333333,0.186060226548,0.186060226548,0.0553575251283,0.012
141120.00000000,39.200000000000,0.185995365384,0.185995365384,0.0553516834451,0.012
141180.00000000,39.216666666667,0.18593057749,0.18593057749,0.0553458518029,0.012
141240.00000000,39.233333333333,0.185865862738,0.185865862738,0.0553400301765,0.012
141300.00000000,39.250000000000,0.185801221003,0.185801221003,0.0553342185405,0.012
141360.00000000,39.266666666667,0.18573665216,0.18573665216,0.0553284168699,0.012
141420.00000000,39.283333333333,0.185672156084,0.185672156084,0.0553226251397,0.012
141480.00000000,39.300000000000,0.185607732649,0.185607732649,0.0553168433249,0.012
141540.00000000,39.316666666667,0.185543381732,0.185543381732,0.0553110714007,0.012
141600.00000000,39.333333333333,0.185479103208,0.185479103208,0.0553053093425,0.012
141660.00000000,39.350000000000,0.185414896953,0.185414896953,0.0552995571256,0.012
141720.00000000,39.366666666667,0.185350762843,0.185350762843,0.0552938147256,0.012
141780.00000000,39.383333333333,0.185286700756,0.185286700756,0.0552880821181,0.012
141840.00000000,39.400000000000,0.185222710568,0.185222710568,0.0552823592788,0.012
141900.00000000,39.416666666667,0.185158792155,0.185158792155,0.0552766461836,0.012
141960.00000000,39.433333333333,0.185094945397,0.185094945397,0.0552709428083,0.012
142020.00000000,39.450000000000,0.18503117017,0.18503117017,0.055265249129,0.012
142080.00000000,39.466666666667,0.184967466353,0.184967466353,0.0552595651219,0.012
142140.00000000,39.483333333333,0.184903833824,0.184903833824,0.0552538907632,0.012
142200.00000000,39.500000000000,0.184840272462,0.184840272462,0.0552482260291,0.012
142260.00000000,39.516666666667,0.184776782145,0.184776782145,0.0552425708962,0.012
142320.00000000,39.533333333333,0.184713362753,0.184713362753,0.0552369253409,0.012
142380.00000000,39.550000000000,0.184650014165,0.184650014165,0.0552312893398,0.012
142440.00000000,39.566666666667,0.184586736261,0.184586736261,0.0552256628698,0.012
142500.00000000,39.583333333333,0.184523528921,0.184523528921,0.0552200459075,0.012
142560.00000000,39.600000000000,0.184460392026,0.184460392026,0.0552144384299,0.012
142620.00000000,39.616666666667,0.184397325456,0.184397325456,0.0552088404139,0.012
142680.00000000,39.633333333333,0.184334329092,0.184334329092,0.0552032518367,0.012
142740.00000000,39.650000000000,0.184271402815,0.184271402815,0.0551976726754,0.012
142800.00000000,39.666666666667,0.184208546506,0.184208546506,0.0551921029073,0.012
142860.00000000,39.683333333333,0.184145760047,0.184145760047,0.0551865425097,0.012
142920.00000000,39.700000000000,0.184083043321,0.184083043321,0.05518099146,0.012
142980.00000000,39.716666666667,0.184020396209,0.184020396209,0.0551754497359,0.012
143040.00000000,39.733333333333,0.183957818595,0.183957818595,0.0551699173148,0.012
143100.00000000,39.750000000000,0.183895310359,0.183895310359,0.0551643941746,0.012
143160.00000000,39.766666666667,0.183832871387,0.183832871387,0.0551588802929,0.012
143220.00000000,39.783333333333,0.183770501561,0.183770501561,0.0551533756477,0.012
143280.00000000,39.800000000000,0.183708200765,0.183708200765,0.055147880217,0.012
143340.00000000,39.816666666667,0.183645968882,0.183645968882,0.0551423939786,0.012
143400.00000000,39.833333333333,0.183583805797,0.183583805797,0.0551369169109,0.012
143460.00000000,39.850000000000,0.183521711394,0.183521711394,0.0551314489919,0.012
143520.00000000,39.866666666667,0.183459685558,0.183459685558,0.0551259902,0.012
143580.00000000,39.883333333333,0.183397728174,0.183397728174,0.0551205405135,0.012
143640.00000000,39.900000000000,0.183335839127,0.183335839127,0.0551150999109,0.012
143700.00000000,39.916666666667,0.183274018302,0.183274018302,0.0551096683707,0.012
143760.00000000,39.933333333333,0.183212265585,0.183212265585,0.0551042458715,0.012
143820.00000000,39.950000000000,0.183150580862,0.183150580862,0.0550988323919,0.012
143880.00000000,39.966666666667,0.18308896402,0.18308896402,0.0550934279109,0.012
143940.00000000,39.983333333333,0.183027414944,0.183027414944,0.0550880324071,0.012
144000.00000000,40.000000000000,0.182965933522,0.182965933522,0.0550826458596,0.012
144060.00000000,40.016666666667,0.18290451964,0.18290451964,0.0550772682472,0.012
144120.00000000,40.033333333333,0.182843173187,0.182843173187,0.0550718995492,0.012
144180.00000000,40.050000000000,0.182781894048,0.182781894048,0.0550665397445,0.012
144240.00000000,40.066666666667,0.182720682113,0.182720682113,0.0550611888125,0.012
144300.00000000,40.083333333333,0.182659537269,0.182659537269,0.0550558467324,0.012
144360.00000000,40.100000000000,0.182598459404,0.182598459404,0.0550505134836,0.012
144420.00000000,40.116666666667,0.182537448407,0.182537448407,0.0550451890456,0.012
144480.00000000,40.133333333333,0.182476504167,0.182476504167,0.0550398733978,0.012
144540.00000000,40.150000000000,0.182415626573,0.182415626573,0.0550345665199,0.012
144600.00000000,40.166666666667,0.182354815514,0.182354815514,0.0550292683915,0.012
144660.00000000,40.183333333333,0.182294070879,0.182294070879,0.0550239789923,0.012
144720.00000000,40.200000000000,0.182233392559,0.182233392559,0.0550186983021,0.012
144780.00000000,40.216666666667,0.182172780443,0.182172780443,0.0550134263008,0.012
144840.00000000,40.233333333333,0.182112234421,0.182112234421,0.0550081629684,0.012
144900.00000000,40.250000000000,0.182051754385,0.182051754385,0.0550029082848,0.012
144960.00000000,40.266666666667,0.181991340225,0.181991340225,0.0549976622302,0.012
145020.00000000,40.283333333333,0.181930991832,0.181930991832,0.0549924247846,0.012
145080.00000000,40.300000000000,0.181870709097,0.181870709097,0.0549871959283,0.012
145140.00000000,40.316666666667,0.181810491912,0.181810491912,0.0549819756416,0.012
145200.00000000,40.333333333333,0.181750340169,0.181750340169,0.0549767639049,0.012
145260.00000000,40.350000000000,0.181690253759,0.181690253759,0.0549715606985,0.012
145320.00000000,40.366666666667,0.181630232574,0.181630232574,0.0549663660029,0.012
145380.00000000,40.383333333333,0.181570276508,0.181570276508,0.0549611797987,0.012
145440.00000000,40.400000000000,0.181510385452,0.181510385452,0.0549560020665,0.012
145500.00000000,40.416666666667,0.181450559301,0.181450559301,0.054950832787,0.012
145560.00000000,40.433333333333,0.181390797946,0.181390797946,0.0549456719409,0.012
145620.00000000,40.450000000000,0.181331101281,0.181331101281,0.054940519509,0.012
145680.00000000,40.466666666667,0.181271469201,0.181271469201,0.0549353754722,0.012
145740.00000000,40.483333333333,0.181211901599,0.181211901599,0.0549302398115,0.012
145800.00000000,40.500000000000,0.181152398369,0.181152398369,0.0549251125079,0.012
145860.00000000,40.516666666667,0.181092959405,0.181092959405,0.0549199935423,0.012
145920.00000000,40.533333333333,0.181033584602,0.181033584602,0.054914882896,0.012
145980.00000000,40.550000000000,0.180974273855,0.180974273855,0.0549097805501,0.012
146040.00000000,40.566666666667,0.180915027058,0.180915027058,0.0549046864859,0.012
146100.00000000,40.583333333333,0.180855844108,0.180855844108,0.0548996006846,0.012
146160.00000000,40.600000000000,0.1807967249,0.1807967249,0.0548945231278,0.012
146220.00000000,40.616666666667,0.180737669329,0.180737669329,0.0548894537967,0.012
146280.00000000,40.633333333333,0.180678677292,0.180678677292,0.0548843926729,0.012
146340.00000000,40.650000000000,0.180619748684,0.180619748684,0.0548793397379,0.012
146400.00000000,40.666666666667,0.180560883402,0.180560883402,0.0548742949735,0.012
146460.00000000,40.683333333333,0.180502081343,0.180502081343,0.0548692583611,0.012
146520.00000000,40.700000000000,0.180443342403,0.180443342403,0.0548642298826,0.012
146580.00000000,40.716666666667,0.18038466648,0.18038466648,0.0548592095197,0.012
146640.00000000,40.733333333333,0.180326053471,0.180326053471,0.0548541972544,0.012
146700.00000000,40.750000000000,0.180267503274,0.180267503274,0.0548491930684,0.012
146760.00000000,40.766666666667,0.180209015786,0.180209015786,0.0548441969438,0.012
146820.00000000,40.783333333333,0.180150590906,0.180150590906,0.0548392088627,0.012
146880.00000000,40.800000000000,0.180092228531,0.180092228531,0.054834228807,0.012
146940.00000000,40.816666666667,0.18003392856,0.18003392856,0.0548292567589,0.012
147000.00000000,40.833333333333,0.179975690892,0.179975690892,0.0548242927005,0.012
147060.00000000,40.850000000000,0.179917515426,0.179917515426,0.0548193366143,0.012
147120.00000000,40.866666666667,0.17985940206,0.17985940206,0.0548143884824,0.012
147180.00000000,40.883333333333,0.179801350694,0.179801350694,0.0548094482872,0.012
147240.00000000,40.900000000000,0.179743361228,0.179743361228,0.0548045160112,0.012
147300.00000000,40.916666666667,0.179685433562,0.179685433562,0.0547995916367,0.012
147360.00000000,40.933333333333,0.179627567594,0.179627567594,0.0547946751464,0.012
147420.00000000,40.950000000000,0.179569763226,0.179569763226,0.0547897665227,0.012
147480.00000000,40.966666666667,0.179512020359,0.179512020359,0.0547848657484,0.012
147540.00000000,40.983333333333,0.179454338892,0.179454338892,0.0547799728062,0.012
147600.00000000,41.000000000000,0.179396718726,0.179396718726,0.0547750876787,0.012
147660.00000000,41.016666666667,0.179339159763,0.179339159763,0.0547702103487,0.012
147720.00000000,41.033333333333,0.179281661903,0.179281661903,0.0547653407992,0.012
147780.00000000,41.050000000000,0.179224225049,0.179224225049,0.0547604790129,0.012
147840.00000000,41.066666666667,0.179166849102,0.179166849102,0.054755624973,0.012
147900.00000000,41.083333333333,0.179109533964,0.179109533964,0.0547507786623,0.012
147960.00000000,41.100000000000,0.179052279536,0.179052279536,0.0547459400639,0.012
148020.00000000,41.116666666667,0.178995085722,0.178995085722,0.0547411091609,0.012
148080.00000000,41.133333333333,0.178937952424,0.178937952424,0.0547362859365,0.012
148140.00000000,41.150000000000,0.178880879544,0.178880879544,0.0547314703739,0.012
148200.00000000,41.166666666667,0.178823866986,0.178823866986,0.0547266624564,0.012
148260.00000000,41.183333333333,0.178766914653,0.178766914653,0.0547218621673,0.012
148320.00000000,41.200000000000,0.178710022448,0.178710022448,0.0547170694899,0.012
148380.00000000,41.216666666667,0.178653190274,0.178653190274,0.0547122844076,0.012
148440.00000000,41.233333333333,0.178596418036,0.178596418036,0.054707506904,0.012
148500.00000000,41.250000000000,0.178539705637,0.178539705637,0.0547027369625,0.012
148560.00000000,41.266666666667,0.178483052982,0.178483052982,0.0546979745667,0.012
148620.00000000,41.283333333333,0.178426459975,0.178426459975,0.0546932197002,0.012
148680.00000000,41.300000000000,0.178369926521,0.178369926521,0.0546884723466,0.012
148740.00000000,41.316666666667,0.178313452524,0.178313452524,0.0546837324897,0.012
148800.00000000,41.333333333333,0.178257037889,0.178257037889,0.0546790001133,0.012
148860.00000000,41.350000000000,0.178200682522,0.178200682522,0.054674275201,0.012
148920.00000000,41.366666666667,0.178144386328,0.178144386328,0.0546695577369,0.012
148980.00000000,41.383333333333,0.178088149212,0.178088149212,0.0546648477048,0.012
149040.00000000,41.400000000000,0.178031971081,0.178031971081,0.0546601450886,0.012
149100.00000000,41.416666666667,0.177975851841,0.177975851841,0.0546554498723,0.012
149160.00000000,41.433333333333,0.177919791397,0.177919791397,0.05465076204,0.012
149220.00000000,41.450000000000,0.177863789656,0.177863789656,0.0546460815759,0.012
149280.00000000,41.466666666667,0.177807846525,0.177807846525,0.0546414084639,0.012
149340.00000000,41.483333333333,0.17775196191,0.17775196191,0.0546367426883,0.012
149400.00000000,41.500000000000,0.177696135718,0.177696135718,0.0546320842334,0.012
149460.00000000,41.516666666667,0.177640367858,0.177640367858,0.0546274330833,0.012
149520.00000000,41.533333333333,0.177584658235,0.177584658235,0.0546227892225,0.012
149580.00000000,41.550000000000,0.177529006758,0.177529006758,0.0546181526353,0.012
149640.00000000,41.566666666667,0.177473413334,0.177473413334,0.0546135233061,0.012
149700.00000000,41.583333333333,0.177417877871,0.177417877871,0.0546089012194,0.012
149760.00000000,41.600000000000,0.177362400278,0.177362400278,0.0546042863597,0.012
149820.00000000,41.616666666667,0.177306980463,0.177306980463,0.0545996787115,0.012
149880.00000000,41.633333333333,0.177251618334,0.177251618334,0.0545950782594,0.012
149940.00000000,41.650000000000,0.177196313801,0.177196313801,0.0545904849881,0.012
150000.00000000,41.666666666667,0.177141066771,0.177141066771,0.0545858988823,0.012
150060.00000000,41.683333333333,0.177085877155,0.177085877155,0.0545813199266,0.012
150120.00000000,41.700000000000,0.177030744861,0.177030744861,0.0545767481058,0.012
150180.00000000,41.716666666667,0.176975669799,0.176975669799,0.0545721834049,0.012
150240.00000000,41.733333333333,0.176920651878,0.176920651878,0.0545676258085,0.012
150300.00000000,41.750000000000,0.17686569101,0.17686569101,0.0545630753017,0.012
150360.00000000,41.766666666667,0.176810787103,0.176810787103,0.0545585318694,0.012
150420.00000000,41.783333333333,0.176755940067,0.176755940067,0.0545539954965,0.012
150480.00000000,41.800000000000,0.176701149814,0.176701149814,0.0545494661681,0.012
150540.00000000,41.816666666667,0.176646416254,0.176646416254,0.0545449438693,0.012
150600.00000000,41.833333333333,0.176591739298,0.176591739298,0.0545404285851,0.012
150660.00000000,41.850000000000,0.176537118856,0.176537118856,0.0545359203008,0.012
150720.00000000,41.866666666667,0.176482554841,0.176482554841,0.0545314190015,0.012
150780.00000000,41.883333333333,0.176428047162,0.176428047162,0.0545269246725,0.012
150840.00000000,41.900000000000,0.176373595733,0.176373595733,0.0545224372991,0.012
150900.00000000,41.916666666667,0.176319200463,0.176319200463,0.0545179568666,0.012
150960.00000000,41.933333333333,0.176264861267,0.176264861267,0.0545134833604,0.012
151020.00000000,41.950000000000,0.176210578055,0.176210578055,0.0545090167658,0.012
151080.00000000,41.966666666667,0.17615635074,0.17615635074,0.0545045570683,0.012
151140.00000000,41.983333333333,0.176102179234,0.176102179234,0.0545001042535,0.012
151200.00000000,42.000000000000,0.17604806345,0.17604806345,0.0544956583067,0.012
151260.00000000,42.016666666667,0.175994003301,0.175994003301,0.0544912192137,0.012
151320.00000000,42.033333333333,0.1759399987,0.1759399987,0.0544867869601,0.012
151380.00000000,42.050000000000,0.175886049559,0.175886049559,0.0544823615314,0.012
151440.00000000,42.066666666667,0.175832155793,0.175832155793,0.0544779429134,0.012
151500.00000000,42.083333333333,0.175778317315,0.175778317315,0.0544735310918,0.012
151560.00000000,42.100000000000,0.175724534038,0.175724534038,0.0544691260523,0.012
151620.00000000,42.116666666667,0.175670805877,0.175670805877,0.0544647277809,0.012
151680.00000000,42.133333333333,0.175617132745,0.175617132745,0.0544603362633,0.012
151740.00000000,42.150000000000,0.175563514557,0.175563514557,0.0544559514854,0.012
151800.00000000,42.166666666667,0.175509951228,0.175509951228,0.0544515734332,0.012
151860.00000000,42.183333333333,0.175456442671,0.175456442671,0.0544472020926,0.012
151920.00000000,42.200000000000,0.175402988801,0.175402988801,0.0544428374497,0.012
151980.00000000,42.216666666667,0.175349589535,0.175349589535,0.0544384794904,0.012
152040.00000000,42.233333333333,0.175296244785,0.175296244785,0.054434128201,0.012
152100.00000000,42.250000000000,0.175242954469,0.175242954469,0.0544297835674,0.012
152160.00000000,42.266666666667,0.175189718501,0.175189718501,0.0544254455758,0.012
152220.00000000,42.283333333333,0.175136536798,0.175136536798,0.0544211142125,0.012
152280.00000000,42.300000000000,0.175083409274,0.175083409274,0.0544167894637,0.012
152340.00000000,42.316666666667,0.175030335846,0.175030335846,0.0544124713156,0.012
152400.00000000,42.333333333333,0.17497731643,0.17497731643,0.0544081597547,0.012
152460.00000000,42.350000000000,0.174924350942,0.174924350942,0.0544038547671,0.012
152520.00000000,42.366666666667,0.174871439299,0.174871439299,0.0543995563394,0.012
152580.00000000,42.383333333333,0.174818581418,0.174818581418,0.0543952644579,0.012
152640.00000000,42.400000000000,0.174765777215,0.174765777215,0.054390979109,0.012
152700.00000000,42.416666666667,0.174713026607,0.174713026607,0.0543867002794,0.012
152760.00000000,42.433333333333,0.174660329512,0.174660329512,0.0543824279555,0.012
152820.00000000,42.450000000000,0.174607685847,0.174607685847,0.054378162124,0.012
152880.00000000,42.466666666667,0.17455509553,0.17455509553,0.0543739027713,0.012
152940.00000000,42.483333333333,0.174502558477,0.174502558477,0.0543696498841,0.012
153000.00000000,42.500000000000,0.174450074607,0.174450074607,0.0543654034492,0.012
153060.00000000,42.516666666667,0.174397643838,0.174397643838,0.0543611634533,0.012
153120.00000000,42.533333333333,0.174345266089,0.174345266089,0.054356929883,0.012
153180.00000000,42.550000000000,0.174292941276,0.174292941276,0.0543527027253,0.012
153240.00000000,42.566666666667,0.17424066932,0.17424066932,0.0543484819668,0.012
153300.00000000,42.583333333333,0.174188450138,0.174188450138,0.0543442675946,0.012
153360.00000000,42.600000000000,0.17413628365,0.17413628365,0.0543400595953,0.012
153420.00000000,42.616666666667,0.174084169775,0.174084169775,0.0543358579561,0.012
153480.00000000,42.633333333333,0.174032108431,0.174032108431,0.0543316626639,0.012
153540.00000000,42.650000000000,0.173980099538,0.173980099538,0.0543274737056,0.012
153600.00000000,42.666666666667,0.173928143015,0.173928143015,0.0543232910683,0.012
153660.00000000,42.683333333333,0.173876238783,0.173876238783,0.054319114739,0.012
153720.00000000,42.700000000000,0.173824386761,0.173824386761,0.0543149447049,0.012
153780.00000000,42.716666666667,0.173772586868,0.173772586868,0.0543107809532,0.012
153840.00000000,42.733333333333,0.173720839026,0.173720839026,0.0543066234709,0.012
153900.00000000,42.750000000000,0.173669143154,0.173669143154,0.0543024722452,0.012
153960.00000000,42.766666666667,0.173617499173,0.173617499173,0.0542983272636,0.012
154020.00000000,42.783333333333,0.173565907004,0.173565907004,0.0542941885131,0.012
154080.00000000,42.800000000000,0.173514366566,0.173514366566,0.0542900559811,0.012
154140.00000000,42.816666666667,0.173462877782,0.173462877782,0.054285929655,0.012
154200.00000000,42.833333333333,0.173411440572,0.173411440572,0.054281809522,0.012
154260.00000000,42.850000000000,0.173360054858,0.173360054858,0.0542776955698,0.012
154320.00000000,42.866666666667,0.173308720561,0.173308720561,0.0542735877856,0.012
154380.00000000,42.883333333333,0.173257437602,0.173257437602,0.0542694861569,0.012
154440.00000000,42.900000000000,0.173206205903,0.173206205903,0.0542653906714,0.012
154500.00000000,42.916666666667,0.173155025387,0.173155025387,0.0542613013164,0.012
154560.00000000,42.933333333333,0.173103895975,0.173103895975,0.0542572180796,0.012
154620.00000000,42.950000000000,0.173052817589,0.173052817589,0.0542531409486,0.012
154680.00000000,42.966666666667,0.173001790152,0.173001790152,0.054249069911,0.012
154740.00000000,42.983333333333,0.172950813586,0.172950813586,0.0542450049545,0.012
154800.00000000,43.000000000000,0.172899887814,0.172899887814,0.0542409460669,0.012
154860.00000000,43.016666666667,0.172849012759,0.172849012759,0.0542368932357,0.012
154920.00000000,43.033333333333,0.172798188344,0.172798188344,0.0542328464489,0.012
154980.00000000,43.050000000000,0.172747414491,0.172747414491,0.0542288056942,0.012
155040.00000000,43.066666666667,0.172696691125,0.172696691125,0.0542247709594,0.012
155100.00000000,43.083333333333,0.172646018168,0.172646018168,0.0542207422325,0.012
155160.00000000,43.100000000000,0.172595395544,0.172595395544,0.0542167195012,0.012
155220.00000000,43.116666666667,0.172544823177,0.172544823177,0.0542127027536,0.012
155280.00000000,43.133333333333,0.172494300991,0.172494300991,0.0542086919776,0.012
155340.00000000,43.150000000000,0.172443828909,0.172443828909,0.0542046871612,0.012
155400.00000000,43.166666666667,0.172393406856,0.172393406856,0.0542006882924,0.012
155460.00000000,43.183333333333,0.172343034757,0.172343034757,0.0541966953592,0.012
155520.00000000,43.200000000000,0.172292712536,0.172292712536,0.0541927083498,0.012
155580.00000000,43.216666666667,0.172242440117,0.172242440117,0.0541887272523,0.012
155640.00000000,43.233333333333,0.172192217425,0.172192217425,0.0541847520548,0.012
155700.00000000,43.250000000000,0.172142044385,0.172142044385,0.0541807827454,0.012
155760.00000000,43.266666666667,0.172091920923,0.172091920923,0.0541768193125,0.012
155820.00000000,43.283333333333,0.172041846963,0.172041846963,0.0541728617442,0.012
155880.00000000,43.300000000000,0.17199182243,0.17199182243,0.0541689100288,0.012
155940.00000000,43.316666666667,0.171941847252,0.171941847252,0.0541649641546,0.012
156000.00000000,43.333333333333,0.171891921352,0.171891921352,0.0541610241099,0.012
156060.00000000,43.350000000000,0.171842044657,0.171842044657,0.0541570898831,0.012
156120.00000000,43.366666666667,0.171792217093,0.171792217093,0.0541531614626,0.012
156180.00000000,43.383333333333,0.171742438586,0.171742438586,0.0541492388368,0.012
156240.00000000,43.400000000000,0.171692709062,0.171692709062,0.0541453219942,0.012
156300.00000000,43.416666666667,0.171643028448,0.171643028448,0.0541414109232,0.012
156360.00000000,43.433333333333,0.171593396669,0.171593396669,0.0541375056123,0.012
156420.00000000,43.450000000000,0.171543813654,0.171543813654,0.0541336060501,0.012
156480.00000000,43.466666666667,0.171494279329,0.171494279329,0.0541297122251,0.012
156540.00000000,43.483333333333,0.17144479362,0.17144479362,0.054125824126,0.012
156600.00000000,43.500000000000,0.171395356455,0.171395356455,0.0541219417413,0.012
156660.00000000,43.516666666667,0.171345967761,0.171345967761,0.0541180650598,0.012
156720.00000000,43.533333333333,0.171296627465,0.171296627465,0.0541141940701,0.012
156780.00000000,43.550000000000,0.171247335496,0.171247335496,0.0541103287608,0.012
156840.00000000,43.566666666667,0.17119809178,0.17119809178,0.0541064691209,0.012
156900.00000000,43.583333333333,0.171148896246,0.171148896246,0.0541026151389,0.012
156960.00000000,43.600000000000,0.171099748821,0.171099748821,0.0540987668038,0.012
157020.00000000,43.616666666667,0.171050649435,0.171050649435,0.0540949241043,0.012
157080.00000000,43.633333333333,0.171001598014,0.171001598014,0.0540910870294,0.012
157140.00000000,43.650000000000,0.170952594487,0.170952594487,0.0540872555678,0.012
157200.00000000,43.666666666667,0.170903638783,0.170903638783,0.0540834297085,0.012
157260.00000000,43.683333333333,0.170854730831,0.170854730831,0.0540796094405,0.012
157320.00000000,43.700000000000,0.17080587056,0.17080587056,0.0540757947527,0.012
157380.00000000,43.716666666667,0.170757057897,0.170757057897,0.0540719856341,0.012
157440.00000000,43.733333333333,0.170708292773,0.170708292773,0.0540681820738,0.012
157500.00000000,43.750000000000,0.170659575117,0.170659575117,0.0540643840607,0.012
157560.00000000,43.766666666667,0.170610904858,0.170610904858,0.054060591584,0.012
157620.00000000,43.783333333333,0.170562281925,0.170562281925,0.0540568046327,0.012
157680.00000000,43.800000000000,0.170513706249,0.170513706249,0.0540530231961,0.012
157740.00000000,43.816666666667,0.170465177759,0.170465177759,0.0540492472632,0.012
157800.00000000,43.833333333333,0.170416696384,0.170416696384,0.0540454768233,0.012
157860.00000000,43.850000000000,0.170368262056,0.170368262056,0.0540417118656,0.012
157920.00000000,43.866666666667,0.170319874704,0.170319874704,0.0540379523793,0.012
157980.00000000,43.883333333333,0.170271534258,0.170271534258,0.0540341983536,0.012
158040.00000000,43.900000000000,0.170223240649,0.170223240649,0.054030449778,0.012
158100.00000000,43.916666666667,0.170174993808,0.170174993808,0.0540267066417,0.012
158160.00000000,43.933333333333,0.170126793666,0.170126793666,0.054022968934,0.012
158220.00000000,43.950000000000,0.170078640152,0.170078640152,0.0540192366444,0.012
158280.00000000,43.966666666667,0.170030533199,0.170030533199,0.0540155097622,0.012
158340.00000000,43.983333333333,0.169982472737,0.169982472737,0.0540117882769,0.012
158400.00000000,44.000000000000,0.169934458698,0.169934458698,0.0540080721779,0.012
158460.00000000,44.016666666667,0.169886491013,0.169886491013,0.0540043614547,0.012
158520.00000000,44.033333333333,0.169838569613,0.169838569613,0.0540006560969,0.012
158580.00000000,44.050000000000,0.169790694431,0.169790694431,0.0539969560939,0.012
158640.00000000,44.066666666667,0.169742865397,0.169742865397,0.0539932614353,0.012
158700.00000000,44.083333333333,0.169695082445,0.169695082445,0.0539895721108,0.012
158760.00000000,44.100000000000,0.169647345506,0.169647345506,0.0539858881099,0.012
158820.00000000,44.116666666667,0.169599654512,0.169599654512,0.0539822094222,0.012
158880.00000000,44.133333333333,0.169552009395,0.169552009395,0.0539785360375,0.012
158940.00000000,44.150000000000,0.169504410089,0.169504410089,0.0539748679454,0.012
159000.00000000,44.166666666667,0.169456856525,0.169456856525,0.0539712051357,0.012
159060.00000000,44.183333333333,0.169409348637,0.169409348637,0.053967547598,0.012
159120.00000000,44.200000000000,0.169361886357,0.169361886357,0.0539638953222,0.012
159180.00000000,44.216666666667,0.169314469618,0.169314469618,0.053960248298,0.012
159240.00000000,44.233333333333,0.169267098353,0.169267098353,0.0539566065153,0.012
159300.00000000,44.250000000000,0.169219772496,0.169219772496,0.0539529699639,0.012
159360.00000000,44.266666666667,0.16917249198,0.16917249198,0.0539493386337,0.012
159420.00000000,44.283333333333,0.169125256738,0.169125256738,0.0539457125145,0.012
159480.00000000,44.300000000000,0.169078066704,0.169078066704,0.0539420915964,0.012
159540.00000000,44.316666666667,0.169030921812,0.169030921812,0.0539384758692,0.012
159600.00000000,44.333333333333,0.168983821996,0.168983821996,0.0539348653228,0.012
159660.00000000,44.350000000000,0.168936767189,0.168936767189,0.0539312599474,0.012
159720.00000000,44.366666666667,0.168889757326,0.168889757326,0.0539276597329,0.012
159780.00000000,44.383333333333,0.168842792341,0.168842792341,0.0539240646693,0.012
159840.00000000,44.400000000000,0.168795872169,0.168795872169,0.0539204747467,0.012
159900.00000000,44.416666666667,0.168748996744,0.168748996744,0.0539168899553,0.012
159960.00000000,44.433333333333,0.168702166,0.168702166,0.0539133102851,0.012
160020.00000000,44.450000000000,0.168655379872,0.168655379872,0.0539097357263,0.012
160080.00000000,44.466666666667,0.168608638296,0.168608638296,0.053906166269,0.012
160140.00000000,44.483333333333,0.168561941205,0.168561941205,0.0539026019034,0.012
160200.00000000,44.500000000000,0.168515288537,0.168515288537,0.0538990426197,0.012
160260.00000000,44.516666666667,0.168468680224,0.168468680224,0.0538954884082,0.012
160320.00000000,44.533333333333,0.168422116204,0.168422116204,0.0538919392592,0.012
160380.00000000,44.550000000000,0.168375596412,0.168375596412,0.0538883951628,0.012
160440.00000000,44.566666666667,0.168329120782,0.168329120782,0.0538848561095,0.012
160500.00000000,44.583333333333,0.168282689251,0.168282689251,0.0538813220895,0.012
160560.00000000,44.600000000000,0.168236301755,0.168236301755,0.0538777930932,0.012
160620.00000000,44.616666666667,0.16818995823,0.16818995823,0.0538742691111,0.012
160680.00000000,44.633333333333,0.168143658612,0.168143658612,0.0538707501333,0.012
160740.00000000,44.650000000000,0.168097402837,0.168097402837,0.0538672361506,0.012
160800.00000000,44.666666666667,0.168051190841,0.168051190841,0.0538637271531,0.012
160860.00000000,44.683333333333,0.168005022561,0.168005022561,0.0538602231315,0.012
160920.00000000,44.700000000000,0.167958897934,0.167958897934,0.0538567240762,0.012
160980.00000000,44.716666666667,0.167912816896,0.167912816896,0.0538532299778,0.012
161040.00000000,44.733333333333,0.167866779384,0.167866779384,0.0538497408267,0.012
161100.00000000,44.750000000000,0.167820785335,0.167820785335,0.0538462566136,0.012
161160.00000000,44.766666666667,0.167774834686,0.167774834686,0.053842777329,0.012
161220.00000000,44.783333333333,0.167728927375,0.167728927375,0.0538393029636,0.012
161280.00000000,44.800000000000,0.167683063338,0.167683063338,0.0538358335079,0.012
161340.00000000,44.816666666667,0.167637242514,0.167637242514,0.0538323689527,0.012
161400.00000000,44.833333333333,0.167591464839,0.167591464839,0.0538289092885,0.012
161460.00000000,44.850000000000,0.167545730251,0.167545730251,0.0538254545062,0.012
161520.00000000,44.866666666667,0.167500038689,0.167500038689,0.0538220045964,0.012
161580.00000000,44.883333333333,0.16745439009,0.16745439009,0.0538185595499,0.012
161640.00000000,44.900000000000,0.167408784392,0.167408784392,0.0538151193574,0.012
161700.00000000,44.916666666667,0.167363221533,0.167363221533,0.0538116840097,0.012
161760.00000000,44.933333333333,0.167317701451,0.167317701451,0.0538082534977,0.012
161820.00000000,44.950000000000,0.167272224086,0.167272224086,0.0538048278121,0.012
161880.00000000,44.966666666667,0.167226789375,0.167226789375,0.0538014069439,0.012
161940.00000000,44.983333333333,0.167181397257,0.167181397257,0.0537979908839,0.012
162000.00000000,45.000000000000,0.16713604767,0.16713604767,0.0537945796229,0.012
162060.00000000,45.016666666667,0.167090740555,0.167090740555,0.053791173152,0.012
162120.00000000,45.033333333333,0.167045475848,0.167045475848,0.0537877714621,0.012
162180.00000000,45.050000000000,0.167000253491,0.167000253491,0.0537843745441,0.012
162240.00000000,45.066666666667,0.166955073421,0.166955073421,0.0537809823891,0.012
162300.00000000,45.083333333333,0.166909935578,0.166909935578,0.0537775949879,0.012
162360.00000000,45.100000000000,0.166864839902,0.166864839902,0.0537742123317,0.012
162420.00000000,45.116666666667,0.166819786332,0.166819786332,0.0537708344115,0.012
162480.00000000,45.133333333333,0.166774774808,0.166774774808,0.0537674612184,0.012
162540.00000000,45.150000000000,0.166729805269,0.166729805269,0.0537640927435,0.012
162600.00000000,45.166666666667,0.166684877655,0.166684877655,0.0537607289778,0.012
162660.00000000,45.183333333333,0.166639991907,0.166639991907,0.0537573699126,0.012
162720.00000000,45.200000000000,0.166595147964,0.166595147964,0.053754015539,0.012
162780.00000000,45.216666666667,0.166550345767,0.166550345767,0.0537506658481,0.012
162840.00000000,45.233333333333,0.166505585256,0.166505585256,0.0537473208311,0.012
162900.00000000,45.250000000000,0.166460866372,0.166460866372,0.0537439804794,0.012
162960.00000000,45.266666666667,0.166416189054,0.166416189054,0.0537406447841,0.012
163020.00000000,45.283333333333,0.166371553244,0.166371553244,0.0537373137364,0.012
163080.00000000,45.300000000000,0.166326958882,0.166326958882,0.0537339873277,0.012
163140.00000000,45.316666666667,0.16628240591,0.16628240591,0.0537306655493,0.012
163200.00000000,45.333333333333,0.166237894268,0.166237894268,0.0537273483924,0.012
163260.00000000,45.350000000000,0.166193423897,0.166193423897,0.0537240358485,0.012
163320.00000000,45.366666666667,0.166148994739,0.166148994739,0.0537207279089,0.012
163380.00000000,45.383333333333,0.166104606735,0.166104606735,0.053717424565,0.012
163440.00000000,45.400000000000,0.166060259826,0.166060259826,0.0537141258082,0.012
163500.00000000,45.416666666667,0.166015953954,0.166015953954,0.0537108316298,0.012
163560.00000000,45.433333333333,0.16597168906,0.16597168906,0.0537075420215,0.012
163620.00000000,45.450000000000,0.165927465087,0.165927465087,0.0537042569746,0.012
163680.00000000,45.466666666667,0.165883281976,0.165883281976,0.0537009764805,0.012
163740.00000000,45.483333333333,0.16583913967,0.16583913967,0.053697700531,0.012
163800.00000000,45.500000000000,0.165795038109,0.165795038109,0.0536944291173,0.012
163860.00000000,45.516666666667,0.165750977237,0.165750977237,0.0536911622312,0.012
163920.00000000,45.533333333333,0.165706956996,0.165706956996,0.0536878998641,0.012
163980.00000000,45.550000000000,0.165662977328,0.165662977328,0.0536846420076,0.012
164040.00000000,45.566666666667,0.165619038175,0.165619038175,0.0536813886535,0.012
164100.00000000,45.583333333333,0.165575139481,0.165575139481,0.0536781397932,0.012
164160.00000000,45.600000000000,0.165531281188,0.165531281188,0.0536748954184,0.012
164220.00000000,45.616666666667,0.165487463238,0.165487463238,0.0536716555208,0.012
164280.00000000,45.633333333333,0.165443685576,0.165443685576,0.0536684200921,0.012
164340.00000000,45.650000000000,0.165399948143,0.165399948143,0.053665189124,0.012
164400.00000000,45.666666666667,0.165356250884,0.165356250884,0.0536619626081,0.012
164460.00000000,45.683333333333,0.16531259374,0.16531259374,0.0536587405364,0.012
164520.00000000,45.700000000000,0.165268976656,0.165268976656,0.0536555229004,0.012
164580.00000000,45.716666666667,0.165225399576,0.165225399576,0.053652309692,0.012
164640.00000000,45.733333333333,0.165181862442,0.165181862442,0.0536491009031,0.012
164700.00000000,45.750000000000,0.165138365198,0.165138365198,0.0536458965253,0.012
164760.00000000,45.766666666667,0.165094907789,0.165094907789,0.0536426965506,0.012
164820.00000000,45.783333333333,0.165051490157,0.165051490157,0.0536395009708,0.012
164880.00000000,45.800000000000,0.165008112248,0.165008112248,0.0536363097778,0.012
164940.00000000,45.816666666667,0.164964774005,0.164964774005,0.0536331229635,0.012
165000.00000000,45.833333333333,0.164921475372,0.164921475372,0.0536299405197,0.012
165060.00000000,45.850000000000,0.164878216294,0.164878216294,0.0536267624386,0.012
165120.00000000,45.866666666667,0.164834996714,0.164834996714,0.0536235887119,0.012
165180.00000000,45.883333333333,0.164791816579,0.164791816579,0.0536204193316,0.012
165240.00000000,45.900000000000,0.164748675831,0.164748675831,0.0536172542898,0.012
165300.00000000,45.916666666667,0.164705574416,0.164705574416,0.0536140935785,0.012
165360.00000000,45.933333333333,0.164662512279,0.164662512279,0.0536109371897,0.012
165420.00000000,45.950000000000,0.164619489365,0.164619489365,0.0536077851154,0.012
165480.00000000,45.966666666667,0.164576505618,0.164576505618,0.0536046373476,0.012
165540.00000000,45.983333333333,0.164533560984,0.164533560984,0.0536014938786,0.012
165600.00000000,46.000000000000,0.164490655408,0.164490655408,0.0535983547004,0.012
165660.00000000,46.016666666667,0.164447788835,0.164447788835,0.053595219805,0.012
165720.00000000,46.033333333333,0.164404961211,0.164404961211,0.0535920891847,0.012
165780.00000000,46.050000000000,0.164362172481,0.164362172481,0.0535889628316,0.012
165840.00000000,46.066666666667,0.164319422592,0.164319422592,0.0535858407378,0.012
165900.00000000,46.083333333333,0.164276711487,0.164276711487,0.0535827228956,0.012
165960.00000000,46.100000000000,0.164234039114,0.164234039114,0.0535796092972,0.012
166020.00000000,46.116666666667,0.164191405418,0.164191405418,0.0535764999348,0.012
166080.00000000,46.133333333333,0.164148810346,0.164148810346,0.0535733948006,0.012
166140.00000000,46.150000000000,0.164106253843,0.164106253843,0.053570293887,0.012
166200.00000000,46.166666666667,0.164063735856,0.164063735856,0.0535671971861,0.012
166260.00000000,46.183333333333,0.164021256331,0.164021256331,0.0535641046903,0.012
166320.00000000,46.200000000000,0.163978815214,0.163978815214,0.053561016392,0.012
166380.00000000,46.216666666667,0.163936412452,0.163936412452,0.0535579322833,0.012
166440.00000000,46.233333333333,0.163894047992,0.163894047992,0.0535548523568,0.012
166500.00000000,46.250000000000,0.16385172178,0.16385172178,0.0535517766047,0.012
166560.00000000,46.266666666667,0.163809433763,0.163809433763,0.0535487050195,0.012
166620.00000000,46.283333333333,0.163767183888,0.163767183888,0.0535456375936,0.012
166680.00000000,46.300000000000,0.163724972102,0.163724972102,0.0535425743193,0.012
166740.00000000,46.316666666667,0.163682798352,0.163682798352,0.0535395151892,0.012
166800.00000000,46.333333333333,0.163640662586,0.163640662586,0.0535364601956,0.012
166860.00000000,46.350000000000,0.16359856475,0.16359856475,0.0535334093311,0.012
166920.00000000,46.366666666667,0.163556504792,0.163556504792,0.0535303625882,0.012
166980.00000000,46.383333333333,0.163514482659,0.163514482659,0.0535273199593,0.012
167040.00000000,46.400000000000,0.163472498299,0.163472498299,0.053524281437,0.012
167100.00000000,46.416666666667,0.16343055166,0.16343055166,0.0535212470138,0.012
167160.00000000,46.433333333333,0.16338864269,0.16338864269,0.0535182166823,0.012
167220.00000000,46.450000000000,0.163346771336,0.163346771336,0.0535151904351,0.012
167280.00000000,46.466666666667,0.163304937546,0.163304937546,0.0535121682647,0.012
167340.00000000,46.483333333333,0.163263141269,0.163263141269,0.0535091501638,0.012
167400.00000000,46.500000000000,0.163221382452,0.163221382452,0.053506136125,0.012
167460.00000000,46.516666666667,0.163179661044,0.163179661044,0.053503126141,0.012
167520.00000000,46.533333333333,0.163137976993,0.163137976993,0.0535001202043,0.012
167580.00000000,46.550000000000,0.163096330247,0.163096330247,0.0534971183078,0.012
167640.00000000,46.566666666667,0.163054720756,0.163054720756,0.053494120444,0.012
167700.00000000,46.583333333333,0.163013148467,0.163013148467,0.0534911266057,0.012
167760.00000000,46.600000000000,0.16297161333,0.16297161333,0.0534881367856,0.012
167820.00000000,46.616666666667,0.162930115293,0.162930115293,0.0534851509765,0.012
167880.00000000,46.633333333333,0.162888654304,0.162888654304,0.0534821691712,0.012
167940.00000000,46.650000000000,0.162847230315,0.162847230315,0.0534791913623,0.012
168000.00000000,46.666666666667,0.162805843272,0.162805843272,0.0534762175428,0.012
168060.00000000,46.683333333333,0.162764493125,0.162764493125,0.0534732477053,0.012
168120.00000000,46.700000000000,0.162723179825,0.162723179825,0.0534702818428,0.012
168180.00000000,46.716666666667,0.162681903319,0.162681903319,0.0534673199481,0.012
168240.00000000,46.733333333333,0.162640663558,0.162640663558,0.053464362014,0.012
168300.00000000,46.750000000000,0.16259946049,0.16259946049,0.0534614080334,0.012
168360.00000000,46.766666666667,0.162558294067,0.162558294067,0.0534584579992,0.012
168420.00000000,46.783333333333,0.162517164236,0.162517164236,0.0534555119044,0.012
168480.00000000,46.800000000000,0.162476070949,0.162476070949,0.0534525697417,0.012
168540.00000000,46.816666666667,0.162435014155,0.162435014155,0.0534496315043,0.012
168600.00000000,46.833333333333,0.162393993804,0.162393993804,0.053446697185,0.012
168660.00000000,46.850000000000,0.162353009847,0.162353009847,0.0534437667768,0.012
168720.00000000,46.866666666667,0.162312062232,0.162312062232,0.0534408402727,0.012
168780.00000000,46.883333333333,0.162271150911,0.162271150911,0.0534379176657,0.012
168840.00000000,46.900000000000,0.162230275835,0.162230275835,0.0534349989488,0.012
168900.00000000,46.916666666667,0.162189436952,0.162189436952,0.0534320841151,0.012
168960.00000000,46.933333333333,0.162148634215,0.162148634215,0.0534291731575,0.012
169020.00000000,46.950000000000,0.162107867573,0.162107867573,0.0534262660693,0.012
169080.00000000,46.966666666667,0.162067136978,0.162067136978,0.0534233628433,0.012
169140.00000000,46.983333333333,0.16202644238,0.16202644238,0.0534204634729,0.012
169200.00000000,47.000000000000,0.161985783729,0.161985783729,0.0534175679509,0.012
169260.00000000,47.016666666667,0.161945160978,0.161945160978,0.0534146762707,0.012
169320.00000000,47.033333333333,0.161904574077,0.161904574077,0.0534117884253,0.012
169380.00000000,47.050000000000,0.161864022977,0.161864022977,0.0534089044079,0.012
169440.00000000,47.066666666667,0.161823507629,0.161823507629,0.0534060242117,0.012
169500.00000000,47.083333333333,0.161783027986,0.161783027986,0.0534031478298,0.012
169560.00000000,47.100000000000,0.161742583997,0.161742583997,0.0534002752554,0.012
169620.00000000,47.116666666667,0.161702175615,0.161702175615,0.0533974064819,0.012
169680.00000000,47.133333333333,0.161661802792,0.161661802792,0.0533945415024,0.012
169740.00000000,47.150000000000,0.161621465479,0.161621465479,0.0533916803101,0.012
169800.00000000,47.166666666667,0.161581163627,0.161581163627,0.0533888228983,0.012
169860.00000000,47.183333333333,0.161540897189,0.161540897189,0.0533859692604,0.012
169920.00000000,47.200000000000,0.161500666117,0.161500666117,0.0533831193896,0.012
169980.00000000,47.216666666667,0.161460470362,0.161460470362,0.0533802732792,0.012
170040.00000000,47.233333333333,0.161420309877,0.161420309877,0.0533774309225,0.012
170100.00000000,47.250000000000,0.161380184614,0.161380184614,0.0533745923129,0.012
170160.00000000,47.266666666667,0.161340094525,0.161340094525,0.0533717574438,0.012
170220.00000000,47.283333333333,0.161300039562,0.161300039562,0.0533689263085,0.012
170280.00000000,47.300000000000,0.161260019679,0.161260019679,0.0533660989003,0.012
170340.00000000,47.316666666667,0.161220034827,0.161220034827,0.0533632752128,0.012
170400.00000000,47.333333333333,0.161180084959,0.161180084959,0.0533604552392,0.012
170460.00000000,47.350000000000,0.161140170029,0.161140170029,0.0533576389731,0.012
170520.00000000,47.366666666667,0.161100289988,0.161100289988,0.0533548264079,0.012
170580.00000000,47.383333333333,0.161060444789,0.161060444789,0.053352017537,0.012
170640.00000000,47.400000000000,0.161020634386,0.161020634386,0.0533492123539,0.012
170700.00000000,47.416666666667,0.160980858732,0.160980858732,0.0533464108521,0.012
170760.00000000,47.433333333333,0.160941117779,0.160941117779,0.0533436130251,0.012
170820.00000000,47.450000000000,0.160901411481,0.160901411481,0.0533408188664,0.012
170880.00000000,47.466666666667,0.160861739791,0.160861739791,0.0533380283696,0.012
170940.00000000,47.483333333333,0.160822102663,0.160822102663,0.0533352415281,0.012
171000.00000000,47.500000000000,0.16078250005,0.16078250005,0.0533324583356,0.012
171060.00000000,47.516666666667,0.160742931906,0.160742931906,0.0533296787857,0.012
171120.00000000,47.533333333333,0.160703398184,0.160703398184,0.0533269028718,0.012
171180.00000000,47.550000000000,0.160663898837,0.160663898837,0.0533241305876,0.012
171240.00000000,47.566666666667,0.160624433821,0.160624433821,0.0533213619268,0.012
171300.00000000,47.583333333333,0.160585003088,0.160585003088,0.0533185968829,0.012
171360.00000000,47.600000000000,0.160545606592,0.160545606592,0.0533158354496,0.012
171420.00000000,47.616666666667,0.160506244288,0.160506244288,0.0533130776205,0.012
171480.00000000,47.633333333333,0.16046691613,0.16046691613,0.0533103233894,0.012
171540.00000000,47.650000000000,0.160427622071,0.160427622071,0.0533075727499,0.012
171600.00000000,47.666666666667,0.160388362067,0.160388362067,0.0533048256958,0.012
171660.00000000,47.683333333333,0.160349136072,0.160349136072,0.0533020822206,0.012
171720.00000000,47.700000000000,0.160309944039,0.160309944039,0.0532993423182,0.012
171780.00000000,47.716666666667,0.160270785924,0.160270785924,0.0532966059823,0.012
171840.00000000,47.733333333333,0.16023166168,0.16023166168,0.0532938732066,0.012
171900.00000000,47.750000000000,0.160192571264,0.160192571264,0.053291143985,0.012
171960.00000000,47.766666666667,0.160153514629,0.160153514629,0.0532884183111,0.012
172020.00000000,47.783333333333,0.160114491731,0.160114491731,0.0532856961789,0.012
172080.00000000,47.800000000000,0.160075502524,0.160075502524,0.053282977582,0.012
172140.00000000,47.816666666667,0.160036546963,0.160036546963,0.0532802625144,0.012
172200.00000000,47.833333333333,0.159997625003,0.159997625003,0.0532775509699,0.012
172260.00000000,47.850000000000,0.1599587366,0.1599587366,0.0532748429422,0.012
172320.00000000,47.866666666667,0.159919881709,0.159919881709,0.0532721384254,0.012
172380.00000000,47.883333333333,0.159881060285,0.159881060285,0.0532694374132,0.012
172440.00000000,47.900000000000,0.159842272284,0.159842272284,0.0532667398995,0.012
172500.00000000,47.916666666667,0.15980351766,0.15980351766,0.0532640458783,0.012
172560.00000000,47.933333333333,0.15976479637,0.15976479637,0.0532613553435,0.012
172620.00000000,47.950000000000,0.159726108369,0.159726108369,0.053258668289,0.012
172680.00000000,47.966666666667,0.159687453613,0.159687453613,0.0532559847087,0.012
172740.00000000,47.983333333333,0.159648832058,0.159648832058,0.0532533045966,0.012
172800.00000000,48.000000000000,0.159610243659,0.159610243659,0.0532506279466,0.012
172860.00000000,48.016666666667,0.159571688373,0.159571688373,0.0532479547529,0.012
172920.00000000,48.033333333333,0.159533166155,0.159533166155,0.0532452850092,0.012
172980.00000000,48.050000000000,0.159494676962,0.159494676962,0.0532426187098,0.012
173040.00000000,48.066666666667,0.159456220749,0.159456220749,0.0532399558485,0.012
173100.00000000,48.083333333333,0.159417797474,0.159417797474,0.0532372964194,0.012
173160.00000000,48.100000000000,0.159379407092,0.159379407092,0.0532346404166,0.012
173220.00000000,48.116666666667,0.159341049559,0.159341049559,0.0532319878341,0.012
173280.00000000,48.133333333333,0.159302724833,0.159302724833,0.053229338666,0.012
173340.00000000,48.150000000000,0.15926443287,0.15926443287,0.0532266929064,0.012
173400.00000000,48.166666666667,0.159226173626,0.159226173626,0.0532240505494,0.012
173460.00000000,48.183333333333,0.159187947058,0.159187947058,0.0532214115891,0.012
173520.00000000,48.200000000000,0.159149753123,0.159149753123,0.0532187760197,0.012
173580.00000000,48.216666666667,0.159111591778,0.159111591778,0.0532161438351,0.012
173640.00000000,48.233333333333,0.15907346298,0.15907346298,0.0532135150297,0.012
173700.00000000,48.250000000000,0.159035366685,0.159035366685,0.0532108895976,0.012
173760.00000000,48.266666666667,0.158997302852,0.158997302852,0.053208267533,0.012
173820.00000000,48.283333333333,0.158959271436,0.158959271436,0.05320564883,0.012
173880.00000000,48.300000000000,0.158921272395,0.158921272395,0.0532030334828,0.012
173940.00000000,48.316666666667,0.158883305687,0.158883305687,0.0532004214857,0.012
174000.00000000,48.333333333333,0.158845371269,0.158845371269,0.0531978128329,0.012
174060.00000000,48.350000000000,0.158807469098,0.158807469098,0.0531952075186,0.012
174120.00000000,48.366666666667,0.158769599132,0.158769599132,0.053192605537,0.012
174180.00000000,48.383333333333,0.158731761329,0.158731761329,0.0531900068826,0.012
174240.00000000,48.400000000000,0.158693955646,0.158693955646,0.0531874115494,0.012
174300.00000000,48.416666666667,0.158656182041,0.158656182041,0.0531848195319,0.012
174360.00000000,48.433333333333,0.158618440471,0.158618440471,0.0531822308242,0.012
174420.00000000,48.450000000000,0.158580730896,0.158580730896,0.0531796454208,0.012
174480.00000000,48.466666666667,0.158543053271,0.158543053271,0.053177063316,0.012
174540.00000000,48.483333333333,0.158505407557,0.158505407557,0.053174484504,0.012
174600.00000000,48.500000000000,0.158467793711,0.158467793711,0.0531719089792,0.012
174660.00000000,48.516666666667,0.15843021169,0.15843021169,0.0531693367361,0.012
174720.00000000,48.533333333333,0.158392661454,0.158392661454,0.0531667677689,0.012
174780.00000000,48.550000000000,0.15835514296,0.15835514296,0.0531642020721,0.012
174840.00000000,48.566666666667,0.158317656168,0.158317656168,0.05316163964,0.012
174900.00000000,48.583333333333,0.158280201035,0.158280201035,0.0531590804671,0.012
174960.00000000,48.600000000000,0.15824277752,0.15824277752,0.0531565245478,0.012
175020.00000000,48.616666666667,0.158205385581,0.158205385581,0.0531539718765,0.012
175080.00000000,48.633333333333,0.158168025179,0.158168025179,0.0531514224477,0.012
175140.00000000,48.650000000000,0.15813069627,0.15813069627,0.0531488762558,0.012
175200.00000000,48.666666666667,0.158093398814,0.158093398814,0.0531463332953,0.012
175260.00000000,48.683333333333,0.158056132771,0.158056132771,0.0531437935607,0.012
175320.00000000,48.700000000000,0.158018898098,0.158018898098,0.0531412570465,0.012
175380.00000000,48.716666666667,0.157981694755,0.157981694755,0.0531387237471,0.012
175440.00000000,48.733333333333,0.157944522701,0.157944522701,0.0531361936571,0.012
175500.00000000,48.750000000000,0.157907381896,0.157907381896,0.0531336667711,0.012
175560.00000000,48.766666666667,0.157870272298,0.157870272298,0.0531311430835,0.012
175620.00000000,48.783333333333,0.157833193867,0.157833193867,0.053128622589,0.012
175680.00000000,48.800000000000,0.157796146562,0.157796146562,0.053126105282,0.012
175740.00000000,48.816666666667,0.157759130343,0.157759130343,0.0531235911572,0.012
175800.00000000,48.833333333333,0.15772214517,0.15772214517,0.0531210802091,0.012
175860.00000000,48.850000000000,0.157685191001,0.157685191001,0.0531185724324,0.012
175920.00000000,48.866666666667,0.157648267797,0.157648267797,0.0531160678216,0.012
175980.00000000,48.883333333333,0.157611375518,0.157611375518,0.0531135663714,0.012
176040.00000000,48.900000000000,0.157574514122,0.157574514122,0.0531110680765,0.012
176100.00000000,48.916666666667,0.157537683571,0.157537683571,0.0531085729313,0.012
176160.00000000,48.933333333333,0.157500883824,0.157500883824,0.0531060809307,0.012
176220.00000000,48.950000000000,0.157464114841,0.157464114841,0.0531035920693,0.012
176280.00000000,48.966666666667,0.157427376582,0.157427376582,0.0531011063417,0.012
176340.00000000,48.983333333333,0.157390669007,0.157390669007,0.0530986237426,0.012
176400.00000000,49.000000000000,0.157353992077,0.157353992077,0.0530961442668,0.012
176460.00000000,49.016666666667,0.157317345752,0.157317345752,0.053093667909,0.012
176520.00000000,49.033333333333,0.157280729992,0.157280729992,0.0530911946638,0.012
176580.00000000,49.050000000000,0.157244144758,0.157244144758,0.0530887245261,0.012
176640.00000000,49.066666666667,0.15720759001,0.15720759001,0.0530862574905,0.012
176700.00000000,49.083333333333,0.157171065709,0.157171065709,0.0530837935518,0.012
176760.00000000,49.100000000000,0.157134571816,0.157134571816,0.0530813327048,0.012
176820.00000000,49.116666666667,0.157098108291,0.157098108291,0.0530788749443,0.012
176880.00000000,49.133333333333,0.157061675094,0.157061675094,0.0530764202651,0.012
176940.00000000,49.150000000000,0.157025272188,0.157025272188,0.0530739686619,0.012
177000.00000000,49.166666666667,0.156988899532,0.156988899532,0.0530715201296,0.012
177060.00000000,49.183333333333,0.156952557087,0.156952557087,0.053069074663,0.012
177120.00000000,49.200000000000,0.156916244816,0.156916244816,0.0530666322569,0.012
177180.00000000,49.216666666667,0.156879962678,0.156879962678,0.0530641929061,0.012
177240.00000000,49.233333333333,0.156843710636,0.156843710636,0.0530617566057,0.012
177300.00000000,49.250000000000,0.15680748865,0.15680748865,0.0530593233503,0.012
177360.00000000,49.266666666667,0.156771296681,0.156771296681,0.0530568931348,0.012
177420.00000000,49.283333333333,0.156735134691,0.156735134691,0.0530544659543,0.012
177480.00000000,49.300000000000,0.156699002642,0.156699002642,0.0530520418035,0.012
177540.00000000,49.316666666667,0.156662900494,0.156662900494,0.0530496206774,0.012
177600.00000000,49.333333333333,0.156626828211,0.156626828211,0.0530472025708,0.012
177660.00000000,49.350000000000,0.156590785752,0.156590785752,0.0530447874788,0.012
177720.00000000,49.366666666667,0.15655477308,0.15655477308,0.0530423753963,0.012
177780.00000000,49.383333333333,0.156518790157,0.156518790157,0.0530399663182,0.012
177840.00000000,49.400000000000,0.156482836944,0.156482836944,0.0530375602394,0.012
177900.00000000,49.416666666667,0.156446913403,0.156446913403,0.0530351571551,0.012
177960.00000000,49.433333333333,0.156411019497,0.156411019497,0.05303275706,0.012
178020.00000000,49.450000000000,0.156375155187,0.156375155187,0.0530303599493,0.012
178080.00000000,49.466666666667,0.156339320436,0.156339320436,0.0530279658179,0.012
178140.00000000,49.483333333333,0.156303515205,0.156303515205,0.0530255746609,0.012
178200.00000000,49.500000000000,0.156267739458,0.156267739458,0.0530231864733,0.012
178260.00000000,49.516666666667,0.156231993155,0.156231993155,0.0530208012501,0.012
178320.00000000,49.533333333333,0.156196276259,0.156196276259,0.0530184189864,0.012
178380.00000000,49.550000000000,0.156160588734,0.156160588734,0.0530160396771,0.012
178440.00000000,49.566666666667,0.156124930541,0.156124930541,0.0530136633175,0.012
178500.00000000,49.583333333333,0.156089301643,0.156089301643,0.0530112899026,0.012
178560.00000000,49.600000000000,0.156053702002,0.156053702002,0.0530089194274,0.012
178620.00000000,49.616666666667,0.156018131582,0.156018131582,0.053006551887,0.012
178680.00000000,49.633333333333,0.155982590345,0.155982590345,0.0530041872767,0.012
178740.00000000,49.650000000000,0.155947078253,0.155947078253,0.0530018255914,0.012
178800.00000000,49.666666666667,0.15591159527,0.15591159527,0.0529994668263,0.012
178860.00000000,49.683333333333,0.155876141358,0.155876141358,0.0529971109766,0.012
178920.00000000,49.700000000000,0.155840716481,0.155840716481,0.0529947580374,0.012
178980.00000000,49.716666666667,0.155805320601,0.155805320601,0.0529924080038,0.012
179040.00000000,49.733333333333,0.155769953682,0.155769953682,0.0529900608711,0.012
179100.00000000,49.750000000000,0.155734615687,0.155734615687,0.0529877166344,0.012
179160.00000000,49.766666666667,0.155699306579,0.155699306579,0.0529853752889,0.012
179220.00000000,49.783333333333,0.155664026321,0.155664026321,0.0529830368298,0.012
179280.00000000,49.800000000000,0.155628774877,0.155628774877,0.0529807012523,0.012
179340.00000000,49.816666666667,0.155593552211,0.155593552211,0.0529783685517,0.012
179400.00000000,49.833333333333,0.155558358284,0.155558358284,0.0529760387231,0.012
179460.00000000,49.850000000000,0.155523193062,0.155523193062,0.0529737117618,0.012
179520.00000000,49.866666666667,0.155488056508,0.155488056508,0.052971387663,0.012
179580.00000000,49.883333333333,0.155452948585,0.155452948585,0.0529690664221,0.012
179640.00000000,49.900000000000,0.155417869257,0.155417869257,0.0529667480342,0.012
179700.00000000,49.916666666667,0.155382818488,0.155382818488,0.0529644324948,0.012
179760.00000000,49.933333333333,0.155347796242,0.155347796242,0.0529621197989,0.012
179820.00000000,49.950000000000,0.155312802483,0.155312802483,0.052959809942,0.012
179880.00000000,49.966666666667,0.155277837174,0.155277837174,0.0529575029194,0.012
179940.00000000,49.983333333333,0.15524290028,0.15524290028,0.0529551987263,0.012
180000.00000000,50.000000000000,0.155207991764,0.155207991764,0.0529528973581,0.012
180060.00000000,50.016666666667,0.155173111592,0.155173111592,0.0529505988102,0.012
180120.00000000,50.033333333333,0.155138259727,0.155138259727,0.0529483030778,0.012
180180.00000000,50.050000000000,0.155103436133,0.155103436133,0.0529460101564,0.012
180240.00000000,50.066666666667,0.155068640775,0.155068640775,0.0529437200413,0.012
180300.00000000,50.083333333333,0.155033873617,0.155033873617,0.0529414327279,0.012
180360.00000000,50.100000000000,0.154999134624,0.154999134624,0.0529391482115,0.012
180420.00000000,50.116666666667,0.15496442376,0.15496442376,0.0529368664876,0.012
180480.00000000,50.133333333333,0.154929740989,0.154929740989,0.0529345875516,0.012
180540.00000000,50.150000000000,0.154895086277,0.154895086277,0.0529323113989,0.012
180600.00000000,50.166666666667,0.154860459588,0.154860459588,0.0529300380248,0.012
180660.00000000,50.183333333333,0.154825860886,0.154825860886,0.0529277674249,0.012
180720.00000000,50.200000000000,0.154791290137,0.154791290137,0.0529254995946,0.012
180780.00000000,50.216666666667,0.154756747306,0.154756747306,0.0529232345293,0.012
180840.00000000,50.233333333333,0.154722232356,0.154722232356,0.0529209722245,0.012
180900.00000000,50.250000000000,0.154687745254,0.154687745254,0.0529187126756,0.012
180960.00000000,50.266666666667,0.154653285965,0.154653285965,0.0529164558782,0.012
181020.00000000,50.283333333333,0.154618854453,0.154618854453,0.0529142018278,0.012
181080.00000000,50.300000000000,0.154584450683,0.154584450683,0.0529119505197,0.012
181140.00000000,50.316666666667,0.154550074621,0.154550074621,0.0529097019496,0.012
181200.00000000,50.333333333333,0.154515726233,0.154515726233,0.0529074561129,0.012
181260.00000000,50.350000000000,0.154481405482,0.154481405482,0.0529052130052,0.012
181320.00000000,50.366666666667,0.154447112336,0.154447112336,0.052902972622,0.012
181380.00000000,50.383333333333,0.154412846759,0.154412846759,0.0529007349589,0.012
181440.00000000,50.400000000000,0.154378608716,0.154378608716,0.0528985000114,0.012
181500.00000000,50.416666666667,0.154344398174,0.154344398174,0.052896267775,0.012
181560.00000000,50.433333333333,0.154310215098,0.154310215098,0.0528940382454,0.012
181620.00000000,50.450000000000,0.154276059453,0.154276059453,0.0528918114181,0.012
181680.00000000,50.466666666667,0.154241931206,0.154241931206,0.0528895872887,0.012
181740.00000000,50.483333333333,0.154207830322,0.154207830322,0.0528873658529,0.012
181800.00000000,50.500000000000,0.154173756767,0.154173756767,0.0528851471061,0.012
181860.00000000,50.516666666667,0.154139710507,0.154139710507,0.0528829310441,0.012
181920.00000000,50.533333333333,0.154105691507,0.154105691507,0.0528807176624,0.012
181980.00000000,50.550000000000,0.154071699735,0.154071699735,0.0528785069567,0.012
182040.00000000,50.566666666667,0.154037735155,0.154037735155,0.0528762989226,0.012
182100.00000000,50.583333333333,0.154003797734,0.154003797734,0.0528740935559,0.012
182160.00000000,50.600000000000,0.153969887439,0.153969887439,0.0528718908521,0.012
182220.00000000,50.616666666667,0.153936004235,0.153936004235,0.0528696908069,0.012
182280.00000000,50.633333333333,0.153902148089,0.153902148089,0.052867493416,0.012
182340.00000000,50.650000000000,0.153868318967,0.153868318967,0.052865298675,0.012
182400.00000000,50.666666666667,0.153834516835,0.153834516835,0.0528631065798,0.012
182460.00000000,50.683333333333,0.153800741661,0.153800741661,0.0528609171259,0.012
182520.00000000,50.700000000000,0.153766993409,0.153766993409,0.0528587303091,0.012
182580.00000000,50.716666666667,0.153733272049,0.153733272049,0.0528565461252,0.012
182640.00000000,50.733333333333,0.153699577544,0.153699577544,0.0528543645698,0.012
182700.00000000,50.750000000000,0.153665909863,0.153665909863,0.0528521856387,0.012
182760.00000000,50.766666666667,0.153632268973,0.153632268973,0.0528500093276,0.012
182820.00000000,50.783333333333,0.153598654839,0.153598654839,0.0528478356323,0.012
182880.00000000,50.800000000000,0.153565067429,0.153565067429,0.0528456645485,0.012
182940.00000000,50.816666666667,0.153531506709,0.153531506709,0.0528434960721,0.012
183000.00000000,50.833333333333,0.153497972647,0.153497972647,0.0528413301989,0.012
183060.00000000,50.850000000000,0.15346446521,0.15346446521,0.0528391669245,0.012
183120.00000000,50.866666666667,0.153430984365,0.153430984365,0.0528370062448,0.012
183180.00000000,50.883333333333,0.153397530078,0.153397530078,0.0528348481556,0.012
183240.00000000,50.900000000000,0.153364102317,0.153364102317,0.0528326926528,0.012
183300.00000000,50.916666666667,0.15333070105,0.15333070105,0.0528305397321,0.012
183360.00000000,50.933333333333,0.153297326243,0.153297326243,0.0528283893894,0.012
183420.00000000,50.950000000000,0.153263977864,0.153263977864,0.0528262416206,0.012
183480.00000000,50.966666666667,0.15323065588,0.15323065588,0.0528240964214,0.012
183540.00000000,50.983333333333,0.153197360259,0.153197360259,0.0528219537877,0.012
183600.00000000,51.000000000000,0.153164090968,0.153164090968,0.0528198137155,0.012
183660.00000000,51.016666666667,0.153130847975,0.153130847975,0.0528176762005,0.012
183720.00000000,51.033333333333,0.153097631247,0.153097631247,0.0528155412387,0.012
183780.00000000,51.050000000000,0.153064440751,0.153064440751,0.052813408826,0.012
183840.00000000,51.066666666667,0.153031276457,0.153031276457,0.0528112789582,0.012
183900.00000000,51.083333333333,0.152998138331,0.152998138331,0.0528091516313,0.012
183960.00000000,51.100000000000,0.152965026342,0.152965026342,0.0528070268412,0.012
184020.00000000,51.116666666667,0.152931940456,0.152931940456,0.0528049045837,0.012
184080.00000000,51.133333333333,0.152898880643,0.152898880643,0.0528027848549,0.012
184140.00000000,51.150000000000,0.152865846869,0.152865846869,0.0528006676507,0.012
184200.00000000,51.166666666667,0.152832839104,0.152832839104,0.0527985529671,0.012
184260.00000000,51.183333333333,0.152799857314,0.152799857314,0.0527964407999,0.012
184320.00000000,51.200000000000,0.152766901469,0.152766901469,0.0527943311451,0.012
184380.00000000,51.216666666667,0.152733971537,0.152733971537,0.0527922239988,0.012
184440.00000000,51.233333333333,0.152701067485,0.152701067485,0.0527901193569,0.012
184500.00000000,51.250000000000,0.152668189281,0.152668189281,0.0527880172154,0.012
184560.00000000,51.266666666667,0.152635336896,0.152635336896,0.0527859175703,0.012
184620.00000000,51.283333333333,0.152602510296,0.152602510296,0.0527838204176,0.012
184680.00000000,51.300000000000,0.15256970945,0.15256970945,0.0527817257533,0.012
184740.00000000,51.316666666667,0.152536934326,0.152536934326,0.0527796335734,0.012
184800.00000000,51.333333333333,0.152504184894,0.152504184894,0.052777543874,0.012
184860.00000000,51.350000000000,0.152471461121,0.152471461121,0.0527754566512,0.012
184920.00000000,51.366666666667,0.152438762977,0.152438762977,0.0527733719008,0.012
184980.00000000,51.383333333333,0.15240609043,0.15240609043,0.0527712896191,0.012
185040.00000000,51.400000000000,0.152373443449,0.152373443449,0.052769209802,0.012
185100.00000000,51.416666666667,0.152340822002,0.152340822002,0.0527671324457,0.012
185160.00000000,51.433333333333,0.152308226059,0.152308226059,0.0527650575462,0.012
185220.00000000,51.450000000000,0.152275655588,0.152275655588,0.0527629850996,0.012
185280.00000000,51.466666666667,0.152243110558,0.152243110558,0.0527609151019,0.012
185340.00000000,51.483333333333,0.152210590939,0.152210590939,0.0527588475494,0.012
185400.00000000,51.500000000000,0.152178096699,0.152178096699,0.0527567824381,0.012
185460.00000000,51.516666666667,0.152145627807,0.152145627807,0.0527547197641,0.012
185520.00000000,51.533333333333,0.152113184233,0.152113184233,0.0527526595235,0.012
185580.00000000,51.550000000000,0.152080765946,0.152080765946,0.0527506017125,0.012
185640.00000000,51.566666666667,0.152048372915,0.152048372915,0.0527485463272,0.012
185700.00000000,51.583333333333,0.15201600511,0.15201600511,0.0527464933637,0.012
185760.00000000,51.600000000000,0.151983662499,0.151983662499,0.0527444428183,0.012
185820.00000000,51.616666666667,0.151951345052,0.151951345052,0.052742394687,0.012
185880.00000000,51.633333333333,0.151919052738,0.151919052738,0.0527403489661,0.012
185940.00000000,51.650000000000,0.151886785528,0.151886785528,0.0527383056517,0.012
186000.00000000,51.666666666667,0.15185454339,0.15185454339,0.05273626474,0.012
186060.00000000,51.683333333333,0.151822326295,0.151822326295,0.0527342262273,0.012
186120.00000000,51.700000000000,0.151790134211,0.151790134211,0.0527321901096,0.012
186180.00000000,51.716666666667,0.151757967109,0.151757967109,0.0527301563832,0.012
186240.00000000,51.733333333333,0.151725824958,0.151725824958,0.0527281250443,0.012
186300.00000000,51.750000000000,0.151693707728,0.151693707728,0.0527260960892,0.012
186360.00000000,51.766666666667,0.151661615389,0.151661615389,0.0527240695141,0.012
186420.00000000,51.783333333333,0.151629547911,0.151629547911,0.0527220453151,0.012
186480.00000000,51.800000000000,0.151597505264,0.151597505264,0.0527200234887,0.012
186540.00000000,51.816666666667,0.151565487417,0.151565487417,0.0527180040309,0.012
186600.00000000,51.833333333333,0.151533494341,0.151533494341,0.0527159869381,0.012
186660.00000000,51.850000000000,0.151501526006,0.151501526006,0.0527139722066,0.012
186720.00000000,51.866666666667,0.151469582382,0.151469582382,0.0527119598325,0.012
186780.00000000,51.883333333333,0.151437663439,0.151437663439,0.0527099498123,0.012
186840.00000000,51.900000000000,0.151405769147,0.151405769147,0.0527079421421,0.012
186900.00000000,51.916666666667,0.151373899477,0.151373899477,0.0527059368183,0.012
186960.00000000,51.933333333333,0.151342054399,0.151342054399,0.0527039338372,0.012
187020.00000000,51.950000000000,0.151310233884,0.151310233884,0.0527019331951,0.012
187080.00000000,51.966666666667,0.151278437901,0.151278437901,0.0526999348883,0.012
187140.00000000,51.983333333333,0.151246666421,0.151246666421,0.0526979389132,0.012
187200.00000000,52.000000000000,0.151214919415,0.151214919415,0.052695945266,0.012
187260.00000000,52.016666666667,0.151183196853,0.151183196853,0.0526939539431,0.012
187320.00000000,52.033333333333,0.151151498706,0.151151498706,0.0526919649409,0.012
187380.00000000,52.050000000000,0.151119824945,0.151119824945,0.0526899782558,0.012
187440.00000000,52.066666666667,0.15108817554,0.15108817554,0.0526879938839,0.012
187500.00000000,52.083333333333,0.151056550462,0.151056550462,0.0526860118219,0.012
187560.00000000,52.100000000000,0.151024949682,0.151024949682,0.0526840320659,0.012
187620.00000000,52.116666666667,0.15099337317,0.15099337317,0.0526820546125,0.012
187680.00000000,52.133333333333,0.150961820898,0.150961820898,0.052680079458,0.012
187740.00000000,52.150000000000,0.150930292836,0.150930292836,0.0526781065987,0.012
187800.00000000,52.166666666667,0.150898788956,0.150898788956,0.0526761360312,0.012
187860.00000000,52.183333333333,0.150867309228,0.150867309228,0.0526741677517,0.012
187920.00000000,52.200000000000,0.150835853624,0.150835853624,0.0526722017568,0.012
187980.00000000,52.216666666667,0.150804422115,0.150804422115,0.0526702380428,0.012
188040.00000000,52.233333333333,0.150773014671,0.150773014671,0.0526682766062,0.012
188100.00000000,52.250000000000,0.150741631264,0.150741631264,0.0526663174435,0.012
188160.00000000,52.266666666667,0.150710271866,0.150710271866,0.052664360551,0.012
188220.00000000,52.283333333333,0.150678936447,0.150678936447,0.0526624059253,0.012
188280.00000000,52.300000000000,0.150647624979,0.150647624979,0.0526604535627,0.012
188340.00000000,52.316666666667,0.150616337434,0.150616337434,0.0526585034598,0.012
188400.00000000,52.333333333333,0.150585073782,0.150585073782,0.052656555613,0.012
188460.00000000,52.350000000000,0.150553833996,0.150553833996,0.0526546100188,0.012
188520.00000000,52.366666666667,0.150522618046,0.150522618046,0.0526526666737,0.012
188580.00000000,52.383333333333,0.150491425905,0.150491425905,0.0526507255742,0.012
188640.00000000,52.400000000000,0.150460257544,0.150460257544,0.0526487867168,0.012
188700.00000000,52.416666666667,0.150429112934,0.150429112934,0.052646850098,0.012
188760.00000000,52.433333333333,0.150397992048,0.150397992048,0.0526449157143,0.012
188820.00000000,52.450000000000,0.150366894857,0.150366894857,0.0526429835622,0.012
188880.00000000,52.466666666667,0.150335821333,0.150335821333,0.0526410536383,0.012
188940.00000000,52.483333333333,0.150304771447,0.150304771447,0.0526391259392,0.012
189000.00000000,52.500000000000,0.150273745173,0.150273745173,0.0526372004612,0.012
189060.00000000,52.516666666667,0.150242742481,0.150242742481,0.0526352772011,0.012
189120.00000000,52.533333333333,0.150211763343,0.150211763343,0.0526333561553,0.012
189180.00000000,52.550000000000,0.150180807732,0.150180807732,0.0526314373204,0.012
189240.00000000,52.566666666667,0.15014987562,0.15014987562,0.052629520693,0.012
189300.00000000,52.583333333333,0.150118966979,0.150118966979,0.0526276062696,0.012
189360.00000000,52.600000000000,0.150088081781,0.150088081781,0.0526256940469,0.012
189420.00000000,52.616666666667,0.150057219997,0.150057219997,0.0526237840214,0.012
189480.00000000,52.633333333333,0.150026381602,0.150026381602,0.0526218761898,0.012
189531.36485349,52.647601348193,0.15,0.15,0.0526202446719,0.012
